year,wgi_control_corruption,wgi_gov_effectiveness,wgi_political_stability,wgi_regulatory_quality,wgi_rule_of_law,wgi_voice_accountability,country
1996,-0.9704328,-0.7345119,-1.4001909,-0.6383112,-0.8671886999999999,-0.4057691,Russian Federation
1998,-0.9161899,-0.8671569,-1.3067304,-0.8033636,-0.9352129,-0.5349587,Russian Federation
2000,-1.0851239,-1.0286026,-1.3108069,-0.7831363,-1.0370572,-0.5487162999999999,Russian Federation
2002,-1.1090206,-0.7825675999999999,-0.8530867999999999,-0.3705029999999999,-0.9367682,-0.3968971,Russian Federation
2003,-1.0015646,-0.7944964999999999,-1.0155684,-0.3141585,-0.9665693,-0.41467,Russian Federation
2004,-0.8915877,-0.6794490999999999,-1.2093351,-0.1538045999999999,-0.7916717,-0.4332329,Russian Federation
2005,-0.9104202,-0.8523204,-1.099717,-0.2338844,-0.9194052,-0.4140656,Russian Federation
2006,-0.9771356,-0.8221012,-0.6963636,-0.3143867999999999,-0.943649,-0.5586627,Russian Federation
2007,-1.0809178,-0.7227308,-0.6218038,-0.1586062,-0.9139767,-0.5325388,Russian Federation
2008,-1.1401949999999998,-0.7626088999999999,-0.4620681,-0.2972532,-0.9754543,-0.4631299,Russian Federation
2009,-1.1618478,-0.8040229,-0.6949206,-0.3406416,-0.9733256,-0.5727011,Russian Federation
2010,-1.0755486,-0.8080704,-0.7128890999999999,-0.3620188,-0.9300496,-0.575656,Russian Federation
2011,-0.9445528,-0.8085635999999999,-0.9405765,-0.3810158999999999,-0.6853724999999999,-0.6074539,Russian Federation
2012,-1.0688997999999998,-0.8315587999999999,-0.9015976,-0.4318993,-0.9650892,-0.8055648999999999,Russian Federation
2013,-1.002184,-0.7385077,-0.8279576,-0.4057335999999999,-0.9151441,-0.8380923,Russian Federation
2014,-0.8876288999999999,-0.1991364,-0.6996599,-0.4501625999999999,-0.8526414,-0.7954283999999999,Russian Federation
2015,-0.9134362,-0.3224346999999999,-0.7905888,-0.5155363,-0.9088341,-0.8091465999999999,Russian Federation
2016,-0.8264543,-0.3261886,-0.7684605,-0.4243033,-0.8670734999999999,-0.7853492,Russian Federation
2017,-0.9134357,-0.2168884999999999,-0.5386198,-0.3965476,-0.8371632,-0.7636404,Russian Federation
2018,-0.8887364999999999,-0.1630088999999999,-0.3681038,-0.357656,-0.8324587999999999,-0.7832809,Russian Federation
2019,-0.7696119,0.0414379,-0.3986491,-0.3542324,-0.8668178999999999,-0.9210517,Russian Federation
2020,-0.7746533,-0.0432286,-0.5068977,-0.4450265,-0.8254091,-0.9044002,Russian Federation
2021,-0.7788442,-0.1170517,-0.5061895,-0.3720054,-0.9027732,-0.9937267,Russian Federation
2022,-0.7728060999999999,-0.2086801999999999,-0.7409395999999999,-0.8919419,-1.0548583,-1.1649609,Russian Federation
2023,-0.8877345,-0.208478,-0.8184163,-0.8889252999999999,-1.0734047,-1.3110562,Russian Federation
2024,-0.8911386,-0.3215539,-0.9032847,-1.0682839,-1.1565185999999998,-1.4221754,Russian Federation
1996,-0.8336705999999999,-0.2559615,-1.2899584,-0.0665817,-0.5238167,-1.3055431,Indonesia
1998,-1.2280262,-0.7423177999999999,-1.693693,-0.5590187999999999,-0.9140445,-1.3771271,Indonesia
2000,-1.0799309,-0.5497447,-1.9052027,-0.4626283,-0.9501841,-0.7009548,Indonesia
2002,-1.3407374,-0.7684151,-1.8442977,-0.5720758,-1.1356188,-0.4071639999999999,Indonesia
2003,-1.2216426,-0.9085265,-2.1269129,-0.5885779,-0.9354149,-0.3891648,Indonesia
2004,-1.1642347,-0.7626847,-1.6568197,-0.5018689,-0.7699807999999999,-0.1950044,Indonesia
2005,-1.1351666,-0.7337593,-1.403589,-0.4030391,-0.7652559999999999,-0.0945227999999999,Indonesia
2006,-0.8969324999999999,-0.5173516,-1.1230422,-0.1787479,-0.6506633,0.0351727,Indonesia
2007,-0.7032079999999999,-0.4571356,-0.8635335,-0.2282939,-0.6264569999999999,0.0678583,Indonesia
2008,-0.5325944,-0.4526811,-0.711286,-0.1516209,-0.5772889,0.0556929,Indonesia
2009,-0.6204124,-0.3302307,-0.6370844999999999,-0.1179653,-0.5530581,0.0446885,Indonesia
2010,-0.6633382999999999,-0.2531404,-0.7784546999999999,-0.1461447,-0.6518311,-0.0204782999999999,Indonesia
2011,-0.6451671,-0.3273953,-0.7510901,-0.1512321999999999,-0.2852312999999999,0.0600519999999999,Indonesia
2012,-0.7724335999999999,-0.2570835999999999,-0.5992727,-0.1792687999999999,-0.3852324,0.0318185,Indonesia
2013,-0.7278943999999999,-0.1633885,-0.6180612,-0.0485665,-0.419998,-0.0085749,Indonesia
2014,-0.7150247,0.3191277999999999,-0.3850081999999999,0.0028168,-0.338428,-0.0006737,Indonesia
2015,-0.5229666,-0.062646,-0.5390218,-0.1393886,-0.3812221,0.0861197,Indonesia
2016,-0.4822575999999999,0.1221929,-0.463383,0.0343509,-0.3218094999999999,0.102893,Indonesia
2017,-0.3767695,0.1565617,-0.5816146,0.1002062,-0.3165999,0.0621221999999999,Indonesia
2018,-0.3381294999999999,0.2534613,-0.5428012,0.0734587999999999,-0.2197187,0.1218045,Indonesia
2019,-0.4278503999999999,0.3122884999999999,-0.5802685,0.1109826999999999,-0.1919729,0.1137856999999999,Indonesia
2020,-0.3456603,0.213754,-0.5399459999999999,0.2247808999999999,-0.1479773,0.1051795,Indonesia
2021,-0.4162134999999999,0.1470804,-0.6496757,0.3421673,-0.1436778,0.0239606,Indonesia
2022,-0.3702139,0.2328093,-0.7624666,0.2811244,-0.1291182,0.0259013999999999,Indonesia
2023,-0.4431661,0.2732116,-0.613745,0.3408081,-0.0817572,-0.0200561,Indonesia
2024,-0.5446152,0.179804,-0.6091274999999999,0.1247201999999999,-0.2065980999999999,-0.1754316,Indonesia
1996,-1.0195375,-0.2701396,-1.1912284,-0.6850718,-0.8762169999999999,-1.1996546,Kenya
1998,-1.1801909,-0.8450595999999999,-1.2950157,-0.5099642,-1.0959866,-1.2624392,Kenya
2000,-0.9754007,-0.8436062,-1.3475172,-0.6593371,-0.9518773,-1.244015,Kenya
2002,-0.9730905,-0.9885635,-1.2330403,-0.2221503,-0.962291,-0.8946611,Kenya
2003,-0.7526162,-1.1042809999999998,-1.2300985,-0.2596713,-0.9121293,-0.4873305,Kenya
2004,-0.8947352,-0.7215366,-0.9416439,-0.3982121999999999,-0.7295068,-0.2607145,Kenya
2005,-1.0460424,-0.7229603,-1.09707,-0.3700978,-0.7380386999999999,-0.2057987,Kenya
2006,-0.946385,-0.6671859,-1.0369132,-0.3344148999999999,-0.7731656,-0.1460813,Kenya
2007,-0.9610262,-0.5239398,-1.4397709,-0.3186137,-0.8625067,-0.2710923,Kenya
2008,-1.0513432,-0.6190145,-1.6211842,-0.3623643,-0.9124338,-0.3707264999999999,Kenya
2009,-1.1084859,-0.6026748,-1.5514921,-0.3937815,-0.9557808,-0.4131881,Kenya
2010,-0.8543664999999999,-0.5014835,-1.3827355,-0.3526400999999999,-0.8769138,-0.3201097,Kenya
2011,-0.9218464,-0.530936,-1.4963456,-0.5228608,-0.8667182999999999,-0.4458657,Kenya
2012,-0.9749478,-0.468612,-1.4931583,-0.5122053999999999,-0.7864458,-0.3543765,Kenya
2013,-0.9346291,-0.4186939999999999,-1.1667366,-0.5061369,-0.7406402,-0.2687045,Kenya
2014,-0.8341786999999999,-0.4155586,-1.2631665,-0.3260229,-0.5508657,-0.195759,Kenya
2015,-0.9711807,-0.3675673,-1.2308131,-0.28953,-0.6423593,-0.2660841,Kenya
2016,-0.9008091,-0.3165796999999999,-1.1791469,-0.2270713999999999,-0.6124632999999999,-0.2881147,Kenya
2017,-0.8985955,-0.3033052,-1.1322093,-0.1985132,-0.5442175,-0.4085002,Kenya
2018,-0.8341484,-0.3449543,-1.1196296,-0.2993553,-0.5107269,-0.5310028,Kenya
2019,-0.8096112999999999,-0.2914418,-1.0751672,-0.3436142,-0.5590088999999999,-0.5001327999999999,Kenya
2020,-0.7505394,-0.3759713,-1.0502651,-0.4601410999999999,-0.5784344,-0.4358175999999999,Kenya
2021,-0.7107878999999999,-0.3468069,-1.1102194,-0.4248134999999999,-0.4456181999999999,-0.4377574999999999,Kenya
2022,-0.751285,-0.3324798,-0.962236,-0.3909087,-0.4245656,-0.2509718999999999,Kenya
2023,-0.7594497,-0.3131112,-0.971652,-0.3986548,-0.4275588999999999,-0.2708269,Kenya
2024,-0.8018297,-0.2978904,-1.3556816,-0.3335684,-0.464532,-0.3542285,Kenya
1996,0.0688334,0.2677542,-0.0382555,-0.7691152,-0.806346,-0.940671,Côte d'Ivoire
1998,-0.4870276,-0.3071658,-0.3327894999999999,-0.4291456999999999,-0.9789926,-0.9934396,Côte d'Ivoire
2000,-0.7462823,-1.1469455,-1.2897456,-1.1396102,-1.2604893,-1.3448981,Côte d'Ivoire
2002,-0.7625117,-1.3137544,-2.2833426,-0.5689951999999999,-1.3787812,-1.3188531,Côte d'Ivoire
2003,-0.8817182,-1.3187700999999998,-2.0672136,-0.6557761999999999,-1.3797079,-1.3283264,Côte d'Ivoire
2004,-1.167954,-1.6168878,-2.2064965,-1.1803905,-1.4491895,-1.4467678,Côte d'Ivoire
2005,-1.2702551,-1.5345441,-2.3486525,-1.115689,-1.5406218,-1.4000496,Côte d'Ivoire
2006,-1.143042,-1.3783377,-1.907647,-0.9511916,-1.4317381999999998,-1.214029,Côte d'Ivoire
2007,-1.0556439,-1.4015618,-1.9248477,-0.9659769,-1.4040723,-1.1765373,Côte d'Ivoire
2008,-0.9172218,-1.3605844,-1.8314441,-0.9337031,-1.3937418,-1.1206325,Côte d'Ivoire
2009,-0.9153277,-1.1486226,-0.9605993,-0.8970193,-1.2252638,-1.0596368,Côte d'Ivoire
2010,-1.0057030999999998,-1.2514065,-1.8498938,-0.9544514,-1.2583646,-1.0250035,Côte d'Ivoire
2011,-0.9073893,-1.20852,-1.6395136,-0.9415677,-1.3422528,-1.0268298,Côte d'Ivoire
2012,-0.835052,-1.0666458,-1.5191192,-0.797894,-1.0393026,-0.838305,Côte d'Ivoire
2013,-0.7559365,-0.9238056,-1.2086343,-0.7101269,-0.9376194,-0.8051769,Côte d'Ivoire
2014,-0.4250952,-0.7218401999999999,-1.0370019,-0.5486818,-0.6596147,-0.6838095,Côte d'Ivoire
2015,-0.4307488,-0.5999604,-0.7838544,-0.4458059,-0.6916479,-0.6026505999999999,Côte d'Ivoire
2016,-0.4714186999999999,-0.6103531999999999,-0.8652379,-0.4435669,-0.6799723999999999,-0.6283040999999999,Côte d'Ivoire
2017,-0.4649251,-0.5958625,-1.0411412,-0.4052154,-0.6942497999999999,-0.5960906,Côte d'Ivoire
2018,-0.4831689999999999,-0.5079239,-0.9182691,-0.297267,-0.6230846,-0.4807617999999999,Côte d'Ivoire
2019,-0.5301004,-0.4891341999999999,-1.0134615,-0.3160613,-0.5998994999999999,-0.4642219999999999,Côte d'Ivoire
2020,-0.4863208,-0.4875808,-1.1671279,-0.3211994999999999,-0.618331,-0.6668069999999999,Côte d'Ivoire
2021,-0.4468769999999999,-0.5005974,-0.8955877999999999,-0.289141,-0.6527655,-0.7085168,Côte d'Ivoire
2022,-0.3703059999999999,-0.354842,-0.7163174999999999,-0.2155259,-0.6021757,-0.6597367,Côte d'Ivoire
2023,-0.3616761,-0.3185096,-0.7874489,-0.1888771,-0.6022948,-0.6434413,Côte d'Ivoire
2024,-0.2850472,-0.3157177,-0.8438331,-0.1669572,-0.5781440999999999,-0.6166747,Côte d'Ivoire
1996,-1.0853559,-0.3326513,-0.0643226,-0.4386123999999999,-0.6741237,-0.9370309,Gabon
1998,-0.889018,-0.6073685,0.138267,-0.0162121,-0.5464678,-1.0448222,Gabon
2000,-0.6951153,-0.6059150999999999,0.3575739,-0.1815097,-0.3341395,-0.9430596,Gabon
2002,-0.6977354,-0.6057994999999999,0.0922328999999999,-0.1673127999999999,-0.3088834,-0.8423117,Gabon
2003,-0.6986292,-0.6117161999999999,-0.1685302,-0.2828663,-0.4037815999999999,-1.0274649,Gabon
2004,-0.8961374999999999,-1.0988503,-0.0109077,-0.625024,-0.4558228,-1.1219823,Gabon
2005,-0.8227409,-1.041666,0.0508534999999999,-0.4182339,-0.4158914999999999,-1.0653616,Gabon
2006,-0.8417922999999999,-0.7785827,0.0509,-0.5483222,-0.714449,-1.0174017,Gabon
2007,-0.9647242,-0.7767769999999999,0.1412457,-0.4859785,-0.6347520999999999,-0.9148736,Gabon
2008,-0.9397956,-0.7753686,0.0709964,-0.4264347,-0.6029711999999999,-0.8324612,Gabon
2009,-0.9398098,-0.6129916999999999,-0.1153276999999999,-0.4637721999999999,-0.6433565,-0.9535197,Gabon
2010,-0.7901273999999999,-0.5813480999999999,-0.0009299999999999,-0.4114898999999999,-0.6043955,-0.8611472,Gabon
2011,-0.7302265,-0.7953663,-0.0247919,-0.5188594,-0.5188891999999999,-0.8986902,Gabon
2012,-0.6847821,-0.9553429,0.0644217,-0.5270081,-0.4691249999999999,-0.8329362,Gabon
2013,-0.6819546,-0.8356498,-0.0012508,-0.6584268,-0.6486187,-0.8732314999999999,Gabon
2014,-0.8308004999999999,-0.6813684,-0.0865664999999999,-0.6875047,-0.6161267,-0.8845052,Gabon
2015,-0.7410648999999999,-0.7023889999999999,-0.1148078,-0.6567197,-0.6346841,-0.8884599999999999,Gabon
2016,-0.6893722999999999,-0.6634804,-0.5345791999999999,-0.6099754,-0.5515620999999999,-0.9227754,Gabon
2017,-0.8701114999999999,-0.8272048,-0.4524644,-0.622216,-0.638817,-0.9842018,Gabon
2018,-0.8201189999999999,-0.7795312999999999,-0.393451,-0.7564955999999999,-0.7730817,-0.9208161,Gabon
2019,-0.8194499,-0.7880906,-0.2805716,-0.8766721,-0.8658418999999999,-0.9184107,Gabon
2020,-0.8043948,-0.8134549,-0.2194997,-0.8995732,-0.9315253,-0.9268989,Gabon
2021,-0.8653289,-0.5886646999999999,-0.28203,-0.8324927999999999,-0.9165415,-0.9523998,Gabon
2022,-1.0035399,-0.5943568,-0.1324826,-0.7600762999999999,-1.0937103,-1.062491,Gabon
2023,-0.9748427,-0.5840974,-0.2702052,-0.7404782,-1.0781643,-1.1549558,Gabon
2024,-0.9367769,-0.5671547,-0.276887,-0.7234577999999999,-1.155705,-1.0208367,Gabon
1996,-0.9078179,-1.8223237,-0.0505752,-1.6018993,-1.0622657,-0.5818247999999999,Comoros
1998,-0.980716,-1.8314512,-0.0499571,-1.5710107999999998,-0.9921516,-0.6450203999999999,Comoros
2000,-0.9709273,-1.3119868,-0.5814672,-1.3850063,-1.4149714,-1.0625451,Comoros
2002,-0.6501245,-0.7954281,-0.1633341999999999,-1.0171786,-0.9198794,-0.4764200999999999,Comoros
2003,-0.6520842,-1.3245877,-0.9681148,-1.3722884,-0.907331,-0.5653184,Comoros
2004,-0.7728661,-1.4426344,-0.5216092999999999,-1.5151211999999998,-1.2322838,-0.6096043999999999,Comoros
2005,-0.8390561999999999,-1.6013118,-0.6919084,-1.5217653999999998,-0.9672455,-0.6491414,Comoros
2006,-0.6322253999999999,-1.5923588,-0.3925696999999999,-1.4136606,-0.9650362,-0.40496,Comoros
2007,-0.634343,-1.5906167,-0.9965116,-1.3710517,-0.9635136,-0.5213913,Comoros
2008,-0.7797098,-1.6707387,-0.9971069,-1.4944894,-1.0346068,-0.5199969999999999,Comoros
2009,-0.8052283,-1.6389712,-0.5059956999999999,-1.5317309,-1.1495004,-0.5694667,Comoros
2010,-0.7950790999999999,-1.6305278,-0.4825094,-1.4802115,-1.0378139,-0.5873859,Comoros
2011,-0.7945742,-1.6969104,-0.5277008,-1.4683113,-1.0345801,-0.5184542,Comoros
2012,-0.7798117,-1.5902603,-0.3950629,-1.4250109,-1.0292356,-0.5483186,Comoros
2013,-0.8220641,-1.527998,-0.2395935,-1.3969175,-0.9649467,-0.6218030999999999,Comoros
2014,-0.8060681,-1.3214626,-0.0153216999999999,-1.2510772,-0.8098073,-0.5966585999999999,Comoros
2015,-0.8467167,-1.4105773,-0.0966781999999999,-1.2404562,-0.7631998,-0.6770906999999999,Comoros
2016,-0.8635472,-1.3535015,-0.2599683,-1.223077,-0.7360739,-0.7086507999999999,Comoros
2017,-0.9443349,-1.2955426,-0.1999982,-1.222602,-0.8244279999999999,-0.7061069999999999,Comoros
2018,-1.023535,-1.313442,-0.407626,-1.2410959,-0.9141433,-0.8163125,Comoros
2019,-1.2697513,-1.3431514999999998,-0.4550338,-1.2136277,-0.981524,-1.1947881,Comoros
2020,-1.3224110999999998,-1.3748589999999998,-0.4562829,-1.2775189,-1.0663536,-1.2150822,Comoros
2021,-1.4088014,-1.5520366,-0.3981267,-1.330504,-1.1021442,-1.2828313999999998,Comoros
2022,-1.3372071,-1.3767923,-0.374766,-1.2493257,-1.1797092999999998,-1.288717,Comoros
2023,-1.1528366,-1.2489279,-0.3743498,-1.2848742,-1.134272,-1.2811985,Comoros
2024,-1.1407826,-1.2085975,-0.2212742999999999,-1.2486088,-1.1308597,-1.2379665,Comoros
1996,0.8660994999999999,0.6157009999999999,-0.5604914,0.1770942999999999,-0.0116072,0.5174968999999999,South Africa
1998,0.7117397999999999,0.3061487,-0.585965,0.4147874,-0.0081801,0.4613521,South Africa
2000,0.4726791999999999,0.4728977,-0.3188879,0.4823622999999999,-0.0123717,0.5127109,South Africa
2002,0.2011763999999999,0.4291216,-0.3584803,0.8125418999999999,0.0731619999999999,0.5125003,South Africa
2003,0.1374477999999999,0.4573858999999999,-0.2533249999999999,0.8420521999999999,0.0936661999999999,0.5898097,South Africa
2004,0.2207295,0.4701652999999999,-0.0156781,0.6369322,0.1326388,0.658616,South Africa
2005,0.3388716,0.4932407,-0.0157871999999999,0.6342862,0.1783305,0.679299,South Africa
2006,0.4594322999999999,0.382498,-0.0093215,0.7044307,0.3066237,0.7125463999999999,South Africa
2007,0.3081368,0.3321647,0.1867521,0.6390174,0.1587318,0.6564637999999999,South Africa
2008,0.1596049,0.3051167999999999,-0.0131431999999999,0.645614,0.0771777999999999,0.6061818,South Africa
2009,0.1056357,0.3762598,-0.0633762,0.6774741,0.0334806,0.6261158,South Africa
2010,0.093303,0.2719786,-0.0522329999999999,0.7034161,0.065012,0.6248859,South Africa
2011,0.1087564999999999,0.3051973,-0.0426331999999999,0.6548859,0.0107578999999999,0.5570984999999999,South Africa
2012,-0.0291711999999999,0.3162949,-0.1220725,0.6421404,0.0103319,0.5381291,South Africa
2013,-0.0335595,0.3334886999999999,-0.2582732,0.6247043999999999,0.0246889,0.5305200999999999,South Africa
2014,-0.0143828,0.331414,-0.2307109,0.4016639999999999,0.0704603,0.5570579999999999,South Africa
2015,0.0114253999999999,0.2444848,-0.3104761,0.2946623,0.0440534,0.5906812,South Africa
2016,0.0306383,0.2013163,-0.3379116,0.2611304,0.0701133,0.5713649,South Africa
2017,-0.0798663999999999,0.2227717,-0.3828321,0.2296786999999999,0.0143383,0.539157,South Africa
2018,-0.0473417999999999,0.148105,-0.2993831999999999,0.0685404999999999,-0.0683312,0.5306103999999999,South Africa
2019,0.0349803,0.1893814999999999,-0.3382564999999999,0.1187999999999999,-0.0749162,0.4911742999999999,South Africa
2020,0.0256676999999999,0.0953251,-0.2489513,0.0899066999999999,-0.0613794,0.5077726,South Africa
2021,0.0645613,0.0420935,-0.7738081,0.0177391,0.1210744999999999,0.6405126999999999,South Africa
2022,-0.1634734,-0.0015597,-0.6842882,-0.0622982,0.0341024,0.5646216,South Africa
2023,-0.2095917,-0.18467,-0.6397104,-0.06209,0.039525,0.5621695,South Africa
2024,-0.1917927999999999,-0.2259135,-0.6171348,-0.0601163,0.017703,0.6072795999999999,South Africa
1996,-0.5845241999999999,-1.307264,-0.9783237,-0.9411217,-1.2165933,-1.5085856,Guinea
1998,-0.845999,-0.9294646,-0.674665,-0.7911556,-1.221153,-1.4637432,Guinea
2000,-0.8520228,-0.9274028,-2.0253344,-0.7865624,-1.2271174,-1.4175125,Guinea
2002,-0.8562871999999999,-1.0001954,-1.8186883,-1.4991451999999998,-1.1562918,-1.4246052,Guinea
2003,-0.8577419,-1.0068843,-1.0722605,-1.6449991,-1.3558964999999998,-1.4729747,Guinea
2004,-0.8823854999999999,-0.8587699,-1.2003159,-1.108769,-1.2683284,-1.2775083,Guinea
2005,-0.888743,-0.8517131,-1.2321228,-0.9725913,-1.3652723999999998,-1.0896578,Guinea
2006,-1.1793284,-1.2749880999999998,-1.83787,-1.1284548,-1.3726267,-1.1945005,Guinea
2007,-1.3699881,-1.2277332,-2.2418868,-1.1532192,-1.418297,-1.331929,Guinea
2008,-1.3149643,-1.1636273,-2.0466453,-1.2030653,-1.5405459,-1.4331516,Guinea
2009,-1.2871445,-1.1868935,-1.8033071,-1.1598167,-1.6295082,-1.3225569,Guinea
2010,-1.2031714,-1.1136703,-1.6907747,-1.1130312,-1.4931823,-0.9521156,Guinea
2011,-1.1443626,-1.1619696,-1.5386607,-1.0667906,-1.4432756999999998,-0.9087159,Guinea
2012,-1.1535446,-1.2211888,-1.4872786999999998,-1.0451097,-1.4443505,-0.9857594,Guinea
2013,-1.1447747,-1.110455,-1.4036079,-1.1032004,-1.4805231,-0.9781818,Guinea
2014,-1.1775585,-1.0008725,-1.168846,-1.0866483,-1.508431,-0.930808,Guinea
2015,-1.097256,-0.9452185,-0.7463171,-0.8658766,-1.1894041,-0.8696754999999999,Guinea
2016,-1.0088286,-0.8784328,-0.5776285999999999,-0.8287186999999999,-1.1407363,-0.8840083999999999,Guinea
2017,-1.0912929999999998,-0.888003,-0.8004070999999999,-0.7873519,-1.1416472,-0.8650766999999999,Guinea
2018,-1.1175524,-0.8380059999999999,-0.9305128,-0.8028236999999999,-1.104063,-0.7865896,Guinea
2019,-0.9231457,-0.6765097,-0.8578817999999999,-0.7927742999999999,-1.0832138999999998,-0.8204037,Guinea
2020,-0.8663898,-0.8118614,-1.0877324,-0.8267359999999999,-1.0962208,-0.8553995999999999,Guinea
2021,-1.0113603,-0.8085939999999999,-1.0159308,-0.9127893,-1.003033,-1.0322931,Guinea
2022,-0.9739553,-0.9248516,-0.8136673999999999,-0.9605377,-1.0553882,-1.0215934,Guinea
2023,-1.0078531,-0.8735118,-0.8765719,-0.9597657,-1.1068782,-1.073023,Guinea
2024,-1.1744528,-0.8881627,-1.0377627,-0.8917271,-1.1479306,-1.209414,Guinea
1996,-1.0103225999999998,-1.307264,-1.7825312999999998,-1.3524727,-1.8769757,-0.9867725,Guinea-Bissau
1998,-1.0090603,-1.3132251,-1.9929872,-1.6136131,-1.8087843,-1.0496274,Guinea-Bissau
2000,-0.8169843,-0.973968,-0.6650421999999999,-1.414994,-1.5750552999999998,-0.8349487,Guinea-Bissau
2002,-1.088014,-0.973804,-0.5779576,-0.9327404,-1.256251,-0.7489011,Guinea-Bissau
2003,-1.1082963,-1.3193929,-0.4942607,-0.9326955,-1.3537084,-1.0373504999999998,Guinea-Bissau
2004,-1.1350203,-1.532916,-0.5076615,-1.4595403999999998,-1.2548711,-0.7424122,Guinea-Bissau
2005,-1.1489973,-1.4154101,-0.5019447,-1.1307137,-1.1520652,-0.4659089999999999,Guinea-Bissau
2006,-1.0742275,-1.0792857,-0.4316723999999999,-1.0362433,-1.1633285,-0.6243639999999999,Guinea-Bissau
2007,-1.1343995999999998,-1.0464922,-0.3779434,-1.087842,-1.2085782,-0.7366456,Guinea-Bissau
2008,-1.1226883,-0.9904376,-0.6272958,-1.1209346999999998,-1.2866782,-0.8032269999999999,Guinea-Bissau
2009,-1.1227048,-0.9508997,-0.5020146,-1.1156837,-1.3164503,-0.7761127,Guinea-Bissau
2010,-1.1224221,-0.9602743,-0.5652463,-1.0805874,-1.3160216,-0.8150278,Guinea-Bissau
2011,-1.1238522,-1.0116558,-0.6382914,-1.1349692999999998,-1.3258959,-0.8540576999999999,Guinea-Bissau
2012,-1.3434781,-1.2131091,-1.038788,-1.3284026,-1.5652773,-1.1860564,Guinea-Bissau
2013,-1.42845,-1.4128950999999998,-0.960841,-1.3739272,-1.6007994,-1.1743736,Guinea-Bissau
2014,-1.5875131999999998,-1.4525813,-0.8814873999999999,-1.2728339,-1.4091451,-0.9246413,Guinea-Bissau
2015,-1.5509685,-1.3953114,-0.5875693,-1.295315,-1.3024083,-0.874814,Guinea-Bissau
2016,-1.5781031,-1.4408280999999998,-0.5084519,-1.2618137,-1.3675385,-0.9005230999999999,Guinea-Bissau
2017,-1.664347,-1.5425984,-0.5820373999999999,-1.2299468,-1.3274637,-0.9402458,Guinea-Bissau
2018,-1.5962069,-1.235343,-0.6493654999999999,-1.2523992,-1.1339259,-0.8088166999999999,Guinea-Bissau
2019,-1.5280722999999998,-1.2804308,-0.4638332,-1.2519804,-1.1439271,-0.6333624,Guinea-Bissau
2020,-1.2993067,-1.2811844,-0.2838803,-1.2914875,-1.1334891,-0.5137328,Guinea-Bissau
2021,-1.2168224,-1.3839632,-0.3001867,-1.3114711,-1.2016468,-0.5278763,Guinea-Bissau
2022,-1.1609749,-1.5281779,-0.3602521999999999,-1.3122353999999998,-1.25159,-0.5873721,Guinea-Bissau
2023,-1.1549527,-1.4517345,-0.3193937,-1.2474915,-1.2070689,-0.6325175,Guinea-Bissau
2024,-1.3460193,-1.3676142,-0.6184394999999999,-1.1903185,-1.2348281,-0.778828,Guinea-Bissau
1996,-0.1834153999999999,0.4056813999999999,0.4604454,-0.0575059,0.6088091999999999,0.0582383,Thailand
1998,-0.1171064,0.0924345999999999,0.4948166,-0.1241654,0.5182612,0.1853317,Thailand
2000,-0.1190676,0.2796884,0.5759091,0.3293765999999999,0.6190078999999999,0.2890332,Thailand
2002,-0.5285957,0.1054802,0.2841788,0.0998766,0.362596,0.3493832,Thailand
2003,-0.55629,0.1883012,-0.1650028999999999,0.1680067999999999,-0.0029901,0.1600234999999999,Thailand
2004,-0.4376627999999999,0.1673729,-0.5992561,0.3068536,-0.0437146999999999,0.0322799999999999,Thailand
2005,-0.3525114,0.2466565999999999,-0.8216996,0.3176707,-0.0533122,-0.0764132,Thailand
2006,-0.4581751,0.1709682,-1.0498077,0.2329060999999999,-0.1788782,-0.6296179,Thailand
2007,-0.2413121,0.1510563,-1.0329101,0.1040205,-0.2147514999999999,-0.5186765,Thailand
2008,-0.3005089999999999,0.1042203999999999,-1.1647166,0.1161174,-0.2254443,-0.464092,Thailand
2009,-0.1693309999999999,0.2394144,-1.1126951,0.2582862999999999,-0.2840722,-0.4569898,Thailand
2010,-0.2171947,0.1380751,-1.2331956,0.1736166999999999,-0.2578229999999999,-0.5764726,Thailand
2011,-0.1472188999999999,0.1220647,-1.1386768,0.1832601999999999,-0.127405,-0.4634779,Thailand
2012,-0.3712467,0.1802694,-1.2212913,0.0807324,-0.1154140999999999,-0.3357868,Thailand
2013,-0.2742545,0.1498463,-1.3578088,0.1317820999999999,-0.2233689999999999,-0.4401542,Thailand
2014,-0.4462935999999999,0.1288639,-1.1368246,0.159735,-0.3978899999999999,-0.8697855999999999,Thailand
2015,-0.5473428,0.0674039,-1.156024,0.2068740999999999,-0.3757008,-0.8491582999999999,Thailand
2016,-0.4087194999999999,0.0943555,-1.1263843999999998,0.1702951999999999,-0.3279698,-0.8553807999999999,Thailand
2017,-0.3709316,0.1567657999999999,-0.9846926,0.2103023,-0.3190283,-0.883774,Thailand
2018,-0.3729339,0.1754360999999999,-0.979869,0.1451222,-0.2986525,-0.9331302,Thailand
2019,-0.3854632,0.1402125,-0.5885313999999999,0.0906488,-0.2002532,-0.8092395,Thailand
2020,-0.3820186,0.1171648999999999,-0.7333386,0.0858661,-0.2036855,-0.8740355999999999,Thailand
2021,-0.3893452,0.2086191,-0.6963747,0.1032064999999999,-0.2575207,-0.8289886,Thailand
2022,-0.4039784999999999,0.2274923999999999,-0.5671596,0.1135856,-0.2682159,-0.7947755,Thailand
2023,-0.4393341999999999,0.3053878,-0.4398775,0.1189790999999999,-0.1956309,-0.654,Thailand
2024,-0.5273456,0.2536394999999999,-0.6833311,0.1064119999999999,-0.2155096,-0.5598404,Thailand
1996,-0.0413473,-0.3029637,-0.7900486999999999,-0.2374814999999999,-0.0853833,-0.1069992999999999,Senegal
1998,0.1549906,-0.5776808999999999,-0.9023783,-0.1448047999999999,-0.0474739999999999,-0.2139298,Senegal
2000,0.1512895,-0.5762275,-0.5885307,-0.1420157,-0.0454952,-0.0419962,Senegal
2002,0.3635809,-0.5402625,-0.4819276999999999,-0.0990321,0.0311347999999999,0.2043079,Senegal
2003,-0.1646497999999999,-0.7534934999999999,-0.4774697,-0.2573671,-0.1818951,0.1382624,Senegal
2004,-0.1539578999999999,-0.6247635,-0.1980260999999999,-0.3846815999999999,-0.1369852,0.1603201,Senegal
2005,-0.1842272999999999,-0.5398674,-0.2606176,-0.3173221,-0.0277204,0.1689727,Senegal
2006,-0.2938212,-0.5239389,-0.2918745,-0.4059009,-0.2240603,0.0745286,Senegal
2007,-0.3662596999999999,-0.4434195999999999,-0.2134309999999999,-0.4223972,-0.1772970999999999,-0.1565268,Senegal
2008,-0.3730448999999999,-0.268235,-0.1839308,-0.3152857,-0.2180774999999999,-0.2124075,Senegal
2009,-0.4445787,-0.3410829999999999,-0.0273215,-0.364481,-0.2903716,-0.2310781999999999,Senegal
2010,-0.5598176,-0.2855436,-0.4324971999999999,-0.3780439,-0.3419317,-0.2539060999999999,Senegal
2011,-0.3719629,-0.250523,-0.333963,-0.3260214999999999,-0.3452903,-0.2735803,Senegal
2012,-0.2609003,-0.2399599999999999,-0.1570391,-0.246143,-0.2019456,-0.062545,Senegal
2013,-0.2217898999999999,-0.1805346,-0.0972566,-0.2291162,-0.2085281,-0.0133834,Senegal
2014,0.0356099999999999,-0.1242113,-0.0890915999999999,-0.2657641,-0.1359198,0.0533403999999999,Senegal
2015,0.0806390999999999,-0.1627129,-0.0746024,-0.1568485,-0.1373394,0.1225947,Senegal
2016,0.0315258,-0.184756,-0.2221015999999999,-0.1640727,-0.0666168,0.1721576,Senegal
2017,-0.0177432,-0.029733,-0.1422197,-0.1871296999999999,-0.1295831999999999,0.0625102,Senegal
2018,0.0271111,-0.0860240999999999,-0.1420966,-0.2225558,-0.1376841,0.0870299,Senegal
2019,-0.0003286999999999,0.1244276999999999,0.0630715999999999,-0.2066424,-0.111789,0.0547521,Senegal
2020,-0.0155587,0.0852361,-0.0271012,-0.2418203,-0.0993883,0.0435201,Senegal
2021,0.0360917,0.1309277999999999,-0.1040585,-0.2406738,-0.1485159,0.0312057,Senegal
2022,0.0169424,0.1203621,-0.2028622,-0.2513172999999999,-0.1356248,0.0142738999999999,Senegal
2023,0.0381077,0.1516215,-0.1534325,-0.2661232,-0.1703347999999999,-0.0061603,Senegal
2024,0.1130413,0.2344127,-0.2285559999999999,-0.2416444999999999,-0.2046739,0.0160801,Senegal
1996,-0.5613152,-1.1113727,-0.9780131,-0.6774749,-0.2035512,-0.9717565,Tanzania
1998,-0.7219685,-0.815372,-0.8642019,-0.5023673,-0.2057186,-0.8516311,Tanzania
2000,-0.7256695999999999,-0.8139185999999999,-1.012628,-0.5087875,-0.384225,-0.8546929999999999,Tanzania
2002,-0.7577636999999999,-0.6803632,-0.6175252,-0.7951387,-0.4575934,-0.6656335,Tanzania
2003,-0.7197376,-0.7768611999999999,-1.0209242,-0.7034851,-0.4440572,-0.6418855,Tanzania
2004,-0.6049574999999999,-0.7137614,-0.6706073,-0.5263274,-0.5070091999999999,-0.4704294,Tanzania
2005,-0.6690655999999999,-0.5367346,-0.5750432999999999,-0.4477914,-0.3577649,-0.3132774,Tanzania
2006,-0.2154179,-0.4249642999999999,-0.383899,-0.3995912,-0.420657,-0.0625256,Tanzania
2007,-0.3125541,-0.4095029,-0.3502593,-0.3966297,-0.370776,0.0102162,Tanzania
2008,-0.3475882999999999,-0.5164704,-0.2456073,-0.4547772,-0.3937892,-0.0612763999999999,Tanzania
2009,-0.3744225,-0.4605749999999999,0.0190977,-0.4190298999999999,-0.3642540999999999,-0.0593649999999999,Tanzania
2010,-0.4933732999999999,-0.4529236,-0.05765,-0.4198204,-0.3820022999999999,-0.0955584,Tanzania
2011,-0.5267179,-0.4921374999999999,-0.159101,-0.4341536,-0.382105,-0.0643784999999999,Tanzania
2012,-0.6184419,-0.6013172999999999,-0.1246002,-0.4848855999999999,-0.4354758999999999,-0.1452958,Tanzania
2013,-0.6530961,-0.572305,-0.4223495,-0.4353965999999999,-0.4934870999999999,-0.1810193,Tanzania
2014,-0.6311616,-0.4823648,-0.5068917,-0.4227479999999999,-0.464479,-0.1672837999999999,Tanzania
2015,-0.5825641,-0.3870031,-0.4767834999999999,-0.4349890999999999,-0.4023419,-0.1943605,Tanzania
2016,-0.4354617,-0.3515643,-0.537573,-0.4133538,-0.4380446999999999,-0.2801714999999999,Tanzania
2017,-0.3504596,-0.357548,-0.6838297999999999,-0.5552419,-0.4868001999999999,-0.3177506,Tanzania
2018,-0.3396123,-0.4659659,-0.6641680999999999,-0.6465065999999999,-0.5520727,-0.4280458,Tanzania
2019,-0.2829332,-0.5098718,-0.5522151,-0.6926103,-0.5728339,-0.4837730999999999,Tanzania
2020,-0.2540505,-0.4883765,-0.6629379,-0.7243573,-0.5651902999999999,-0.5969078,Tanzania
2021,-0.351543,-0.4868408999999999,-0.5751002,-0.6753391999999999,-0.5650588,-0.709892,Tanzania
2022,-0.3590925,-0.4272501999999999,-0.4815853,-0.6111276999999999,-0.5495819,-0.685317,Tanzania
2023,-0.346236,-0.4051306999999999,-0.2367117,-0.5906321,-0.4944742,-0.6271363,Tanzania
2024,-0.2941052,-0.2924507,-0.3895961,-0.5353705,-0.5194228,-0.6449938,Tanzania
1996,-0.2148661999999999,-0.0324486,-0.6095455,-0.642087,-0.2889734,-0.3691786999999999,Ghana
1998,-0.5731233,-0.3071658,-0.6059312,-0.3021176,-0.4973006,-0.3896717999999999,Ghana
2000,-0.0109083,-0.0680212999999999,-0.4701511,-0.1226001999999999,-0.1613038,-0.1709219,Ghana
2002,-0.3000833,-0.2240366999999999,-0.2418341,-0.7400067,-0.0673975,-0.1315019,Ghana
2003,-0.3194152,-0.4389192999999999,-0.2165147999999999,-0.6965098,-0.1615689,-0.0284494,Ghana
2004,-0.3390642,-0.3962772,-0.1177496,-0.4937082,-0.1891663999999999,0.1774719,Ghana
2005,-0.4199254,-0.2673342999999999,0.0517114,-0.2995163,-0.0514475,0.2985231,Ghana
2006,-0.1130597,0.0739642,-0.0780160999999999,-0.085492,0.2121295,0.539261,Ghana
2007,-0.0943405,0.0561228,-0.1161254999999999,-0.0650193999999999,0.1996048,0.5927153,Ghana
2008,-0.0856728,0.0686849,-0.145694,-0.0288747,0.0965169999999999,0.49634,Ghana
2009,-0.0172755,0.078926,0.1366056,0.005539,0.0402314999999999,0.5417809,Ghana
2010,0.0661022,0.0369136,-0.0543989999999999,-0.0073250999999999,0.0192559,0.5375983,Ghana
2011,0.0550801999999999,0.0061563,0.0898514,-0.0260614999999999,0.1772022999999999,0.5108169,Ghana
2012,-0.0180774,0.0221723,0.0333979,-0.0164951,0.1657171999999999,0.5280831,Ghana
2013,-0.0209075,-0.0886218999999999,0.0303364,-0.0348948,0.2017795,0.4680726999999999,Ghana
2014,-0.1952286,-0.0881126,-0.0929878,-0.1382604,0.1435263,0.4460774999999999,Ghana
2015,-0.2762732,-0.085856,-0.0228697,-0.1261719,0.2011809,0.3876991999999999,Ghana
2016,-0.2465555999999999,0.0177698,-0.128208,-0.2411721,0.2040095999999999,0.37094,Ghana
2017,-0.2759026,0.0366096999999999,0.0663948999999999,-0.1635273,0.2800282,0.4517344,Ghana
2018,-0.1402247999999999,-0.0138733,-0.032042,-0.1688204999999999,0.1999324999999999,0.37686,Ghana
2019,-0.0994456,-0.0546834,0.0133996999999999,-0.1935344,0.1177125,0.3201061,Ghana
2020,-0.0922532,-0.0103657,0.0588855,-0.1601259,0.1110047,0.2829496999999999,Ghana
2021,-0.1554389,-0.0445107,-0.1622488,-0.1880837,0.0415219,0.2068363,Ghana
2022,-0.0967234999999999,-0.0662946,-0.1877453,-0.1621235,0.0021348,0.1697154,Ghana
2023,-0.1303327,-0.0177779,-0.0688107,-0.159406,-0.0029916,0.17051,Ghana
2024,-0.1934794,0.0595795999999999,0.0114605,-0.0898549,0.0539695,0.2043162,Ghana
1996,-0.2644045,-0.2447752,-0.9656444,-0.6386341,0.2184830999999999,0.3134723,India
1998,-0.1548337,-0.4484838,-1.0558979,-0.5863328,0.1953286,0.3142366,India
2000,-0.2110909,-0.5480326,-0.9733951,-0.3746035,0.2604152,0.2627985,India
2002,-0.5564837,-0.4818453,-1.2778882,-0.3896177999999999,-0.0434055999999999,0.3144249,India
2003,-0.5475555999999999,-0.4274791,-1.4209267,-0.441382,0.0275527,0.332765,India
2004,-0.3879804,-0.1952701,-1.0339705,-0.2047551,0.0575144,0.3455786999999999,India
2005,-0.4094793,-0.1809739,-0.8561375,-0.1774736999999999,0.1692787999999999,0.4298512,India
2006,-0.2300042,-0.1259439,-0.8196652,-0.1925709,0.2268876,0.5500503,India
2007,-0.3273709999999999,-0.0160503,-0.8184973,-0.2088541,0.1942209,0.5529107999999999,India
2008,-0.2950408,-0.1554864,-0.7693557,-0.2663175,0.1618552,0.5070475999999999,India
2009,-0.3452533,-0.0934347,-0.9139549,-0.2438041,0.1502929999999999,0.4657167,India
2010,-0.3618247,-0.1141476999999999,-0.9423192,-0.277761,0.0630896,0.3954553,India
2011,-0.4906967,-0.0726295,-1.1659038,-0.3395793,-0.0132833999999999,0.3687833,India
2012,-0.5029878,-0.0887591,-1.1572568,-0.3740965,-0.1308812,0.2744516999999999,India
2013,-0.4708017,-0.0587027,-1.1709039,-0.3722425,-0.1159615,0.3021831,India
2014,-0.4139641,-0.0134938,-0.8175165999999999,-0.3809018999999999,-0.1656361999999999,0.2647595,India
2015,-0.3449931,0.3968483,-0.7619187,-0.3303195,-0.1374229,0.2973847,India
2016,-0.2852229,0.3761224999999999,-0.7362183,-0.2535746,-0.0823440999999999,0.304626,India
2017,-0.2244224,0.3527821,-0.5721113999999999,-0.2158266999999999,-0.0399917,0.2554492,India
2018,-0.2079644,0.5015296,-0.6785888,-0.1555625,0.0203339999999999,0.2032285999999999,India
2019,-0.2183329,0.5054858,-0.5904661999999999,-0.0981205,-0.0201063,0.1106301,India
2020,-0.2544870999999999,0.3492893999999999,-0.7206311999999999,-0.1486534,-0.1029725,0.056762,India
2021,-0.300757,0.2400136,-0.6015988,-0.1699148999999999,-0.1841026,-0.0956843999999999,India
2022,-0.2924866,0.3392525999999999,-0.7535037,-0.087658,-0.1104884,-0.0982654999999999,India
2023,-0.3353176,0.422603,-0.837974,-0.1271699,-0.0879069,-0.142948,India
2024,-0.2953362,0.4046051,-0.7857624999999999,-0.0960695999999999,-0.0392287,-0.0789293,India
1996,-0.2248408999999999,0.1994573999999999,0.0293704999999999,0.235173,0.1293667,0.4329194999999999,Argentina
1998,-0.4174837999999999,0.0657575,-0.1305793999999999,0.3453943,0.0341532,0.3265416,Argentina
2000,-0.3051156,0.0107824,-0.0569482,-0.1029398,-0.160553,0.4422783999999999,Argentina
2002,-0.56214,-0.2252558999999999,-0.6587134,-0.9549711,-0.8048742999999999,0.3330067,Argentina
2003,-0.5482237999999999,-0.1358752,-0.2505519,-0.8463938999999999,-0.7831395999999999,0.4198369999999999,Argentina
2004,-0.4054833,-0.0238339999999999,-0.3284653999999999,-0.6710565,-0.6604823,0.4802196999999999,Argentina
2005,-0.3890799,0.0133479999999999,0.0832070999999999,-0.5984456,-0.4127937,0.510876,Argentina
2006,-0.3208517999999999,0.0518902,0.0814603,-0.6421161,-0.4448966,0.5096456,Argentina
2007,-0.4042866,0.0008548999999999,0.2041085,-0.6471966,-0.4644969,0.5040718,Argentina
2008,-0.4137763,-0.0710406,0.0112562,-0.6633654,-0.6782140999999999,0.4084075,Argentina
2009,-0.3970066,-0.0584798999999999,-0.1847801,-0.7799309999999999,-0.6305261,0.3882056,Argentina
2010,-0.3672971,0.0072362999999999,-0.0975562,-0.7577834,-0.5170484,0.4439986999999999,Argentina
2011,-0.3396354,0.0717304,0.1203533,-0.7069559,-0.4685103,0.3421553,Argentina
2012,-0.5168142,0.0013935,0.0804879,-0.8410325999999999,-0.5151067,0.3112012,Argentina
2013,-0.517294,-0.0162574999999999,0.0324742,-0.835456,-0.5758327,0.2479510999999999,Argentina
2014,-0.6660539,0.1781781999999999,-0.0132091,-1.012746,-0.7299737,0.3052787,Argentina
2015,-0.6451359999999999,0.1187015,-0.0308863,-0.7973254,-0.4673204999999999,0.3678174999999999,Argentina
2016,-0.2193628,0.3427634,0.1932708,-0.2527044,-0.2365898,0.4495505999999999,Argentina
2017,-0.1781415999999999,0.2956525,0.2394066,-0.1203619,-0.1725045999999999,0.5819915,Argentina
2018,-0.0057354,0.257748,0.1204378,-0.1901334999999999,-0.2022099,0.6297742,Argentina
2019,-0.0847054,0.2629574,0.0571577,-0.4491082999999999,-0.3381255999999999,0.5979723,Argentina
2020,-0.1344697,0.148927,0.0552500999999999,-0.5471843,-0.2905496999999999,0.5903064,Argentina
2021,-0.3273298,0.1125651,0.0921998,-0.5840242999999999,-0.303899,0.5235453999999999,Argentina
2022,-0.3402325,0.1085858,0.0576437999999999,-0.5792423,-0.2913485,0.4969087,Argentina
2023,-0.3540783999999999,0.0614730999999999,-0.0207671,-0.5065132,-0.2377737999999999,0.49616,Argentina
2024,-0.3257079,0.1837479,-0.1697459999999999,-0.2350259999999999,-0.2513801,0.385552,Argentina
1996,0.3518450999999999,0.7731110999999999,0.376776,0.4603764999999999,0.5043567999999999,-0.6063501,Malaysia
1998,0.1266807,0.7309536999999999,-0.0807152999999999,0.3917479,0.2018982,-0.6828681,Malaysia
2000,0.1485516,0.8746596999999999,0.0161148999999999,0.4097445999999999,-0.0264614,-0.8673493999999999,Malaysia
2002,0.0229281,0.9197187,0.3662257,0.5675736,0.2232436,-0.6218648,Malaysia
2003,0.1430371,0.9352283,0.3617264,0.7165568999999999,0.3410072,-0.4508324999999999,Malaysia
2004,0.1525683,0.8416173,0.1553244,0.5752967999999999,0.3711285,-0.4750985,Malaysia
2005,0.0332139,0.7787883999999999,0.4092882,0.5598434,0.2772333999999999,-0.3806414999999999,Malaysia
2006,0.1145548,0.8257169999999999,0.2101206,0.6788801999999999,0.3835036,-0.3556457999999999,Malaysia
2007,0.05892,0.8924989999999999,0.158114,0.7212038,0.2985608999999999,-0.3809345999999999,Malaysia
2008,-0.0949358,0.7810638999999999,0.1350346,0.6129114999999999,0.2195174,-0.4031884,Malaysia
2009,-0.1462104,0.7061109,0.0283292999999999,0.5057859,0.2116536,-0.3870416,Malaysia
2010,-0.0491702,0.9606573,0.1752998999999999,0.6535173,0.2255439,-0.2505399,Malaysia
2011,0.0660407,0.9015908,0.0582972,0.5248522999999999,0.1386142,-0.2990577,Malaysia
2012,0.1532346,0.8762495,-0.0196796999999999,0.754922,0.2392426,-0.3845057,Malaysia
2013,0.2159569999999999,0.8710349,-0.0428372,0.8446929999999999,0.1917655999999999,-0.397625,Malaysia
2014,0.2951747999999999,0.9192375,0.0879800999999999,0.8827965,0.2420724,-0.4098159999999999,Malaysia
2015,0.2439906999999999,0.8365268,0.0447869,0.7623928,0.1141707999999999,-0.4440462,Malaysia
2016,0.1034428,0.7772776,-0.0158376,0.729094,0.098701,-0.4559705,Malaysia
2017,0.0731841,0.7610752,-0.011848,0.7662251999999999,0.1306432,-0.4206464,Malaysia
2018,0.4935414999999999,0.8592295999999999,0.1769644,0.7479363,0.2863953999999999,-0.1773200999999999,Malaysia
2019,0.4609032999999999,0.8172716,0.1608891999999999,0.7557539999999999,0.3389272,-0.0505939,Malaysia
2020,0.420523,0.8675225999999999,0.1400703999999999,0.637551,0.3499705999999999,-0.1578862,Malaysia
2021,0.3015023,0.8036415,0.196108,0.7295908,0.3016338,-0.2516963,Malaysia
2022,0.3710292,0.7857271,0.2483001,0.6557653999999999,0.2952941,-0.1529312,Malaysia
2023,0.380697,0.7474757999999999,0.2281849,0.588407,0.3016842999999999,-0.1658995,Malaysia
2024,0.4983973,0.9147725,0.3847799,0.6804759,0.3451357,-0.1267194999999999,Malaysia
1996,-1.1564696,-0.5406548,-1.4196289,-0.6380289,-0.4566375,-0.974779,Pakistan
1998,-0.8007442,-0.5448568,-1.3211412,-0.8069569999999999,-0.8504778,-1.0279154,Pakistan
2000,-0.9743969,-0.5434034,-1.1873447,-0.9614331,-1.0634936,-1.355986,Pakistan
2002,-0.9135442,-0.6066986999999999,-1.6400553999999998,-0.9188664,-0.9386971,-1.2265651,Pakistan
2003,-0.9225643,-0.793561,-1.5829175,-0.9357016,-1.0085098,-1.1962586,Pakistan
2004,-1.0879191,-0.6574624,-1.5558398999999998,-1.0151869,-1.0013333,-1.2460172,Pakistan
2005,-1.0743073,-0.6434103999999999,-1.7357942,-0.5838514,-0.9201855,-1.1248172,Pakistan
2006,-0.8810819,-0.5367579,-1.8752024,-0.4707100999999999,-0.7828206999999999,-0.9079499,Pakistan
2007,-0.8461031999999999,-0.5280229,-2.3006211999999997,-0.5229792999999999,-0.8002429999999999,-0.9927729,Pakistan
2008,-1.0382107,-0.7930155,-2.4251193,-0.6345983,-0.9724115,-0.9642662,Pakistan
2009,-1.1784502,-0.7786638,-2.1981254999999997,-0.6691879,-0.8926248,-0.936045,Pakistan
2010,-1.2022076,-0.7771494,-2.4586916999999997,-0.6877422999999999,-0.8136536,-0.8759869,Pakistan
2011,-1.2203431,-0.8257262,-2.7114561,-0.7580939999999999,-1.1504900999999998,-0.9662494,Pakistan
2012,-1.2451953999999998,-0.6500644999999999,-2.6807174,-0.80848,-1.0639182,-0.9572693,Pakistan
2013,-1.1290617,-0.6600164,-2.6678365,-0.8058791,-1.0488128,-0.932626,Pakistan
2014,-1.0043761,-0.6822115,-2.4621614999999997,-0.7484896,-0.970695,-0.8714681,Pakistan
2015,-0.981117,-0.6105847,-2.4299435,-0.6860082,-0.9148283,-0.8331014,Pakistan
2016,-0.9729255,-0.5304516,-2.3350493,-0.6596324,-0.9129583,-0.8238114999999999,Pakistan
2017,-0.935034,-0.4213336,-2.2184098,-0.6642218999999999,-0.8654801999999999,-0.8186114,Pakistan
2018,-0.9640896,-0.5073375999999999,-1.9857782,-0.6623047999999999,-0.8396216,-0.8294349,Pakistan
2019,-0.9714617,-0.4968027,-1.9293422,-0.6202662999999999,-0.8122676,-0.9036869,Pakistan
2020,-0.9370003,-0.6149667999999999,-1.5881564,-0.7006155,-0.8129660999999999,-0.8727743,Pakistan
2021,-0.9061812,-0.5170351,-1.6496402,-0.6543467,-0.8231206,-0.9211047,Pakistan
2022,-0.9459689,-0.682084,-1.7555938,-0.7653493,-0.9108794,-0.9699194,Pakistan
2023,-1.0461855,-0.6585378,-1.9403838,-0.8219841999999999,-1.0042887,-1.0251755,Pakistan
2024,-1.0656237,-0.6003273,-2.0634311,-0.7928043,-1.017096,-1.1663298,Pakistan
1996,-0.1050425,-0.002761,-0.3921728,-0.3628971,0.4363129,-0.6577039,Morocco
1998,-0.0906577,-0.006963,-0.0087862,-0.0229276,0.252351,-0.4565816,Morocco
2000,-0.2831165,-0.0055096,-0.3789177999999999,-0.0201385,0.2141976,-0.7033455,Morocco
2002,-0.123071,-0.2675859,-0.3083776,-0.2390429,-0.1580799,-0.5924178,Morocco
2003,-0.3936459,-0.2984293,-0.4523723,-0.2386893,-0.3429218,-0.7032743,Morocco
2004,-0.3883585,-0.3771806,-0.3813317,-0.3138614999999999,-0.2119047,-0.6339203,Morocco
2005,-0.5205989,-0.5017545999999999,-0.5634806,-0.4958568,-0.4379494,-0.7196764999999999,Morocco
2006,-0.3493154,-0.3257233,-0.3798256,-0.1473941,-0.3782659,-0.631904,Morocco
2007,-0.3077874,-0.2764328,-0.4138396,-0.0858921,-0.3834633,-0.645029,Morocco
2008,-0.3770822,-0.3040519,-0.5121647,-0.0413585999999999,-0.4672058999999999,-0.7007192999999999,Morocco
2009,-0.3848958,-0.2775582,-0.4275208,0.0292961,-0.4139992999999999,-0.7054983,Morocco
2010,-0.3011276,-0.1168913999999999,-0.4404693999999999,0.0236411999999999,-0.3848819,-0.5290341,Morocco
2011,-0.5058263,-0.1652959,-0.5060194,-0.0756699,-0.3819676999999999,-0.5468459999999999,Morocco
2012,-0.5029325,-0.2011827,-0.5760215,-0.0055365,-0.3317303,-0.5882097,Morocco
2013,-0.4173212,-0.2189575,-0.6954656,0.0197468999999999,-0.4333613,-0.7073083,Morocco
2014,-0.4165717,-0.2696224,-0.4094598,0.0501017,-0.3724931999999999,-0.6694114,Morocco
2015,-0.3520551999999999,-0.2363813,-0.4546654,0.0585252,-0.3687701,-0.6459636,Morocco
2016,-0.3146541,-0.1396764,-0.4710854,0.0139184,-0.2935249,-0.5720272,Morocco
2017,-0.3911459,-0.2631327,-0.5065227,0.0044748,-0.3713857,-0.6220770999999999,Morocco
2018,-0.4751422999999999,-0.3161959,-0.4264507999999999,-0.1157961,-0.3248223,-0.6930849,Morocco
2019,-0.4256593999999999,-0.1333028,-0.3903994999999999,0.0271992,-0.3198643,-0.6666584,Morocco
2020,-0.4085519999999999,-0.0577221999999999,-0.4094491999999999,0.0648279,-0.3146628999999999,-0.6956447,Morocco
2021,-0.4783966,-0.1241745,-0.4686437,-0.0751135,-0.4447944,-0.696885,Morocco
2022,-0.4879114,-0.1200179,-0.492008,-0.0811815999999999,-0.4491939,-0.6956057,Morocco
2023,-0.5521901,-0.0188320999999999,-0.5349771999999999,-0.0473438,-0.3934002,-0.7258593,Morocco
2024,-0.5186913,0.1763558999999999,-0.4408003,-0.0266854999999999,-0.3678036,-0.7267049999999999,Morocco
1996,-0.6307227,-0.7486581999999999,-2.0349494,-0.8988005,-0.9458618,-1.1494732,Algeria
1998,-0.9889799,-0.7825479,-2.1232672999999997,-0.9709855,-1.1010212,-1.3934704999999998,Algeria
2000,-1.0443964,-1.0812973,-1.6027185,-0.8268561,-1.2303648,-1.2201219,Algeria
2002,-0.9941078,-0.7183695999999999,-1.7340249,-0.6972374,-0.6344911,-0.9687397,Algeria
2003,-0.8163111,-0.8617248,-1.6466235,-0.7089021999999999,-0.6343434,-1.0578764,Algeria
2004,-0.8390331,-0.6807829999999999,-1.3060631,-0.609134,-0.6302403999999999,-0.7740773,Algeria
2005,-0.6215313,-0.6847363,-0.8578446,-0.6243901,-0.7434341999999999,-0.7045427999999999,Algeria
2006,-0.4436557,-0.7349677,-1.055417,-0.5132168,-0.7722123,-0.7064358,Algeria
2007,-0.479348,-0.7517159,-1.0604958,-0.4402714,-0.7353577,-0.7409331,Algeria
2008,-0.5819677,-0.7243628,-0.9964923,-0.5662990999999999,-0.7542884999999999,-0.7790961,Algeria
2009,-0.6151584,-0.6983821,-1.1803406,-0.7719014,-0.7992988,-0.8581734999999999,Algeria
2010,-0.3918564,-0.6027467,-1.3176698999999998,-0.9696248,-0.7700849,-0.8855445,Algeria
2011,-0.4094732,-0.7223980999999999,-1.4362269,-1.134794,-0.833268,-0.8882416999999999,Algeria
2012,-0.4537430999999999,-0.6595196999999999,-1.2861441,-1.088001,-0.8202805999999999,-0.838695,Algeria
2013,-0.4058013,-0.5509556,-1.3382043,-0.7990613999999999,-0.7149392,-0.8264644,Algeria
2014,-0.6220502,-0.3152327,-1.1769102,-1.0284052,-0.8361166999999999,-0.7248832,Algeria
2015,-0.6299526,-0.3555636,-1.049624,-0.9107414,-0.8774318,-0.7257138999999999,Algeria
2016,-0.6412808,-0.4244363,-1.1245845,-0.9245888,-0.8605940999999999,-0.776438,Algeria
2017,-0.5404682,-0.5231578,-0.9295046,-0.945914,-0.8676221,-0.7899309999999999,Algeria
2018,-0.5385135999999999,-0.2892145,-0.6370211,-1.0402376,-0.8535828999999999,-0.8950813,Algeria
2019,-0.6205459999999999,-0.315897,-1.0625274999999998,-1.1291834,-0.8457302999999999,-1.0557838,Algeria
2020,-0.6356345999999999,-0.2693237,-0.8837332999999999,-1.0810329,-0.7746944,-1.067081,Algeria
2021,-0.6509952,-0.4641151,-0.9009933,-0.9720042,-0.7553319,-1.0429601,Algeria
2022,-0.6430769,-0.2671351,-0.8074555,-0.8782506,-0.798385,-1.073884,Algeria
2023,-0.6397452,-0.3555609999999999,-0.7317401,-0.7856434,-0.7329544,-1.0493737,Algeria
2024,-0.5933952,-0.2511914,-0.6935882,-0.7526468,-0.6967772,-1.0484061,Algeria
1996,0.0908216,-0.3029637,-1.8915437,-0.2804661,0.1203902999999999,-0.3413997,Sri Lanka
1998,0.0895557,-0.6073685,-1.6650455,-0.0910463,-0.0780435999999999,-0.3147682,Sri Lanka
2000,-0.0608854,-0.4898791999999999,-1.9678201,-0.1556278999999999,0.0901701999999999,-0.4213310999999999,Sri Lanka
2002,-0.1750525,-0.1141382,-1.0484749,0.1044782,0.2385499999999999,-0.2220561999999999,Sri Lanka
2003,-0.2136698,-0.3891401,-1.0793401,0.0019383999999999,0.1664561,-0.1955927999999999,Sri Lanka
2004,-0.0555028,-0.4611783,-1.1602654,-0.051586,0.1531296999999999,-0.2436627999999999,Sri Lanka
2005,-0.2423442999999999,-0.356012,-1.1869001,-0.1915531999999999,0.0958266,-0.2359775999999999,Sri Lanka
2006,-0.2264760999999999,-0.2889263999999999,-1.4554966,-0.1809646999999999,0.0668889999999999,-0.3091773,Sri Lanka
2007,-0.1378825,-0.2217118,-1.6920216,-0.1170914,0.0145896999999999,-0.420543,Sri Lanka
2008,-0.2673436999999999,-0.2277659,-1.6597233,-0.186027,-0.1853816999999999,-0.5534271,Sri Lanka
2009,-0.1917813,-0.0956118,-1.1197381,-0.147503,-0.1520232,-0.5220711,Sri Lanka
2010,-0.2614436,-0.185523,-0.7790239999999999,-0.0753803,-0.2305758,-0.6730638999999999,Sri Lanka
2011,-0.2480769,-0.1636119,-0.7674257,0.0210493,-0.2864777,-0.6857175,Sri Lanka
2012,-0.3066483,-0.1739743,-0.9606693,0.0071890999999999,-0.1436392,-0.6157646,Sri Lanka
2013,-0.3103438,-0.1437062,-0.8585581,-0.0763977,-0.3561281,-0.6563987,Sri Lanka
2014,-0.4501459,0.1397088,-0.5535979999999999,-0.0063463,-0.3605151,-0.6947438,Sri Lanka
2015,-0.3413605,0.0898368,-0.0885947,0.0306456999999999,-0.1105131999999999,-0.3869354,Sri Lanka
2016,-0.2510246,-0.0370534999999999,-0.1436337,-0.0445476,-0.1066651,-0.2523055999999999,Sri Lanka
2017,-0.3078327999999999,-0.0698946,-0.1791212999999999,-0.1170039,-0.1116598999999999,-0.2390228999999999,Sri Lanka
2018,-0.2047049,-0.0975670999999999,-0.2597255,-0.1897983,-0.0575940999999999,-0.1864964999999999,Sri Lanka
2019,-0.1639347,-0.0713311,-0.1737980999999999,-0.186002,-0.0781005999999999,-0.1819405,Sri Lanka
2020,-0.2760375,-0.1134357,-0.1154138,-0.1122765,-0.1909487,-0.1576417,Sri Lanka
2021,-0.3367364,-0.2353399,-0.510938,-0.1629445,-0.2315397,-0.2581614,Sri Lanka
2022,-0.3533578,-0.5037830999999999,-0.7621199,-0.456906,-0.3299184,-0.3638182,Sri Lanka
2023,-0.3868314,-0.2845545,-0.670013,-0.3799918,-0.31553,-0.3761779999999999,Sri Lanka
2024,-0.3847708999999999,-0.2745215,-0.3503023999999999,-0.2992134999999999,-0.2577461,-0.1260254999999999,Sri Lanka
1996,-0.5232773,-0.7897088,-0.4907785999999999,-0.6389313999999999,0.0150975,-0.3941095,Nepal
1998,-0.5260528,-0.7988362999999999,-0.8297528,-0.6165936,0.0154855,-0.4865492999999999,Nepal
2000,-0.5326757999999999,-0.7956793,-1.3925858,-0.738946,-0.3509356999999999,-0.5741679,Nepal
2002,-0.5220089,-1.0473603,-1.9045021,-0.6175961999999999,-0.6714971,-0.9560013,Nepal
2003,-0.3414469,-1.0566051,-2.1384565,-0.6897536,-0.7063252999999999,-0.5575436,Nepal
2004,-0.9235359,-0.7174016,-2.1116627,-0.6054303999999999,-0.8475638,-0.9703791,Nepal
2005,-0.8728543999999999,-0.9213844,-2.1457885,-0.4938229999999999,-0.8865765,-1.0005929,Nepal
2006,-0.735571,-1.0330024,-1.8669857,-0.5144183,-0.7085482,-0.6445443,Nepal
2007,-0.7834808999999999,-0.946673,-1.8213249,-0.5037311999999999,-0.6984973,-0.3701383,Nepal
2008,-0.8631829,-1.0164892,-1.8469133,-0.6423609,-0.7479876999999999,-0.3972395999999999,Nepal
2009,-0.7575980999999999,-0.7872136,-1.6385607,-0.7285532,-0.809673,-0.4329802,Nepal
2010,-0.7276754999999999,-0.6925409,-1.5990906,-0.8355484999999999,-0.9479279,-0.4811359,Nepal
2011,-0.8315433,-0.7963154,-1.5205463,-0.8068972,-0.8779526,-0.4260539,Nepal
2012,-0.9736551,-1.1094999,-1.4781419,-0.7926961,-0.594797,-0.4868227,Nepal
2013,-0.9181893,-1.0517978,-1.2264145,-0.8136878999999999,-0.6010709,-0.3737706999999999,Nepal
2014,-0.8428983,-0.8952954,-0.8435975,-0.7167857999999999,-0.5761514999999999,-0.3204742,Nepal
2015,-0.8308293999999999,-1.1633738999999998,-1.0154123,-0.6993283,-0.5990489,-0.32513,Nepal
2016,-0.8461694999999999,-0.9818725,-0.9210801,-0.6483257,-0.5665318,-0.2440407,Nepal
2017,-0.781145,-0.9277366,-0.5502541,-0.6569100999999999,-0.4439383999999999,-0.1836874,Nepal
2018,-0.7384128,-0.9143987,-0.4957865999999999,-0.5915737,-0.3671878999999999,-0.1223765999999999,Nepal
2019,-0.7367895,-1.1116758,-0.4056357,-0.5734193,-0.4127847,-0.1752100999999999,Nepal
2020,-0.7011569999999999,-1.0263856,-0.2503055999999999,-0.6639499999999999,-0.3725321,-0.1316182,Nepal
2021,-0.6245204999999999,-0.9460782,-0.2520173,-0.6375284,-0.3560122,-0.1442262,Nepal
2022,-0.6520503999999999,-0.9545158,-0.3755496,-0.5966637,-0.3340683,-0.0989531,Nepal
2023,-0.6292198999999999,-0.8440479999999999,-0.312959,-0.6072877999999999,-0.3365421,-0.0530459999999999,Nepal
2024,-0.632602,-0.8845295,-0.4146133999999999,-0.5523334999999999,-0.3036533999999999,-0.0597655,Nepal
1996,-0.8720895999999999,-0.81117,-0.7319877,-1.1594086,-0.9202554,-0.3178901,Bangladesh
1998,-0.8733555,-0.5448568,-0.6596660999999999,-1.1507752,-0.9232084,-0.3487191,Bangladesh
2000,-1.1399628,-0.8710785,-0.8125629999999999,-1.1903623,-1.1178221,-0.4422507,Bangladesh
2002,-1.4493199,-0.8543124,-1.2449478,-1.122179,-1.123872,-0.6603344,Bangladesh
2003,-1.4630795,-1.0668967,-1.2322975,-1.0667105,-1.1776115,-0.7159456,Bangladesh
2004,-1.5156931,-0.906057,-1.3285917,-1.1173147,-1.036981,-0.6209494,Bangladesh
2005,-1.4632376,-0.894647,-1.7911255,-0.9816339,-0.9517502,-0.5562359,Bangladesh
2006,-1.4299077999999998,-0.9439661,-1.6643404,-0.8740542,-1.01093,-0.5125054,Bangladesh
2007,-1.1475412,-0.8728241,-1.5675758,-0.8672299,-0.8842511,-0.507764,Bangladesh
2008,-0.9484057,-0.844899,-1.476262,-0.8632719,-0.8298732999999999,-0.4683266,Bangladesh
2009,-0.9111494,-0.8145983,-1.5105305999999998,-0.8053009999999999,-0.8215673,-0.3228609,Bangladesh
2010,-1.0218466,-0.8070767999999999,-1.4437712,-0.8368896,-0.8477644,-0.3150938,Bangladesh
2011,-1.0523775,-0.8372577,-1.4544464,-0.8270946,-0.6998395,-0.4084443,Bangladesh
2012,-1.1213329,-0.7988014,-1.4690337,-0.978782,-0.9887756,-0.6126210999999999,Bangladesh
2013,-1.1326018,-0.7739056999999999,-1.771799,-0.9494963,-0.9749211,-0.7048021999999999,Bangladesh
2014,-1.1845563,-0.6851605,-1.0510112,-0.8964974,-0.8518574999999999,-0.7886759999999999,Bangladesh
2015,-1.0798121,-0.6547007,-1.331635,-0.7768094999999999,-0.8569260999999999,-0.8770251,Bangladesh
2016,-1.0667924,-0.5337691,-1.3416192,-0.7592301,-0.9068902,-0.9333668,Bangladesh
2017,-1.062185,-0.573203,-1.3289506,-0.7430899,-0.924305,-0.9168972,Bangladesh
2018,-1.0964787,-0.6193938,-1.0251718,-0.7854912,-0.9096266,-0.9623517,Bangladesh
2019,-1.1006451,-0.5970582,-0.996755,-0.8895369,-0.9419472,-0.9898354,Bangladesh
2020,-1.0760577999999998,-0.7213698,-1.0151848,-0.8942304,-0.8969166,-1.0048373,Bangladesh
2021,-1.0928915,-0.5638993999999999,-1.0535518,-0.8711764999999999,-0.9749149,-1.0567803999999998,Bangladesh
2022,-1.1783486,-0.62345,-1.0954422,-0.9240476,-0.9736413,-1.0722362,Bangladesh
2023,-1.1987203,-0.5574534,-1.0359445,-0.9009111,-0.9020256,-1.1354298,Bangladesh
2024,-1.1021569,-0.6189745999999999,-1.4629508999999998,-0.9500708,-0.9600594,-1.1608036,Bangladesh
1996,-0.8256045999999999,-1.3490638,-0.1186795,-0.6272072,-0.4599043,-0.6581791,Zambia
1998,-0.8234682,-1.3532658,0.0332176,-0.3553563999999999,-0.4620717,-0.7308047,Zambia
2000,-0.9273562,-1.3518124,0.0286968999999999,-0.4366105999999999,-0.416429,-0.7084391,Zambia
2002,-0.8018168,-1.0635366,-0.3705858999999999,-0.8378325,-0.3450802,-0.4898445999999999,Zambia
2003,-0.8093897999999999,-1.2111566,-0.1153273,-0.8198232,-0.4106307999999999,-0.469278,Zambia
2004,-0.6055574,-1.0241145,-0.1571999,-0.7052006,-0.4700626,-0.4143132,Zambia
2005,-0.6039344999999999,-0.9222126,-0.0427972,-0.6028530999999999,-0.3854022,-0.2671045999999999,Zambia
2006,-0.392071,-0.9621106,0.2636446,-0.6561883,-0.4591177999999999,-0.1297308,Zambia
2007,-0.3472209,-0.8891344999999999,0.2841868999999999,-0.5029355999999999,-0.4112994,-0.1302971,Zambia
2008,-0.3459068999999999,-0.8077746,0.2479510999999999,-0.434088,-0.33141,-0.0959493999999999,Zambia
2009,-0.3090289,-0.7010666999999999,0.3834136999999999,-0.4296641,-0.3426566,-0.1238199,Zambia
2010,-0.369043,-0.7193465,0.3740582,-0.507259,-0.3793404999999999,-0.130017,Zambia
2011,-0.2736369999999999,-0.5109032,0.3931832999999999,-0.4914638999999999,-0.3239675999999999,-0.0852077,Zambia
2012,-0.2693225999999999,-0.5002823,0.4568964,-0.5087396,-0.4889225,-0.2007846999999999,Zambia
2013,-0.305174,-0.5312298999999999,0.3124934,-0.5262063,-0.4100551,-0.1595829,Zambia
2014,-0.3904034999999999,-0.4462427,-0.0580544,-0.4418594999999999,-0.4213975,-0.1726245,Zambia
2015,-0.3951758999999999,-0.529713,0.0822748,-0.3822742,-0.3560318,-0.1935444999999999,Zambia
2016,-0.4238309999999999,-0.5286172,-0.2072561,-0.4540807,-0.4033579,-0.3155544999999999,Zambia
2017,-0.4640611999999999,-0.4632758999999999,-0.2111019999999999,-0.4527959,-0.4504641,-0.3690594,Zambia
2018,-0.6165275,-0.5019925,-0.2916638,-0.4373501999999999,-0.4817744,-0.4726786,Zambia
2019,-0.6455711,-0.6197185,-0.3690652,-0.5087837,-0.5911550999999999,-0.482359,Zambia
2020,-0.6050749,-0.7343493,-0.3679359,-0.6127925,-0.6567755,-0.4695453,Zambia
2021,-0.6928953,-0.7266708,-0.1582771999999999,-0.5122202,-0.6026535,-0.5563406,Zambia
2022,-0.4180775,-0.5899419,0.0456325999999999,-0.45732,-0.6313823,-0.3860043999999999,Zambia
2023,-0.39812,-0.5628206,-0.0111463999999999,-0.4654920999999999,-0.6089819,-0.3736237,Zambia
2024,-0.4568294,-0.5330555,-0.1007849,-0.4206611999999999,-0.5611771,-0.4075688999999999,Zambia
1996,-0.3666101,0.5351329,0.1381462,-0.1467225999999999,-0.2537650999999999,-0.9874442,Tunisia
1998,-0.367876,0.5309307999999999,0.161138,0.1092033999999999,-0.2559324,-1.1269146,Tunisia
2000,-0.3715771,0.5323842,0.2330162999999999,0.1119925,-0.2573577999999999,-1.0718469,Tunisia
2002,-0.0488823,0.4587510999999999,0.0705368,-0.0626854999999999,-0.2485417999999999,-1.1327473,Tunisia
2003,-0.2307968,0.2272092,0.2633531,0.0056435,-0.3720485,-1.1181003,Tunisia
2004,-0.1547903,0.2763063,-0.0348107999999999,-0.0919895,-0.160185,-1.1589049,Tunisia
2005,-0.2831211,0.267202,-0.0900783,-0.1538909,-0.2641906,-1.1830123,Tunisia
2006,-0.0584308999999999,0.5228632,-0.0234038,0.2702596,-0.1243504999999999,-1.1313758,Tunisia
2007,-0.1142204999999999,0.5739597,0.0095281999999999,0.2365949,-0.1480114,-1.1760633,Tunisia
2008,-0.2982598999999999,0.5209222,-0.1120969999999999,0.2710289999999999,-0.1086208999999999,-1.145074,Tunisia
2009,-0.2882811,0.5437486,-0.1205591999999999,0.2524283,-0.1372617,-1.2131109,Tunisia
2010,-0.1941292,0.3519779999999999,-0.255652,0.0242836,-0.2174925999999999,-1.3079675,Tunisia
2011,0.0506999999999999,0.1431788,-0.3780941,-0.2172419,-0.4029909,-0.2588911,Tunisia
2012,0.0016466,0.1317565,-0.6736599999999999,-0.1699356,-0.175204,-0.1419583999999999,Tunisia
2013,-0.0117731,-0.0619573,-0.8919899,-0.2318848999999999,-0.2216627,-0.1185523,Tunisia
2014,0.012509,-0.0117935,-0.6013407,-0.3534173,-0.1522773999999999,0.1393126999999999,Tunisia
2015,-0.0143711,-0.0139338999999999,-0.681206,-0.3763478999999999,-0.1094928,0.1947392,Tunisia
2016,-0.0577612999999999,-0.0573078,-0.8275855,-0.4256004,-0.1019524,0.2143651,Tunisia
2017,-0.0490023999999999,0.0523774,-0.7432926,-0.1203534999999999,-0.0902866,0.1035864,Tunisia
2018,0.0013373999999999,0.1031301999999999,-0.5600278,-0.1170001,-0.0574128,0.0853087,Tunisia
2019,-0.0286669999999999,0.0551904,-0.5613583,-0.143639,-0.0268576999999999,0.1076116999999999,Tunisia
2020,-0.019263,-0.0327607,-0.4326193,-0.1095893,-0.0116452999999999,0.1060573,Tunisia
2021,-0.1415165,-0.0145066999999999,-0.6668946,-0.1994700999999999,-0.0151282999999999,-0.0624493999999999,Tunisia
2022,-0.1992466,-0.1524479,-0.7395623,-0.3336702,-0.2367932999999999,-0.4152501999999999,Tunisia
2023,-0.1923610999999999,-0.1684668,-0.776038,-0.4344534,-0.3148235,-0.5053628,Tunisia
2024,-0.2201545999999999,-0.2393469,-0.9248175,-0.3901173,-0.3644942,-0.6837111,Tunisia
1996,-0.6581789,-0.4136033,-0.8016,0.1693645,-0.686834,-0.0326496,Mexico
1998,-0.4125420999999999,0.0376533,-0.3811671,0.2688993,-0.6620642999999999,0.0274516,Mexico
2000,-0.052013,0.0182799999999999,-0.0676808,0.265601,-0.5434,0.1643504999999999,Mexico
2002,-0.3231180999999999,-0.3151304,-0.1388043,0.5430047,-0.2878254,0.2942606,Mexico
2003,-0.3217358999999999,-0.2703012999999999,-0.0924325999999999,0.5160342,-0.2396114999999999,0.3394357,Mexico
2004,-0.4561652,-0.2433608,-0.1538786999999999,0.3851401,-0.1818945,0.4314852999999999,Mexico
2005,-0.4324373999999999,-0.1302682,-0.3587092,0.3326887,-0.2086303,0.4327973,Mexico
2006,-0.3379787999999999,-0.0851155,-0.5961789,0.3855941,-0.2086418,0.3267985,Mexico
2007,-0.4025576999999999,-0.1597858999999999,-0.6336248,0.359664,-0.2930473,0.2914444,Mexico
2008,-0.3871309,0.0066137999999999,-0.74551,0.3449351,-0.5412926,0.2666715,Mexico
2009,-0.3160119999999999,0.103917,-0.7909518,0.3417056,-0.4784662999999999,0.3465962999999999,Mexico
2010,-0.383217,-0.0704234,-0.8229063,0.1160395999999999,-0.5089477,0.302969,Mexico
2011,-0.4247504,0.0989004,-0.7251572,0.1727168999999999,-0.6179783999999999,0.1509914,Mexico
2012,-0.4579567,0.1981929999999999,-0.8010179,0.2864858,-0.5948829,0.1613289,Mexico
2013,-0.5312775,0.2228276,-0.8044532999999999,0.2862274999999999,-0.6475514,0.1404409999999999,Mexico
2014,-0.7528978,0.131427,-0.9596586,0.2083406,-0.5831095,0.0591695,Mexico
2015,-0.8409038999999999,0.0999956999999999,-0.8922633999999999,0.1825598,-0.6829719,-0.0649057,Mexico
2016,-0.8211672,0.1280596,-0.8339120999999999,0.1610393,-0.6675924999999999,-0.09985,Mexico
2017,-0.9481326,0.0099863,-1.0455954,0.1640815,-0.7300047,-0.1417561,Mexico
2018,-0.9427494,-0.0269292,-0.9273168,-0.0031766999999999,-0.8062687,-0.0473499999999999,Mexico
2019,-0.8896518,-0.0086684999999999,-0.8974274,-0.0417639999999999,-0.8760117,-0.0639434,Mexico
2020,-0.853792,-0.0462657999999999,-0.7772933,-0.1196879,-0.9866652,-0.0915771,Mexico
2021,-0.8733867,-0.0457428999999999,-0.7362046999999999,-0.1912821999999999,-1.0248188,-0.17373,Mexico
2022,-0.8757541,-0.0874176,-0.5890439,-0.156337,-1.0822517,-0.2405284999999999,Mexico
2023,-0.9321625,-0.0748651999999999,-0.5984727,-0.1760497,-1.0777054,-0.2517507,Mexico
2024,-0.9408772,-0.2199329,-0.7154541,-0.1957883,-1.1538644999999998,-0.338295,Mexico
1996,-0.2888679,0.1434166999999999,-0.9542311,-0.1352065,-0.1278568,-0.3062373,Turkiye
1998,-0.5889955,-0.2913524,-0.9921065,0.1031402999999999,-0.1881788999999999,-0.7565145,Turkiye
2000,-0.3526635999999999,-0.2793402,-0.5271918999999999,0.2149671,-0.0436953999999999,-0.5259877,Turkiye
2002,-0.3621285999999999,-0.0763253,-0.4967605,0.0360877999999999,-0.1245323,-0.2871699,Turkiye
2003,-0.1638257,-0.1220871999999999,-0.6244676,0.0851509,-0.0124827999999999,-0.0679306,Turkiye
2004,-0.1644536,0.0811852,-0.6779818,-0.0314,0.1375742,0.0503854,Turkiye
2005,-0.0714981,0.0498399999999999,-0.3737719,0.1284345,0.16326,0.1100507,Turkiye
2006,0.0500441,0.0791776999999999,-0.3387985,0.2843555,0.1476259999999999,0.0920966999999999,Turkiye
2007,0.074927,0.1916776,-0.5833298,0.3245614,0.1250365,-0.0470796999999999,Turkiye
2008,0.0490014999999999,0.1301583,-0.6045113999999999,0.3175233,0.103572,0.0035253999999999,Turkiye
2009,0.0307792,0.2313188,-0.5522929999999999,0.3810079,0.0681247,0.0543002,Turkiye
2010,0.0487911,0.2639953,-0.5486911,0.3744714999999999,0.0494591,-0.0271714999999999,Turkiye
2011,0.0464783999999999,0.3221463,-0.6966163,0.3816131,-0.0879284999999999,-0.1932915,Turkiye
2012,0.1585192,0.3847741999999999,-0.9196869,0.4714134,-0.1061886,-0.1955663,Turkiye
2013,0.1399698,0.3007251999999999,-1.0321782,0.4789095,-0.1149216,-0.3049498,Turkiye
2014,-0.1089047,0.4793163,-0.7998074,0.368902,-0.3611001,-0.4843587,Turkiye
2015,-0.1063785,0.3331512,-1.1093489,0.2171826,-0.4773732,-0.5858025,Turkiye
2016,-0.0845918,0.2092275999999999,-1.7801696,0.1543102999999999,-0.5458731,-0.719495,Turkiye
2017,-0.0665516,0.2874577,-1.7062318,0.1437150999999999,-0.615377,-0.7843764999999999,Turkiye
2018,-0.2317166,0.0477840999999999,-1.1241116,0.0517730999999999,-0.7089454,-0.9511579,Turkiye
2019,-0.1801871,0.2099076,-1.1924541,-0.0157501,-0.5970473,-0.9058771,Turkiye
2020,-0.3242268,0.070917,-1.0396051,-0.1651388,-0.7099447999999999,-0.9536477,Turkiye
2021,-0.3992138,0.0250833,-0.9721057,-0.1231337999999999,-0.7753443999999999,-1.0031695,Turkiye
2022,-0.4324578,-0.0247938999999999,-0.9350336,-0.2291466999999999,-0.7798318,-1.0955858,Turkiye
2023,-0.4374572,-0.1140849999999999,-0.884477,-0.2108777,-0.7992334999999999,-1.0826785,Turkiye
2024,-0.5632153,-0.0707153,-0.9707105,-0.2112376,-0.8434149,-1.09467,Turkiye
1996,-0.3548232,-0.1678317,-0.6124493999999999,-0.0122898,-0.0199003,0.0031887,Philippines
1998,-0.2641975,-0.0311481999999999,-0.5778416,0.1816514,0.0053638,0.1901129,Philippines
2000,-0.6204556,-0.3125616,-1.4413357999999998,-0.0383351,-0.4767982999999999,0.0590343,Philippines
2002,-0.7011590999999999,-0.3913156,-1.0320493,-0.1674842,-0.3912492999999999,0.0578604999999999,Philippines
2003,-0.6453601999999999,-0.4188308,-1.5732442,-0.1020846,-0.5644443,-0.0795290999999999,Philippines
2004,-0.6581410999999999,-0.2602502,-1.5795106,-0.0696963999999999,-0.5201484,-0.0560031,Philippines
2005,-0.7396311999999999,-0.1470565,-1.1762537,0.1743161,-0.3474568999999999,-0.0342663999999999,Philippines
2006,-0.6610347999999999,-0.0535938,-1.4720731,0.157936,-0.4146501999999999,-0.0995708999999999,Philippines
2007,-0.6865834,0.0343449,-1.4430777,0.1586479999999999,-0.4498061,-0.0878404,Philippines
2008,-0.6874488,-0.0220572,-1.6629672,0.075357,-0.5502355999999999,-0.1571072,Philippines
2009,-0.8274589,-0.0291995,-1.6270742,0.0167422,-0.6324434999999999,-0.1299899,Philippines
2010,-0.7820844,-0.0031122,-1.5826192,-0.0305694,-0.6511728999999999,-0.1658965,Philippines
2011,-0.5655338999999999,0.0797874,-1.3804409,0.0117513,-0.5225183,-0.1258736,Philippines
2012,-0.633583,0.2234507999999999,-1.1706826,0.1322558999999999,-0.4882631,-0.1182307,Philippines
2013,-0.4981708999999999,0.2427987999999999,-1.0944308,0.0316296,-0.4699791,-0.0599001,Philippines
2014,-0.5826913,0.4543872,-0.805762,0.0596485,-0.3610228,0.0760846999999999,Philippines
2015,-0.5904252999999999,0.4080209999999999,-0.9268186,0.0878094,-0.4299627,0.0294153999999999,Philippines
2016,-0.613111,0.2499538999999999,-1.4376683,0.1261455,-0.4729561,0.0246541999999999,Philippines
2017,-0.636865,0.1764345,-1.2792545,0.1368136,-0.5912855,-0.0946328999999999,Philippines
2018,-0.6388345,0.2184254,-1.0667774,-0.0051077,-0.6398018,-0.1655678,Philippines
2019,-0.6111557,0.1818096,-1.0094929,0.0586419,-0.647098,-0.1868756999999999,Philippines
2020,-0.5392618,0.1815124,-0.9415427,0.0141421,-0.6331335,-0.2661611,Philippines
2021,-0.5743865,0.1562797,-1.0935816,0.0148496,-0.6736731,-0.3746338999999999,Philippines
2022,-0.5774689,0.0357928999999999,-0.8990423999999999,0.0048008999999999,-0.6321996,-0.3442518,Philippines
2023,-0.5690313,0.1018162,-0.709066,0.0633741,-0.6011586999999999,-0.363659,Philippines
2024,-0.5766165,0.1445214,-0.7741477,0.0792961,-0.5739681,-0.3554363,Philippines
1996,-1.2424102,-1.3618338,-0.3527126,-0.6679486,-1.4202500999999998,-1.2933296,Kazakhstan
1998,-0.9384553,-1.0827506999999998,0.0667855,-0.7054359,-1.1382498,-1.0700865,Kazakhstan
2000,-1.2084641,-1.0960203,0.09126,-0.7662314,-1.2041605,-1.2706492,Kazakhstan
2002,-1.2720543,-1.1296621999999998,0.2486883,-1.0182681999999998,-1.0054771,-0.9972339,Kazakhstan
2003,-1.2728152,-1.1338646,0.3519678,-0.8605155999999999,-1.0076814,-0.9638536,Kazakhstan
2004,-1.1610946,-0.9256831,-0.0886632,-0.8387300999999999,-0.9648704,-1.0126437,Kazakhstan
2005,-1.087526,-0.9470669,0.0846972,-0.5786196,-0.8380354999999999,-0.8989204,Kazakhstan
2006,-1.2051616,-0.9172701,0.0939860999999999,-0.427037,-0.9283745,-0.8520724,Kazakhstan
2007,-1.2166727,-0.9265416,0.5055201,-0.4277090999999999,-0.8239194999999999,-0.7969788999999999,Kazakhstan
2008,-1.0246822,-0.8344328,0.4720784999999999,-0.2820625,-0.790813,-0.6883351,Kazakhstan
2009,-0.9908614,-0.7609,0.6995969,-0.3978898999999999,-0.7351078,-0.7305086,Kazakhstan
2010,-0.9891057,-0.7934049,0.4331905,-0.3591992,-0.7753761,-0.7718332999999999,Kazakhstan
2011,-0.8894339,-0.749787,-0.4304921,-0.3110066999999999,-0.5864784,-0.7953408,Kazakhstan
2012,-0.912828,-0.6199698,-0.3923638,-0.3353459,-0.643061,-0.8886362999999999,Kazakhstan
2013,-0.9287508,-0.5895608,-0.4514259,-0.3372732,-0.6798183999999999,-0.9945294,Kazakhstan
2014,-0.842471,-0.006638,0.0295973,-0.1482337,-0.5977257,-0.9080485,Kazakhstan
2015,-0.8337886,-0.011417,0.0342151,-0.0714085,-0.4919324,-0.7909976999999999,Kazakhstan
2016,-0.7865395,-0.1075078,-0.0865605,-0.1353542999999999,-0.5109376999999999,-0.8250537,Kazakhstan
2017,-0.7427939,0.0122759999999999,-0.0563947,0.0833098999999999,-0.4614698,-0.9065213,Kazakhstan
2018,-0.5048657,-0.1036204,-0.1086366,0.0552752,-0.3704992,-0.8029,Kazakhstan
2019,-0.207193,0.0590993,-0.2210639999999999,0.1127249999999999,-0.4309701999999999,-0.9427464,Kazakhstan
2020,-0.2881195,0.0522732,-0.2842993,0.0538786999999999,-0.4154444,-0.8846303,Kazakhstan
2021,-0.2698189,0.017817,-0.2325504,0.0132366999999999,-0.4655785,-0.8581561,Kazakhstan
2022,-0.1920096,0.1603392,-0.5795614,-0.0640574,-0.4406376999999999,-0.8774668,Kazakhstan
2023,-0.2223164,0.1520225,-0.2021045,0.0054918,-0.3777888,-0.8634651,Kazakhstan
2024,-0.0670902999999999,0.1467640999999999,-0.2827558,0.0470549,-0.3815477,-0.8157128,Kazakhstan
1996,-0.3307815,-0.3128288999999999,-0.1153939,-0.3310381,-0.5345321,-1.5975164,China
1998,-0.4335183999999999,-0.4381683999999999,-0.3548565999999999,-0.3920847999999999,-0.4966817999999999,-1.6117797,China
2000,-0.5104071,-0.4964127,-0.2665282,-0.2763203999999999,-0.6100298,-1.5932923,China
2002,-0.5858007,-0.5173673999999999,-0.4590725,-0.6181034,-0.6505266,-1.6349929,China
2003,-0.5215173,-0.5050608999999999,-0.5750816,-0.5718516,-0.7507446,-1.5929088999999998,China
2004,-0.6390924,-0.3548072,-0.4494343999999999,-0.3199809,-0.7216823,-1.5572199,China
2005,-0.667396,-0.4690918,-0.5590294,-0.2755885999999999,-0.8350576,-1.4771405,China
2006,-0.6865856,-0.3960377,-0.5305461,-0.1592207,-0.8515222,-1.4501031,China
2007,-0.614178,-0.2451268999999999,-0.5003284,-0.1438419,-0.72761,-1.4652921,China
2008,-0.5068522999999999,-0.1403096,-0.5532334999999999,-0.0727936,-0.6949801999999999,-1.4917954,China
2009,-0.5795465,-0.1483199999999999,-0.3106434999999999,-0.1393260999999999,-0.7010099,-1.4838711999999998,China
2010,-0.5891592,-0.1269778,-0.6176124,-0.1275767,-0.7004332,-1.4951521,China
2011,-0.4401164999999999,-0.104167,-0.6326472,-0.0991737999999999,-0.5970818,-1.3691389,China
2012,-0.5068203,-0.1320097999999999,-0.6177714,-0.2489079,-0.6914988999999999,-1.455172,China
2013,-0.4580204,-0.1410284,-0.5627312,-0.2625719999999999,-0.7950212999999999,-1.4723262,China
2014,-0.3014404,0.4896285999999999,-0.5238560999999999,-0.1691285,-0.6904443,-1.3647981,China
2015,-0.1750814,0.5336101,-0.5462433,-0.1789518,-0.6620808,-1.3924056,China
2016,-0.092968,0.5431889999999999,-0.5014417999999999,-0.1479137999999999,-0.6211726,-1.3897969,China
2017,-0.0492492,0.5787616999999999,-0.203288,-0.0708427,-0.5354403,-1.3804523,China
2018,-0.0701512,0.5311035,-0.2370035999999999,-0.0905581,-0.5204445,-1.4520217,China
2019,-0.0496157999999999,0.6706546999999999,-0.1385886999999999,-0.0619233999999999,-0.5515574,-1.5025339,China
2020,0.0531166999999999,0.5674971999999999,-0.3026612999999999,-0.0666201,-0.5093696,-1.5422682,China
2021,0.0556852,0.6669455999999999,-0.259168,-0.0246937,-0.5386195,-1.6136948999999998,China
2022,0.0432332,0.5292387,-0.2490581999999999,-0.0908271,-0.5638643999999999,-1.6167147,China
2023,0.1138225,0.7776287,-0.1744514999999999,-0.0818839,-0.5522606999999999,-1.6467018999999998,China
2024,0.0886811,0.8957841999999999,-0.1533363999999999,-0.0712903,-0.5793197999999999,-1.6531931,China
1996,-0.5147524,-0.0528413,-2.0040205,-0.3002389,-0.8696204,-0.6150076999999999,Colombia
1998,-0.5918542,-0.4557812,-2.1730509,-0.3396647,-0.797549,-0.5647694,Colombia
2000,-0.6209161999999999,-0.4859849,-2.1081402,-0.2420244,-1.051231,-0.5922271,Colombia
2002,-0.2334001,-0.7687469,-2.3753425,-0.0425074,-0.8070425999999999,-0.4840006,Colombia
2003,-0.1782410999999999,-0.4180993,-2.3338791999999997,-0.0177115999999999,-0.7606776,-0.4809283,Colombia
2004,-0.0738815999999999,-0.2488421999999999,-1.987788,-0.0323592,-0.5322335,-0.2483938,Colombia
2005,-0.1001814999999999,-0.3124671,-1.9999771,0.0559857999999999,-0.5597229,-0.2388351,Colombia
2006,-0.2025515,-0.2040904999999999,-1.833559,0.0977446,-0.5528143999999999,-0.1726639999999999,Colombia
2007,-0.2642695,-0.1895281,-1.616164,0.1335010999999999,-0.4394776999999999,-0.1246963,Colombia
2008,-0.2301046,-0.1818918,-1.6443009,0.2356723,-0.4087231,-0.1170257,Colombia
2009,-0.2895662,-0.2490387,-1.5641906,0.0558238999999999,-0.4629502,-0.1398022,Colombia
2010,-0.3761084999999999,-0.1486694,-1.3306958,0.056311,-0.3609874999999999,-0.1461791,Colombia
2011,-0.2066749,-0.0530657,-1.1659142,0.2180915,-0.3902442,-0.0089158,Colombia
2012,-0.4099866,-0.1049843999999999,-1.3314327,0.221908,-0.4476642999999999,-0.0525201,Colombia
2013,-0.4412340999999999,-0.0488964999999999,-1.2990938,0.2360812,-0.4836865999999999,-0.112052,Colombia
2014,-0.3713217,-0.2072724,-0.9953313,0.2562706999999999,-0.4114652,-0.0568228999999999,Colombia
2015,-0.3173369,-0.134012,-0.9555119,0.3094831999999999,-0.3995338,0.0168067,Colombia
2016,-0.3694889,-0.1150665999999999,-0.8735480999999999,0.2729461999999999,-0.3488186,0.0341417,Colombia
2017,-0.410863,-0.1489232,-0.7799484999999999,0.1683573,-0.3653829,0.020767,Colombia
2018,-0.3185939,-0.1139280999999999,-0.6655618999999999,0.1088539999999999,-0.4220108999999999,0.0817099999999999,Colombia
2019,-0.272275,-0.0738128,-0.9052968,0.2323351,-0.4527570999999999,0.0805217999999999,Colombia
2020,-0.2564638999999999,-0.082969,-0.6819314,0.1608389999999999,-0.4824955999999999,0.0627933,Colombia
2021,-0.2697452999999999,-0.0318011,-1.0147831,0.2365791,-0.506983,-0.0098546,Colombia
2022,-0.2564002999999999,0.0015825,-0.809182,0.1864212999999999,-0.5296476,0.0288542,Colombia
2023,-0.3090048999999999,-0.0421246,-0.7993485,0.1365735,-0.5648803,0.0303931,Colombia
2024,-0.2937197,-0.1110990999999999,-0.9708732,0.0133922,-0.5597434,0.034564,Colombia
1996,0.1194143999999999,0.0175672999999999,-0.0325198,-0.1070223,-0.3408545,0.2728291,Brazil
1998,0.1677642,-0.1804286,-0.1033815999999999,0.0692395,-0.3697997999999999,0.2710228,Brazil
2000,0.1106033,-0.161961,0.3964531,0.0857225,-0.3664949999999999,0.2885598,Brazil
2002,0.0977714,-0.0536477,0.3357229,0.0920433,-0.3005311,0.4840152,Brazil
2003,0.0538006,-0.1177711999999999,0.1101752,0.1883429999999999,-0.3873300999999999,0.489488,Brazil
2004,-0.1041692999999999,-0.2171343999999999,-0.2198219,0.0364364,-0.2921475,0.4728433999999999,Brazil
2005,-0.2471615999999999,-0.3449277,-0.1740759,0.0948275,-0.3517713,0.5823979,Brazil
2006,-0.2132725999999999,-0.378799,-0.2563589,0.0008242,-0.3073782,0.6050008,Brazil
2007,-0.2877377,-0.3870143,-0.2225111,-0.0432525999999999,-0.3124145,0.5861991999999999,Brazil
2008,-0.0919325,-0.1188332,-0.1738442999999999,0.1558475,-0.2472762999999999,0.6354814,Brazil
2009,-0.0402027,-0.0252664999999999,0.1161688999999999,0.1497205999999999,-0.2053216,0.5739753,Brazil
2010,-0.0150966,-0.0076855,-0.1493446,0.1900321999999999,-0.0413875,0.6301766999999999,Brazil
2011,0.2097513,-0.0357455,-0.1721799,0.1885087,-0.0747892,0.5275116,Brazil
2012,-0.0113872,-0.0055523,-0.0995934,0.1894102,-0.0446889,0.5532977,Brazil
2013,-0.0608636,0.1384625,-0.3656427,0.1300154,-0.1345329999999999,0.4259615,Brazil
2014,-0.2351787,-0.0203333,-0.2414052,-0.0364999,-0.1419913,0.4250488,Brazil
2015,-0.3512683,-0.1018264,-0.4959054,-0.0963301999999999,-0.2252046999999999,0.461258,Brazil
2016,-0.3668176999999999,-0.1005394999999999,-0.5263958,-0.0962291,-0.1485678,0.4599637,Brazil
2017,-0.4693688,-0.1049895,-0.6021337999999999,-0.1063413999999999,-0.2808179,0.4292352,Brazil
2018,-0.407628,-0.2064205999999999,-0.6451903999999999,-0.2442919999999999,-0.4015041,0.2933228,Brazil
2019,-0.372764,0.0428329,-0.7221162999999999,-0.099421,-0.3861785,0.2046798,Brazil
2020,-0.3372315999999999,-0.0873994999999999,-0.4274215999999999,-0.1518853,-0.3921718999999999,0.166765,Brazil
2021,-0.404589,-0.0686133999999999,-0.3922756,-0.1510718,-0.4091435,0.0763533,Brazil
2022,-0.4562788,-0.2352194,-0.4157968999999999,-0.1989311,-0.4398335,0.0304374,Brazil
2023,-0.4515060999999999,-0.2666224,-0.5215740999999999,-0.2359869,-0.4830125999999999,0.2490433,Brazil
2024,-0.4088904,-0.2240029999999999,-0.5205702,-0.2945386,-0.446218,0.3164771,Brazil
1996,-0.5750128999999999,-0.296272,-0.2283619999999999,0.0406637,-0.304672,0.0639740999999999,Bolivia
1998,-0.3936453,-0.0324037,-0.1789419,0.2300837,-0.2522387,0.2254082999999999,Bolivia
2000,-0.4524023,-0.4884996,-0.3559096,0.1111419,-0.4587099,0.2098423999999999,Bolivia
2002,-0.8366591999999999,-0.4897682,-0.345507,-0.1589549999999999,-0.3831379,0.0252085999999999,Bolivia
2003,-0.8453814,-0.5017882,-0.8846276999999999,-0.1149383,-0.3682174,-0.0799714,Bolivia
2004,-0.6249148,-0.5545755,-0.6014065,-0.1589524,-0.555608,-0.0983289,Bolivia
2005,-0.7617554,-0.4652254999999999,-0.8794390999999999,-0.3222565,-0.6036732,0.0909855,Bolivia
2006,-0.4523902999999999,-0.4843923,-0.6220956999999999,-0.6627217,-0.8814385,0.1494004,Bolivia
2007,-0.4800087999999999,-0.4495041999999999,-0.6320494999999999,-0.7718798,-0.8731148,0.0758027999999999,Bolivia
2008,-0.5457949,-0.4878087,-0.5339009,-0.8081727999999999,-1.0045966,0.0220860999999999,Bolivia
2009,-0.5487867,-0.3618236999999999,-0.2490392,-0.8805278,-1.1687051,0.0738735,Bolivia
2010,-0.4112377,-0.3055989,-0.2159855,-0.8393752,-1.0805326,0.0367525,Bolivia
2011,-0.5781748,-0.2672438,-0.2956719,-0.7999826999999999,-1.0144825,-0.0848776,Bolivia
2012,-0.698911,-0.2476484,-0.3812183999999999,-0.8690743,-1.0969326,-0.1628476999999999,Bolivia
2013,-0.5857827,-0.1627207,-0.256508,-0.8566482999999999,-1.1936901,-0.1734942,Bolivia
2014,-0.6409494,-0.3868723,-0.2978539,-0.8423377,-1.139505,-0.0995359,Bolivia
2015,-0.754699,-0.4320931,-0.1753278999999999,-0.8213682,-1.2376147,-0.1594334,Bolivia
2016,-0.7783732,-0.3327317999999999,-0.2594315,-0.8393587,-1.2512006,-0.1911694,Bolivia
2017,-0.8143488,-0.313079,-0.2207409,-0.8292552999999999,-1.2565518,-0.2279865999999999,Bolivia
2018,-0.8237458,-0.364265,-0.1913596,-0.8485465,-1.2847988,-0.3225177999999999,Bolivia
2019,-0.8232153,-0.4578656,-0.7539613,-0.9755809,-1.2449049,-0.4802862,Bolivia
2020,-0.8045643,-0.4718419,-0.3855901,-1.0510123,-1.2021414,-0.3793012,Bolivia
2021,-0.9489015,-0.4784584,-0.2859636,-1.117001,-1.1101906,-0.3237121,Bolivia
2022,-0.9824356,-0.4335715,-0.1706088999999999,-1.1373514999999998,-1.1775683,-0.3957318999999999,Bolivia
2023,-0.9556498,-0.4093864,-0.2898238999999999,-1.1594687,-1.2028195,-0.4295062,Bolivia
2024,-0.9975827,-0.6104172,-0.5460357,-1.2544304,-1.267722,-0.4397641,Bolivia
1996,-0.5706325,-0.7897088,0.0987897,-1.1986191,-0.5074489999999999,-0.9090817,Belarus
1998,0.0214909,-0.9760298,0.217824,-1.6673644,-0.7693011,-0.8266325999999999,Belarus
2000,-0.3594217,-1.3091068,0.2638464,-1.7238989999999998,-0.968429,-1.4120228,Belarus
2002,-0.5177246,-1.4137281,0.3395865999999999,-1.5130464,-0.9271452,-1.3011817,Belarus
2003,-0.5190961,-1.4203492,0.7235292999999999,-1.4471259,-0.9294786,-1.2762788,Belarus
2004,-0.3473571,-1.2599730999999998,0.0167691,-1.2155677,-0.7540338,-1.2217341,Belarus
2005,-0.2910817,-1.2876715,0.3382598,-1.2547914,-0.9278868,-1.3441087,Belarus
2006,-0.4982309,-0.9909852,0.1789590999999999,-1.6115017,-1.161576,-1.4304426,Belarus
2007,-0.5008739999999999,-0.9883947,0.3235627,-1.5355625,-1.0819694,-1.3718958,Belarus
2008,-0.4741790999999999,-1.0478556,0.443727,-1.219009,-0.9916046,-1.245918,Belarus
2009,-0.4726156999999999,-1.0481148999999998,0.3534137,-1.1954412,-0.9577197,-1.2220676,Belarus
2010,-0.5605517,-1.0551971,-0.0852672,-1.1710193,-0.9569971,-1.2410381,Belarus
2011,-0.4594805999999999,-1.0673804,-0.0818477,-1.3322808,-0.9978533,-1.2790985,Belarus
2012,-0.3105829,-1.0741204,0.0036241999999999,-1.0299101,-0.7380981,-1.235427,Belarus
2013,-0.2788276,-1.0027888,0.0177012,-1.0356233,-0.8222853,-1.273777,Belarus
2014,-0.1522547,-0.4791856,0.1349975,-0.8946824,-0.7472243,-1.1878352,Belarus
2015,-0.2405698,-0.3341196999999999,0.1165414999999999,-1.0025727,-0.7316988999999999,-1.1959493,Belarus
2016,-0.1462308,-0.3286362,0.2027723,-0.9142651,-0.7123954,-1.1130495,Belarus
2017,-0.1120128,-0.201457,0.0265510999999999,-0.8816836,-0.7599446999999999,-1.1785308,Belarus
2018,-0.1272022,-0.229958,0.2676564999999999,-0.7883245,-0.7330641999999999,-1.1010552999999998,Belarus
2019,0.0170373999999999,-0.2387162,0.4258145,-0.5076275,-0.7942370999999999,-1.2640856,Belarus
2020,-0.1014181,-0.6167824,-0.8182984999999999,-0.6830906,-0.8602112,-1.3757237,Belarus
2021,-0.2062736,-0.6825409,-0.6163723999999999,-0.7942597,-1.0672559,-1.5554859,Belarus
2022,-0.4150131999999999,-0.5969261,-0.6168791,-1.0760793,-1.1591441,-1.6426487,Belarus
2023,-0.5343536999999999,-0.5964060999999999,-0.3926064999999999,-1.175204,-1.2155307,-1.7258631999999998,Belarus
2024,-0.5781294,-0.7015463,-0.3773003,-1.2322689999999998,-1.2305997,-1.6904177,Belarus
1996,-0.4211294,-0.4545375,-1.0655367,0.3422517,-0.6279175,-0.610698,Peru
1998,-0.565847,-0.2306083,-0.7327073,0.5218164,-0.6198313999999999,-0.7018031,Peru
2000,-0.511564,-0.4850279999999999,-1.2971467,0.2074243999999999,-0.7597657,-0.6604451,Peru
2002,-0.2430338,-0.6468917,-1.2329146,-0.1589446,-0.5353011,0.2489563,Peru
2003,-0.057581,-0.8784706,-1.2849879,-0.0742275999999999,-0.5205074,0.2092851999999999,Peru
2004,-0.4101705,-0.7658359,-0.9355655,0.0691972,-0.3791477,0.0810565999999999,Peru
2005,-0.4001666,-0.7258650999999999,-0.9144109,0.0032096,-0.4764555,0.1622345999999999,Peru
2006,-0.260941,-0.6681768,-0.7145526999999999,0.1525911999999999,-0.5145408,0.2212618999999999,Peru
2007,-0.3556671999999999,-0.6492559999999999,-0.5612623,0.2283845,-0.5442173,0.2290932,Peru
2008,-0.3026109999999999,-0.6119587,-0.688819,0.2285395999999999,-0.5790879999999999,0.293699,Peru
2009,-0.3848159,-0.400989,-0.9293423,0.2839239,-0.503791,0.2285461999999999,Peru
2010,-0.2613416,-0.1977807,-0.7755101,0.3099239,-0.4909174,0.2650259,Peru
2011,-0.2482217,-0.1629382,-0.6754146999999999,0.3419375,-0.4433205999999999,0.3102027,Peru
2012,-0.3605037,-0.1098429,-0.6985798999999999,0.2530527999999999,-0.4879551,0.3059787,Peru
2013,-0.3990421999999999,-0.1051565999999999,-0.7062488,0.2335480999999999,-0.555049,0.2041619999999999,Peru
2014,-0.5816106,-0.1988026,-0.4040664,0.2603805,-0.553702,0.2195209,Peru
2015,-0.5919962,-0.2487591999999999,-0.3213519999999999,0.3176036,-0.4520227,0.2727774,Peru
2016,-0.5112656,-0.1706908999999999,-0.1794896,0.3221781999999999,-0.3392422,0.2653854,Peru
2017,-0.5931875999999999,-0.0734623,-0.2242779,0.2708614,-0.3746051999999999,0.313525,Peru
2018,-0.5877892,-0.1608168999999999,-0.1689403,0.2978144,-0.4609214,0.3589581,Peru
2019,-0.490189,0.0476235,-0.0888854999999999,0.3449804999999999,-0.4564383999999999,0.3431757,Peru
2020,-0.4980887,-0.1062994999999999,-0.2963963,0.2250935,-0.4320888,0.364213,Peru
2021,-0.509709,-0.0563454,-0.3341680999999999,0.0848324999999999,-0.5208197,0.2154894,Peru
2022,-0.6415611999999999,-0.0885376,-0.6566212,0.0716412999999999,-0.4872516999999999,0.1421732,Peru
2023,-0.6654876,-0.1970540999999999,-0.7239502,0.1292945,-0.4787644,0.1478334,Peru
2024,-0.7203896,-0.2004128,-0.6544223,0.0828146,-0.5057749,0.0455746,Peru
1996,0.9596452,-0.0237363,0.7332818999999999,0.1989256999999999,0.5214281,1.0999987,Costa Rica
1998,0.9585323,-0.0271567,0.8557680999999999,0.5021363,0.4535106,1.1072572,Costa Rica
2000,1.0244953,0.1089203,0.6698023,0.7404727999999999,0.4845927,1.085921,Costa Rica
2002,0.4588683999999999,0.2004916,0.9303167,0.3237584,0.6006589999999999,1.1280853,Costa Rica
2003,0.4825793,0.1932721,0.6002004,0.3996287,0.5568333,1.0817593,Costa Rica
2004,0.3790831,0.2661532,0.6926827,0.5795471999999999,0.5530801,1.0488429,Costa Rica
2005,0.3850864,0.2312005999999999,0.8271662999999999,0.6683093999999999,0.6186680999999999,1.0234028,Costa Rica
2006,0.39918,0.1677131999999999,0.8662238999999999,0.5506422,0.5369891,1.051927,Costa Rica
2007,0.4565308999999999,0.2444248,0.8132129,0.6107519,0.5276824,1.0639641,Costa Rica
2008,0.4877144,0.2763826,0.5795087,0.7521591999999999,0.5507059,1.0271486,Costa Rica
2009,0.6186572,0.4024005,0.7203643,0.7307018,0.6269671,1.0597232,Costa Rica
2010,0.6993258,0.4026744,0.7938234,0.6253571,0.6499221,1.1191398,Costa Rica
2011,0.6579069,0.3641095,0.6316858,0.5711371,0.4626020999999999,1.110229,Costa Rica
2012,0.670503,0.4335446,0.655542,0.6859128,0.4471084999999999,1.0972617,Costa Rica
2013,0.6633217,0.3382817999999999,0.6591343,0.7356994,0.4576894999999999,1.08912,Costa Rica
2014,0.7809898,0.3669615,0.6803966,0.524805,0.5463937,1.1415848,Costa Rica
2015,0.7699693999999999,0.3596650999999999,0.7458992,0.6166595,0.5212515999999999,1.1586172,Costa Rica
2016,0.8034365,0.315527,0.7331118999999999,0.6548876,0.5143500999999999,1.1385771999999998,Costa Rica
2017,0.5853520999999999,0.3339142,0.7405908,0.5457847,0.54111,1.1764736,Costa Rica
2018,0.6496945,0.3528681999999999,0.6346653999999999,0.6513804,0.518591,1.2067174,Costa Rica
2019,0.7249661,0.3043656999999999,0.6261253999999999,0.6689887,0.5808637,1.1972153,Costa Rica
2020,0.756375,0.2258032999999999,0.9250217,0.5391412999999999,0.6316984999999999,1.2021175,Costa Rica
2021,0.5909559999999999,0.2714874,1.0171458,0.5605960999999999,0.6104539,1.126743,Costa Rica
2022,0.5669805,0.1212347999999999,1.1460641,0.5923862999999999,0.6675589,1.1110038,Costa Rica
2023,0.6775627,0.3340947999999999,1.1842629,0.5745298999999999,0.6431262999999999,1.0983992,Costa Rica
2024,0.6792372,0.2868974999999999,1.1756544,0.5818279,0.6167412,1.0114744,Costa Rica
1996,-0.7777853,-0.9449992,-1.4237565,-0.5211481,-1.0761371,-0.5356202,Guatemala
1998,-0.7788982,-0.7282234999999999,-1.2657645,-0.4992453,-1.1658258,-0.6428613,Guatemala
2000,-0.5646551,-1.0470244,-0.9180183,-0.3755784,-0.9986897,-0.5959563999999999,Guatemala
2002,-0.7996317,-0.9260441,-0.9767398,-0.247575,-1.0297832,-0.520685,Guatemala
2003,-0.8119333,-0.9461887,-0.9245241,-0.2824261999999999,-1.0647684,-0.5044240999999999,Guatemala
2004,-0.5943331,-0.8896651,-0.9367545,-0.3638522999999999,-0.8936569,-0.3090642,Guatemala
2005,-0.6394656,-0.8990503,-0.9031244,-0.4528577,-0.9179717,-0.2898653,Guatemala
2006,-0.6466033999999999,-0.7008040999999999,-0.8776149999999999,-0.3463887,-0.9226219,-0.0758399,Guatemala
2007,-0.6123079,-0.6725821,-0.8340833,-0.3840826,-0.9222092,-0.1225339999999999,Guatemala
2008,-0.4600475,-0.6490195999999999,-0.7769927,-0.3507392,-0.945645,-0.1529893,Guatemala
2009,-0.5122531,-0.581593,-0.8012209,-0.3833444,-0.9113233,-0.1793457,Guatemala
2010,-0.6209412,-0.6073928,-0.8111383999999999,-0.3638293999999999,-0.8997347,-0.2765199,Guatemala
2011,-0.5518373,-0.6813602,-0.7531567,-0.3920435,-1.0328095,-0.3393179,Guatemala
2012,-0.7692412,-0.6922625,-0.7159854,-0.4652296999999999,-0.9611443,-0.2917547,Guatemala
2013,-0.720212,-0.6452597999999999,-0.7337319999999999,-0.5056908999999999,-1.0370188,-0.3280154999999999,Guatemala
2014,-0.8707969,-0.5721862,-0.7302664999999999,-0.4728187,-0.960209,-0.3165549,Guatemala
2015,-0.9067476,-0.6527227999999999,-0.6909179999999999,-0.4046943999999999,-0.9498506,-0.2934627999999999,Guatemala
2016,-0.8736978999999999,-0.6757539,-0.6431273,-0.3561978999999999,-0.9640867,-0.2657024,Guatemala
2017,-0.8839206,-0.6982041,-0.7007595999999999,-0.4515756999999999,-0.9510672,-0.2370381,Guatemala
2018,-0.9720414,-0.7651424,-0.6836211,-0.3907315,-0.9808528,-0.3070682999999999,Guatemala
2019,-1.0038569,-0.7779290999999999,-0.6944184,-0.4231477999999999,-1.0056597,-0.3397201999999999,Guatemala
2020,-1.0998808,-0.7764521,-0.5638683999999999,-0.3770766,-0.9659236,-0.3576093999999999,Guatemala
2021,-1.2179093,-0.7444335,-0.5740791,-0.3859927999999999,-0.9755677,-0.4356685999999999,Guatemala
2022,-1.2166625,-0.8842065,-0.3005447,-0.3817018,-1.0371304,-0.4749828,Guatemala
2023,-1.0869128,-0.8628806,-0.2021326,-0.4082948999999999,-1.0108162,-0.4896787999999999,Guatemala
2024,-0.9482653,-0.9093696,-0.2097668999999999,-0.3094252,-0.962274,-0.4707611,Guatemala
1996,-0.169797,-0.3029637,-0.1942482999999999,-0.5596561,-0.5997454,-0.2211242,Dominican Republic
1998,-0.5424540999999999,-0.8778836999999999,-0.4523922999999999,-0.0691373,-0.6675732999999999,-0.275426,Dominican Republic
2000,-0.5461552,-0.8764303,-0.132575,0.0017705,-0.7152811,-0.1448147,Dominican Republic
2002,-0.588125,-0.8441521999999999,-0.1599129,-0.3065061,-0.7124813,-0.0160976,Dominican Republic
2003,-0.8571186,-0.8381869,-0.5957007,-0.3997662999999999,-0.7899149,-0.1083343,Dominican Republic
2004,-0.7185712999999999,-0.797519,-0.4531782,-0.4212814,-0.6325628,-0.0170919,Dominican Republic
2005,-0.8517184,-0.8364096,-0.3912303,-0.3099229,-0.5602289,-0.0183932999999999,Dominican Republic
2006,-0.6553867,-0.6870847,-0.1540857,-0.1685648,-0.4579742,0.0893593,Dominican Republic
2007,-0.7510177,-0.7085351,-0.0800328,-0.1633439,-0.4770225999999999,0.0577381,Dominican Republic
2008,-0.7442643999999999,-0.6984304,-0.0283211,-0.1349632,-0.5682262,0.0414292,Dominican Republic
2009,-0.7202043,-0.6709237,-0.0590302,-0.1389206,-0.6085762,0.0383822,Dominican Republic
2010,-0.7609997,-0.7108721,-0.0570436999999999,-0.0661851,-0.6582939999999999,0.0337112,Dominican Republic
2011,-0.7070725,-0.6735468,-0.0597805999999999,-0.1878076,-0.6041963,-0.0206158,Dominican Republic
2012,-0.7816871,-0.5008992999999999,0.0313943999999999,-0.1849073,-0.5862733,0.0500891,Dominican Republic
2013,-0.7708868999999999,-0.4176139,-0.0097174,-0.1742221,-0.5420109,-0.0140626,Dominican Republic
2014,-0.7555381999999999,-0.1120342,0.0549568999999999,-0.1490567,-0.413435,0.0457756,Dominican Republic
2015,-0.7903907,-0.3030552999999999,0.1170524,-0.0898717,-0.5344359,-0.0123257,Dominican Republic
2016,-0.794053,-0.2432638999999999,0.1555826,-0.065041,-0.5326099,-0.0169925,Dominican Republic
2017,-0.8010554999999999,-0.3142265999999999,0.0918722,-0.1071549,-0.5595468,-0.0263768,Dominican Republic
2018,-0.8443735,-0.3568186,0.0030759,-0.1446846,-0.5483264,-0.0353179,Dominican Republic
2019,-0.8021284999999999,-0.2994856999999999,0.0515230999999999,-0.1017681,-0.4801078,0.0033897999999999,Dominican Republic
2020,-0.7065551999999999,-0.3603632,0.2361203999999999,-0.0974015999999999,-0.3813297,0.0633816,Dominican Republic
2021,-0.545258,-0.1501487,0.3502986999999999,-0.0103431,-0.3243436,0.0897951999999999,Dominican Republic
2022,-0.4221725999999999,-0.1210712999999999,0.4914554,-0.0598314999999999,-0.2774196,0.1170494,Dominican Republic
2023,-0.429853,0.045792,0.4655668,0.0485043999999999,-0.2411598999999999,0.1485631,Dominican Republic
2024,-0.2654917,0.0746487,0.5893402,0.2073279999999999,-0.1822626,0.2011502,Dominican Republic
1996,-0.8811521,-1.1084762,-0.417817,-0.373254,-0.8525657,-0.4460696999999999,El Salvador
1998,-0.742136,-0.8917004,-0.2625484,-0.0558404999999999,-0.6994999,-0.400395,El Salvador
2000,-0.7200272,-0.962052,-0.0182977,-0.1212081,-0.8667495,-0.3754531,El Salvador
2002,-0.7260707,-0.8887993999999999,-0.0263441999999999,-0.0238134999999999,-0.7051921,-0.083174,El Salvador
2003,-0.5478229,-0.8359755,-0.312913,0.0454783,-0.6786222,-0.0619054,El Salvador
2004,-0.3835688,-0.4755758,-0.1469142,0.4169353,-0.4679104,-0.0537792,El Salvador
2005,-0.4242744,-0.5234141,-0.0697981,0.4294158999999999,-0.4984013,-0.0607406,El Salvador
2006,-0.3764327999999999,-0.4228256999999999,-0.2097959999999999,0.2227931,-0.6545692,0.0675239,El Salvador
2007,-0.4139309,-0.4204939,-0.0096099999999999,0.2663139,-0.6893201999999999,0.0332668999999999,El Salvador
2008,-0.4101059999999999,-0.4518894,0.0563549999999999,0.3961521,-0.6714141,0.0481141,El Salvador
2009,-0.2532086,-0.3350992,-0.1546506,0.5413163,-0.6923528,0.0191930999999999,El Salvador
2010,-0.2559994,-0.2079514999999999,0.0373531,0.4860596,-0.7999777,0.032629,El Salvador
2011,-0.168123,-0.2858874,0.0229261999999999,0.4552316999999999,-0.6816525,-0.0157832,El Salvador
2012,-0.4128275999999999,-0.2629505,0.1962334999999999,0.2304693,-0.8105369,-0.1160274999999999,El Salvador
2013,-0.3454095,-0.2285247,-0.1174817,0.2347388,-0.6813551999999999,-0.0962094999999999,El Salvador
2014,-0.4848632,-0.1173206,-0.1004167,0.1904278999999999,-0.6097108,0.0477758,El Salvador
2015,-0.5236225999999999,-0.3051905,-0.1411131,0.1043313999999999,-0.7675683,-0.0514586999999999,El Salvador
2016,-0.5627985,-0.3247184999999999,-0.2511021,-0.0119876,-0.7459281,-0.0424607,El Salvador
2017,-0.5282498,-0.3512048,-0.3360373,-0.063322,-0.8610369,-0.0652348,El Salvador
2018,-0.579658,-0.3651057,-0.4200645999999999,-0.0241538,-0.8317230999999999,-0.1297251999999999,El Salvador
2019,-0.5208324,-0.3446971,-0.2138062,-0.0559227999999999,-0.7489712,-0.0355093,El Salvador
2020,-0.5107438,-0.1427333,-0.1497936,-0.0750467,-0.6910565,-0.093384,El Salvador
2021,-0.5616664,-0.2484854,-0.2220070999999999,-0.2893204,-0.83512,-0.3341369999999999,El Salvador
2022,-0.680151,-0.387094,-0.0998814,-0.3858311,-0.9646984,-0.5778968999999999,El Salvador
2023,-0.6099566,-0.0947816,0.0822243,-0.3189964,-0.7070755999999999,-0.6318902,El Salvador
2024,-0.5765882,-0.1831795,0.0061325999999999,-0.1762422,-0.7133592,-0.7884205,El Salvador
1996,-1.1021006,-1.1801635,-0.6128686,-0.9910953,-0.9342201,-0.5245932,Honduras
1998,-1.1032134999999998,-0.9633877,-0.2809399999999999,-0.7614027999999999,-1.0320013,-0.5062975,Honduras
2000,-1.0419622,-1.0776822,-0.3644663999999999,-0.5681708999999999,-1.2217517,-0.4718415999999999,Honduras
2002,-1.1100833,-1.0247734,-0.3381027,-0.6056737,-0.8952608999999999,-0.4754711,Honduras
2003,-1.0387997,-1.0735697,-0.5840145999999999,-0.6461279,-0.9922077,-0.3933010999999999,Honduras
2004,-0.9899139,-0.7452631,-0.6201515,-0.5629588999999999,-0.8190417,-0.3302091,Honduras
2005,-0.9475662,-0.697415,-0.6413846999999999,-0.4151809999999999,-0.7102621,-0.2859005,Honduras
2006,-0.9356122,-0.7164581999999999,-0.6520476,-0.3831814,-0.8738492999999999,-0.179669,Honduras
2007,-0.9270268,-0.6132120999999999,-0.4582098,-0.240922,-0.8550165,-0.2510481,Honduras
2008,-0.9424127,-0.6867310999999999,-0.5405327999999999,-0.3195845,-0.9696582,-0.3633673,Honduras
2009,-1.0007387,-0.6465044,-0.5186689999999999,-0.3590631999999999,-0.9662669,-0.5572387,Honduras
2010,-1.0019392,-0.6254799,-0.6306269,-0.3574873,-0.9933417,-0.5697808,Honduras
2011,-0.9697948,-0.6040036999999999,-0.5252471,-0.2784058,-1.0237154,-0.5201298999999999,Honduras
2012,-1.0955287,-0.6881573999999999,-0.5116558999999999,-0.3805097,-1.1939336,-0.5092177,Honduras
2013,-1.1060767,-0.8050533999999999,-0.5359364999999999,-0.4431174,-1.2383989,-0.5024379,Honduras
2014,-0.9656425,-0.6009781,-0.6895701,-0.5844085,-1.174669,-0.5608808,Honduras
2015,-0.8111784,-0.5555614,-0.6604916,-0.5300981,-1.1570215,-0.6031793999999999,Honduras
2016,-0.9242987,-0.4312882999999999,-0.7047922,-0.5949609,-1.1783644,-0.6577893,Honduras
2017,-0.946984,-0.4193229,-0.9065696,-0.4499974,-1.0906729,-0.7103263999999999,Honduras
2018,-0.9695789,-0.5271479,-0.8643535999999999,-0.4794427,-1.0936433,-0.7684582999999999,Honduras
2019,-1.0582406,-0.5125275,-0.8271375999999999,-0.5191215,-1.0765301,-0.8093716,Honduras
2020,-0.9726036,-0.5825030999999999,-0.6663530999999999,-0.5559791,-1.1109938,-0.7831642,Honduras
2021,-1.1204199,-0.6672516,-0.806377,-0.6069842999999999,-1.1417518,-0.7454491999999999,Honduras
2022,-1.0314053,-0.6862581999999999,-0.4781621,-0.6195218,-1.0917528,-0.6394536,Honduras
2023,-1.0993233999999998,-0.6579014,-0.3507671,-0.6816747999999999,-1.156469,-0.6088292,Honduras
2024,-1.2446903,-0.6196728,-0.5671583,-0.6280335,-1.1768036,-0.6535451999999999,Honduras
1996,0.1124381,-0.0324486,-0.3430404999999999,0.0668425,-0.1660905,0.2613025,Jamaica
1998,0.1111722,-0.0366506,-0.3342743999999999,0.2403377,-0.1682579,0.3989278,Jamaica
2000,-0.0502875999999999,-0.0732758,-0.3051137,0.0591410999999999,-0.489751,0.4016983999999999,Jamaica
2002,-0.3077318,-0.1277929,-0.4712879,0.1037314999999999,-0.293559,0.3606793,Jamaica
2003,-0.3888064,-0.12582,-0.6133632,0.1302785,-0.3051494999999999,0.3717028,Jamaica
2004,-0.3292527,-0.0669283,-0.3401516,0.1923273999999999,-0.2189875,0.4014194,Jamaica
2005,-0.3142249,-0.298197,-0.3271411999999999,0.2253065,-0.1997884999999999,0.5493319999999999,Jamaica
2006,-0.2112339999999999,0.1152720999999999,-0.349823,0.2887176999999999,-0.2465619999999999,0.6834416,Jamaica
2007,-0.2881667,0.0841003,-0.2229834,0.3057306999999999,-0.1580034,0.7250449999999999,Jamaica
2008,-0.2899319999999999,0.1234828999999999,-0.2884524,0.2836894,-0.1644824,0.6133588999999999,Jamaica
2009,-0.2773341,0.1987236,-0.3547882,0.2533509,-0.3096415999999999,0.6063139,Jamaica
2010,-0.2207188,0.1785637,-0.4121285999999999,0.2536728,-0.3988235,0.4838631,Jamaica
2011,-0.0495086999999999,0.165791,-0.1203675999999999,0.1950193999999999,-0.2893569,0.3526706,Jamaica
2012,-0.2406003,0.1538521,0.0478137,-0.0021633,-0.3560127999999999,0.4039313,Jamaica
2013,-0.2538053,0.2032651,0.1274496,0.0417636,-0.2763074,0.4953675999999999,Jamaica
2014,-0.2893901,0.4521342,0.0349026,0.0551423,-0.1823274,0.5392399,Jamaica
2015,-0.2392146,0.4342705,0.0607252,0.1273892,-0.1394095,0.5896511999999999,Jamaica
2016,-0.1668879999999999,0.4750323999999999,0.0960441,0.1445195,-0.1131152,0.5942121,Jamaica
2017,-0.1631899,0.4596789,0.1291365,0.1244681,-0.0899914,0.6039973,Jamaica
2018,-0.1747843999999999,0.4999178999999999,0.169434,0.1473187,-0.1409645,0.4724016,Jamaica
2019,-0.0636837,0.5016204,0.179033,0.1355129,-0.1704977,0.5043883,Jamaica
2020,-0.0800814,0.3867314,0.1525241,0.0985113,-0.1039954999999999,0.5120442,Jamaica
2021,-0.0851526,0.3396405999999999,0.1423134999999999,0.1818115,-0.0742917999999999,0.5026750999999999,Jamaica
2022,-0.0788141,0.2544888999999999,0.4525342,0.1706851999999999,-0.0687388999999999,0.5015442,Jamaica
2023,-0.1364542,0.1649969,0.4762873999999999,0.1485571,-0.0768587999999999,0.4932042,Jamaica
2024,-0.0962722999999999,0.1712622,0.476823,0.0908785,-0.0776697,0.485209,Jamaica
1996,-0.5325772,-0.8312202,-0.8752059,-0.4950283,-0.4051692,-0.1631172,Ecuador
1998,-0.7156859,-0.5379366999999999,-0.4434826,-0.1012523999999999,-0.5390699999999999,-0.1103441,Ecuador
2000,-0.7563515,-1.0664178,-0.7547319,-0.7136521,-0.8265146,-0.3498255999999999,Ecuador
2002,-0.8039929,-1.0787578,-0.8515978999999999,-0.8296019,-0.7765755,-0.1439229,Ecuador
2003,-0.6704346,-1.0385274,-1.072906,-0.7609294999999999,-0.6931491,-0.1090056,Ecuador
2004,-0.7760231999999999,-0.911567,-0.91787,-0.7975237,-0.6776494,-0.1412869,Ecuador
2005,-0.8397298999999999,-0.926587,-0.8556619,-0.8610709,-0.7801857999999999,-0.1617977,Ecuador
2006,-0.8151132,-0.902354,-0.7680718,-0.9164806,-1.00964,-0.1342305,Ecuador
2007,-0.7886171,-0.83636,-0.6732855999999999,-0.9445398,-0.9510888,-0.0516943999999999,Ecuador
2008,-0.7162225999999999,-0.7597484999999999,-0.5596679999999999,-1.1198786,-1.1123748,-0.1418374,Ecuador
2009,-0.7037348,-0.4783123999999999,-0.5221507,-1.2985597,-1.1370281,-0.1331631999999999,Ecuador
2010,-0.7117287999999999,-0.4838765,-0.6609602,-1.2560471,-1.0787288,-0.1711153,Ecuador
2011,-0.6696297999999999,-0.3010584,-0.7429017,-1.1368099,-1.0913867,-0.183273,Ecuador
2012,-0.6136706,-0.2920187999999999,-0.6607451999999999,-0.9981981,-1.0775133,-0.3397139999999999,Ecuador
2013,-0.5841109999999999,-0.1859129,-0.2633528,-0.8297139,-0.9942102,-0.3577029,Ecuador
2014,-0.7552215,-0.1076037,-0.0167487,-0.7603968999999999,-1.0146122,-0.3170604999999999,Ecuador
2015,-0.7228483,-0.1938129999999999,-0.1822625,-0.9664965,-1.0655454,-0.4061724,Ecuador
2016,-0.7661053999999999,-0.1531976,-0.1672879,-0.8667598,-0.9659864,-0.3716661,Ecuador
2017,-0.7757227999999999,-0.1425924999999999,-0.1273984,-0.937257,-0.8823998,-0.3261625999999999,Ecuador
2018,-0.6184242999999999,-0.213034,-0.0672488,-0.8243339,-0.7671005,-0.1611409,Ecuador
2019,-0.5273627,-0.1952962999999999,-0.209832,-0.7315769999999999,-0.6485634,-0.1418141,Ecuador
2020,-0.5183859,-0.3435074999999999,-0.1513823,-0.7359599,-0.5676359,-0.1590886,Ecuador
2021,-0.6326965,-0.1107469,-0.1983083,-0.5551263,-0.4314709,-0.0753616999999999,Ecuador
2022,-0.655353,0.0016248999999999,-0.2336288,-0.4783493,-0.5794902,-0.0898423,Ecuador
2023,-0.719996,-0.1625338999999999,-0.3543579,-0.5994798,-0.8586497999999999,-0.1241577,Ecuador
2024,-0.7756801999999999,-0.2196127,-0.7210909,-0.6464312,-0.9650369,-0.1051406,Ecuador
1996,0.8945863,0.7592137,0.691257,0.3516569,0.3933859999999999,0.6505714,Grenada
1998,0.8901182999999999,0.7500861,0.6919546999999999,0.3825454,0.3843933,0.6492148999999999,Grenada
2000,0.8770547999999999,0.7532430999999999,0.690345,0.3909538999999999,0.3784792999999999,0.6499785,Grenada
2002,0.8678068,0.7534943,0.6920267,0.4035897,0.3859121,0.6328231,Grenada
2003,0.8646520999999999,0.7406421999999999,0.6880288,0.4036717999999999,0.3827495999999999,0.7177542,Grenada
2004,0.5605873,0.4779745999999999,0.6363660999999999,0.1135211999999999,0.3128308999999999,0.6758468,Grenada
2005,0.7009683,0.4427567,0.3164372,0.1376019,0.6029108,0.822548,Grenada
2006,0.7279744,0.4847849999999999,0.3189265,0.2074943,0.3188316,0.7983646999999999,Grenada
2007,0.4521870999999999,0.4874708,0.3230374,0.210146,0.3619194,0.8610686,Grenada
2008,0.4530939,0.4895657,0.322531,0.20897,0.3602161,0.8688553,Grenada
2009,0.4813718999999999,0.5379916,0.3284926999999999,0.2174237,0.3797584,0.8316233,Grenada
2010,0.52034,0.5616483999999999,0.4428404999999999,0.3118208,0.3820309,0.8065886,Grenada
2011,0.5189688,0.5608316999999999,0.3304882,0.2356602,0.3871951999999999,0.8085019,Grenada
2012,0.5161195,0.5610374,0.3758143,0.2309440999999999,0.3852277,0.7867711,Grenada
2013,0.516336,0.5009041,0.3741085,0.2302450999999999,0.3808298,0.7805866,Grenada
2014,0.2414205999999999,0.2423393999999999,0.5970390999999999,0.0620513,0.2018074,0.7869506,Grenada
2015,0.5361081,0.0331346999999999,0.5941324,0.075533,0.6377915,0.604135,Grenada
2016,0.5371119,0.0337302,0.9130972,0.0762839,0.8005994,0.5979173999999999,Grenada
2017,0.4508705999999999,0.0339234999999999,0.9134729,-0.0486777,0.5590961999999999,0.4612009999999999,Grenada
2018,0.4166836,-0.1545833999999999,0.9161154,-0.1478545,0.4216609,0.4067725,Grenada
2019,0.3780138999999999,-0.0931857,0.9169085,-0.1308406,0.3905346999999999,0.3676888,Grenada
2020,0.3784367999999999,-0.0961408,1.0425879,-0.1239178,0.4276608999999999,0.3626019,Grenada
2021,0.3144044,-0.0943871,1.0408786,-0.0492583,0.4044534999999999,0.2559812999999999,Grenada
2022,0.2886861,-0.0438885,1.2048361,-0.040791,0.4711413,0.2406624,Grenada
2023,0.3935799,0.0807085999999999,1.2053144999999998,0.053522,0.5500381999999999,0.2943878,Grenada
2024,0.4790005,0.0201444,1.1992639,0.0498843999999999,0.5408822,0.3787385,Grenada
1996,-0.0414835999999999,-0.2734013,0.353597,0.2960568,0.3842312,0.8526353999999999,Belize
1998,-0.0459515999999999,-0.2825287999999999,0.3542946999999999,0.3183945999999999,-0.0285472999999999,0.8512789,Belize
2000,-0.0590150999999999,-0.2793718,0.0971477999999999,0.269679,0.3759698999999999,0.9478322,Belize
2002,-0.0682631,-0.2791206,0.340663,0.2788169,0.1820110999999999,0.7815435,Belize
2003,-0.0714178,-0.2919728,0.3686072999999999,0.2788762999999999,0.2884898999999999,0.8025011999999999,Belize
2004,-0.1006888,-0.392167,0.2908113,-0.0833187,0.0697154,0.7454733,Belize
2005,-0.1470838,-0.4764967,0.0640729999999999,0.0728263,0.3259933,0.7826078999999999,Belize
2006,-0.2711009,-0.4695149999999999,0.0840894,-0.256857,0.1247341999999999,0.5309127,Belize
2007,-0.2776753,-0.5193892999999999,0.1616149999999999,-0.2546231,0.0968209,0.4951088999999999,Belize
2008,0.0149956999999999,-0.5237277,0.1436564,-0.2426153999999999,0.0320223,0.4732598999999999,Belize
2009,0.2493632999999999,-0.5186637,-0.0105185,-0.2465423,-0.1107754,0.6984648,Belize
2010,0.1822509,-0.2767141999999999,0.0218801,-0.1986764,-0.0901010999999999,0.691136,Belize
2011,-0.0679632999999999,-0.2683306,0.0910169,-0.2862027,-0.3074698999999999,0.7131289,Belize
2012,-0.0752991,-0.268194,0.0905854,-0.3279258,-0.3308744999999999,0.7135193999999999,Belize
2013,-0.0751853,-0.2680415,0.0892671,-0.3284497999999999,-0.3329908,0.7334776,Belize
2014,-0.2871963999999999,-0.4369716999999999,0.0324879999999999,-0.5535223,-0.638328,0.3191867,Belize
2015,-0.2669244,-0.3941298,0.0315234,-0.5037448,-0.6138024999999999,0.229675,Belize
2016,-0.1234777,-0.4126499999999999,0.0271499999999999,-0.4649404,-0.5830991999999999,0.2287226,Belize
2017,-0.1991297,-0.4124914,0.0274571999999999,-0.5395473,-0.5418511,0.2557341999999999,Belize
2018,-0.1082321,-0.3950567,0.0296183,-0.6630634999999999,-0.5907692,0.0799134,Belize
2019,-0.075652,-0.3772395,0.1334022,-0.5749240999999999,-0.5612969,0.0770993,Belize
2020,-0.0753264999999999,-0.3797712,0.6026689,-0.5762528,-0.5207908,0.0837771,Belize
2021,-0.0899104999999999,-0.3782687999999999,0.3568756999999999,-0.6067267,-0.5276550999999999,0.0776529,Belize
2022,-0.0459141999999999,-0.1413048999999999,0.7353533,-0.617476,-0.4371369,0.1097776999999999,Belize
2023,-0.1159864999999999,-0.0642292,0.78967,-0.4930126999999999,-0.4007135,0.1210883,Belize
2024,-0.1604129,-0.129095,0.7847219,-0.450078,-0.39715,0.1039607999999999,Belize
1996,-0.9656205,-1.3538291999999998,-1.002111,-1.4338048,-1.3946206,-0.771484,Haiti
1998,-1.1938701,-1.3597903,-1.1738817,-1.4169317,-1.5797567,-0.8084899999999999,Haiti
2000,-1.1998939,-1.3577285,-1.0262933,-1.4123386,-1.5879394999999998,-0.9124186,Haiti
2002,-1.5760189,-1.8375513,-1.5748529,-1.4033472,-1.8430952,-1.1636075,Haiti
2003,-1.5162349,-1.8356586,-1.4445052,-1.4084017,-1.7168667,-1.0599515,Haiti
2004,-1.3973735,-1.8983869,-1.8667956,-1.5227931,-1.6608109999999998,-1.1063672,Haiti
2005,-1.5592781999999998,-1.6556466,-1.7445724,-1.4080527,-1.7334784,-0.9480812,Haiti
2006,-1.268223,-1.6592686,-1.3887429,-0.9314555,-1.4944787,-0.781307,Haiti
2007,-1.287096,-1.658091,-1.319971,-0.951658,-1.3986326,-0.6966559999999999,Haiti
2008,-1.1699245,-1.4364822,-1.3616015,-0.8671247,-1.1975903,-0.5888618,Haiti
2009,-1.0913138,-1.4421191,-1.2903346999999998,-0.8728231999999999,-1.2197166,-0.6608973,Haiti
2010,-1.2638364,-1.5677862,-1.3087481,-1.1168745,-1.3289944,-0.7490678,Haiti
2011,-1.2979259,-1.6189616999999998,-1.2613019,-1.2031145,-1.4068874999999998,-0.7594984,Haiti
2012,-1.3537960999999998,-1.5996629999999998,-1.1205944,-1.2257236,-1.3763829,-0.710594,Haiti
2013,-1.2754626999999998,-1.523841,-0.9154079,-1.2023346,-1.3555571,-0.7334972,Haiti
2014,-1.4306803,-1.9298374,-0.9222469,-1.3148017,-1.2479641,-0.7323394,Haiti
2015,-1.4465713,-1.869399,-0.9259382,-1.3343055,-1.2262159,-0.8820112,Haiti
2016,-1.4729127,-1.8833592,-0.8946860999999999,-1.3334701,-1.2069142,-0.8411095,Haiti
2017,-1.4223857,-1.8904667,-0.8341999999999999,-1.300095,-1.2058005,-0.7824757,Haiti
2018,-1.4376012,-1.7517146,-0.7667849,-1.2417982,-1.1714715,-0.7805673,Haiti
2019,-1.4624296,-1.8885565,-0.9509746,-1.2718629,-1.1812778,-0.8359679,Haiti
2020,-1.4466696,-1.9163196,-1.0389171,-1.3076844,-1.211177,-0.8710311,Haiti
2021,-1.4853353,-2.0602282,-1.2132391,-1.4160753,-1.392161,-1.0935313,Haiti
2022,-1.508626,-2.0132007,-0.9470024,-1.4171863999999998,-1.5628925,-1.2193892,Haiti
2023,-1.5012660999999998,-2.0108367,-0.9717411,-1.5446242,-1.6415299,-1.2231222,Haiti
2024,-1.5403494,-2.0156868,-1.2013046,-1.4634157,-1.6033955,-1.2648667,Haiti
1996,-0.4894379,-1.2089067999999998,-0.6758827,-0.7659925999999999,-0.6057045,-0.1502212,Nicaragua
1998,-0.7522207999999999,-1.2123272,-0.6645044,-0.6225828999999999,-0.6954948,-0.1826316,Nicaragua
2000,-0.8559534,-1.3307093,-0.3250112,-0.4086189,-0.8906980999999999,-0.2666318,Nicaragua
2002,-0.8248308999999999,-1.3375375,-0.3721163999999999,-0.5683189,-0.6258408,-0.222983,Nicaragua
2003,-0.7451009,-1.3204114999999998,-0.402922,-0.4363396,-0.4839699999999999,0.0140913,Nicaragua
2004,-0.5554549,-1.0683834,-0.4509313,-0.2438355999999999,-0.5566362,0.0503285,Nicaragua
2005,-0.7076327,-0.9910403,-0.3908856,-0.1918318,-0.5418182,-0.0772921999999999,Nicaragua
2006,-0.7299823,-0.8846033999999999,-0.2789194,-0.2778159,-0.6182996,-0.1445283,Nicaragua
2007,-0.8209443,-0.8746318999999999,-0.1079659999999999,-0.3207312,-0.6625234999999999,-0.1607003,Nicaragua
2008,-0.825777,-0.9073504,-0.2070926,-0.3788964999999999,-0.734583,-0.3531428,Nicaragua
2009,-0.8179046,-0.8378983,-0.2757211,-0.4549073999999999,-0.7960282,-0.3865193999999999,Nicaragua
2010,-0.8482531,-0.8157755999999999,-0.5388003,-0.4466148,-0.8388047,-0.3933659,Nicaragua
2011,-0.8486233,-0.8011847999999999,-0.457223,-0.4514777,-0.7770366,-0.5054961,Nicaragua
2012,-0.843244,-0.7538922,-0.4628059,-0.4036894,-0.832325,-0.6345073999999999,Nicaragua
2013,-0.815753,-0.7345756999999999,-0.3620672,-0.3734933,-0.8327561,-0.5906235,Nicaragua
2014,-0.9953873,-0.7610142,-0.1441664,-0.4022048,-0.9055411,-0.6204725999999999,Nicaragua
2015,-1.0165801,-0.7548906999999999,-0.1762303999999999,-0.3075662999999999,-1.0046454,-0.7262708,Nicaragua
2016,-1.094141,-0.786049,-0.1674906,-0.3988331,-0.9723001,-0.8657174999999999,Nicaragua
2017,-1.0961543,-0.4977074999999999,-0.1815015999999999,-0.4972784999999999,-0.9134992,-0.8526969,Nicaragua
2018,-1.2181897,-0.7706904,-1.1119701,-0.5539729,-1.3054508,-1.165448,Nicaragua
2019,-1.2048569,-0.7436807,-0.9448045,-0.6516936,-1.3334159,-1.189809,Nicaragua
2020,-1.1373893,-0.7981834,-0.5232726,-0.6810712999999999,-1.3373983,-1.1904584,Nicaragua
2021,-1.237514,-0.7550562,-0.4075357,-0.8867041,-1.474372,-1.3557067,Nicaragua
2022,-1.2447097,-0.9210621,-0.1684602999999999,-1.0016657,-1.4947534999999998,-1.4677015,Nicaragua
2023,-1.2598802999999998,-0.9367708,-0.0652355999999999,-1.0126191,-1.5960126,-1.5354061,Nicaragua
2024,-1.4326926,-1.0529768,-0.0694255,-0.9910347,-1.6197013,-1.715777,Nicaragua
1996,-1.4879265,-1.3490638,-1.4967061,-1.8356075,-1.5043605,-2.1460367,Myanmar
1998,-1.4891924,-1.3532658,-1.6349614,-1.9077926,-1.5065279,-2.1960124,Myanmar
2000,-1.4928935,-1.3518124,-1.6348752,-2.0479562,-1.4214042999999998,-2.2429794,Myanmar
2002,-1.4955136,-1.5711763,-1.5158471999999998,-2.1741261,-1.8277832,-2.1695445,Myanmar
2003,-1.4964073999999998,-1.576192,-1.2950773,-2.2218221,-1.8284729,-2.2144146,Myanmar
2004,-1.5927276,-1.6415171,-1.0811254,-2.4021448,-1.8172024,-2.2308409,Myanmar
2005,-1.5927781,-1.7237551999999998,-0.9344471,-2.3131581999999997,-1.8445931,-2.193193,Myanmar
2006,-1.5910295,-1.5909977,-0.7871077999999999,-2.1245544,-1.6570855999999998,-2.1180376,Myanmar
2007,-1.532181,-1.5894841,-1.0447303,-2.1230815,-1.6565113,-2.1143226,Myanmar
2008,-1.5318481,-1.6096857,-1.1194619,-2.1237348,-1.6929326,-2.1473241,Myanmar
2009,-1.5504204,-1.6679918,-1.1579001,-2.1529061,-1.6993749,-2.1377326,Myanmar
2010,-1.1870224,-1.3166107,-1.0884224,-1.6750288999999998,-1.4706145,-1.6038546,Myanmar
2011,-1.1856058,-1.3109568,-1.084601,-1.5954532,-1.3804301,-1.4729778999999998,Myanmar
2012,-1.3191853,-1.5557382,-1.0596578,-1.7631165999999998,-1.4351950999999998,-1.4471572,Myanmar
2013,-1.149632,-1.5485581,-1.2724274,-1.4584015,-1.2647157999999998,-1.3997465,Myanmar
2014,-1.0510924,-1.3003242,-1.1507422,-1.3316118,-1.2517405,-1.3409972,Myanmar
2015,-1.0035195,-1.2574663,-1.123947,-1.110113,-1.24813,-1.2819315999999998,Myanmar
2016,-0.8542761999999999,-1.1523629,-1.0196122,-0.8822049,-1.045056,-0.9424002,Myanmar
2017,-0.7617201,-1.2517085,-1.24136,-0.8430158999999999,-1.0912436,-1.067998,Myanmar
2018,-0.7679218,-1.3199541,-1.2978729999999998,-0.8166314,-1.1735375,-1.0234249,Myanmar
2019,-0.7649935,-1.3177807,-1.3625611,-0.8502984,-1.1866977,-0.9702642,Myanmar
2020,-0.6277817,-1.318284,-1.5318775,-0.7286511,-1.1631619,-0.9104823,Myanmar
2021,-0.9391159,-1.5416257999999998,-2.0939498999999997,-1.1369347,-1.5648147,-1.4221985,Myanmar
2022,-1.136637,-1.6445781,-2.2412758,-1.2603466,-1.6587577999999998,-1.8445657,Myanmar
2023,-1.1116397999999998,-1.5813496,-2.2086828,-1.4451128,-1.7242442,-1.9995543,Myanmar
2024,-1.2527062,-1.5583075,-2.0903985,-1.4197208,-1.811602,-2.12458,Myanmar
1996,-0.7304672999999999,-0.7897088,0.0359199,-1.39069,-1.2234224,-1.2843184,Lao PDR
1998,-0.7332428,-0.7988362999999999,-0.2729497999999999,-1.3683520999999998,-1.2278649,-1.3674368,Lao PDR
2000,-0.7413578,-0.7956793,-0.6018274,-1.4907046,-1.326725,-1.3783059,Lao PDR
2002,-0.7471026,-1.1502742,-0.0799686,-1.3817169,-1.5373033,-1.6997502999999998,Lao PDR
2003,-0.7490623,-1.5309061,-1.0092662,-1.4538744,-1.6175273,-1.7387062999999998,Lao PDR
2004,-1.1120343,-1.0127681,-0.5139608999999999,-1.3157016,-1.4097613,-1.4891358,Lao PDR
2005,-1.2611503,-1.3102987,-0.3800286,-1.226348,-1.1632985,-1.5078162,Lao PDR
2006,-1.3010882,-0.9221857,-0.0903443,-1.1865629,-1.0987704,-1.4378612,Lao PDR
2007,-1.2771996,-0.8734057,-0.1533180999999999,-1.1761206,-1.0493587,-1.4394943,Lao PDR
2008,-1.2442881,-0.8754327,0.0129444,-1.0242586,-1.02587,-1.4338476,Lao PDR
2009,-1.2442993999999998,-0.8878944,-0.0651815999999999,-1.0216488,-1.0303478,-1.4518589,Lao PDR
2010,-1.1900658,-0.8602557,-0.2200354,-0.9484358,-0.9464468,-1.4062968999999998,Lao PDR
2011,-1.1502894,-0.8422502,-0.072408,-0.9273607,-0.9577518,-1.4025949,Lao PDR
2012,-1.1447879,-0.8376374,-0.0728091,-0.8473352,-0.8974981,-1.4072113,Lao PDR
2013,-1.076746,-0.7057833,-0.0505462999999999,-0.8088113,-0.8536497,-1.3985434,Lao PDR
2014,-1.0259697,-0.2761781,0.3772453,-0.7456832999999999,-0.779778,-1.3776916,Lao PDR
2015,-0.9998267,-0.3539782999999999,0.4046383,-0.6993587,-0.7713994,-1.3817502,Lao PDR
2016,-0.9477248,-0.2622768,0.3452009,-0.665338,-0.7516558,-1.3451544,Lao PDR
2017,-1.0088577,-0.2334031,0.2776591,-0.6856629,-0.8221917999999999,-1.3908513999999998,Lao PDR
2018,-1.1101203,-0.649149,0.2651475,-0.7927044999999999,-0.8579945,-1.3641332,Lao PDR
2019,-1.1050142,-0.7571517999999999,0.3582008,-0.7206627999999999,-0.9442456,-1.4478452,Lao PDR
2020,-1.0608703,-0.765948,0.5456553,-0.7757012999999999,-0.8752013999999999,-1.4674351,Lao PDR
2021,-1.0773186,-0.7431648,0.583086,-0.7420677999999999,-0.7575675,-1.3981687,Lao PDR
2022,-0.9974286,-0.7104039999999999,0.7033051,-0.8188603999999999,-0.8397916,-1.3986111,Lao PDR
2023,-0.9646387,-0.7534641999999999,0.7378068,-0.7700083,-0.8447129,-1.4318339999999998,Lao PDR
2024,-0.9798961,-0.5819014,0.5576599,-0.6360281999999999,-0.7424166999999999,-1.4711828999999998,Lao PDR
1996,-0.9042563,-1.0472033,-1.3124206,-0.3476790999999999,-1.2491542,-1.1596215,Cambodia
1998,-0.9057603,-1.0527655,-1.3628292,-0.3356456,-1.2536106,-1.228846,Cambodia
2000,-0.9101576,-1.0508417,-1.0009785,-0.3323699,-1.2001402,-1.1783773,Cambodia
2002,-0.9132706,-1.1388613,-0.9341163,-0.2523816,-1.2761676,-1.0599539,Cambodia
2003,-0.9440919,-1.1451886,-0.9692824,-0.2523591,-1.29082,-0.9768335,Cambodia
2004,-1.0053897,-1.0660651,-0.7441669,-0.4080071999999999,-1.2330613,-0.9237124,Cambodia
2005,-1.166689,-1.2866826,-0.6598807999999999,-0.5046565,-1.3171246,-0.9591426,Cambodia
2006,-1.1364746,-1.1887831,-0.5438366,-0.5256455999999999,-1.3170465,-0.8682572,Cambodia
2007,-1.0513221,-0.9474048,-0.5980652,-0.4484834,-1.2296536,-0.8769558,Cambodia
2008,-1.1588469,-1.0035669,-0.460177,-0.4508525,-1.2423688,-0.9185408,Cambodia
2009,-1.1931259,-0.8036430999999999,-0.5824764,-0.4303625,-1.2243761,-0.9479399,Cambodia
2010,-1.19379,-0.814118,-0.3874276,-0.4119897999999999,-1.233226,-0.9953629,Cambodia
2011,-1.3007746,-0.7478372999999999,-0.3236001,-0.6605772999999999,-1.1516075,-1.0464565,Cambodia
2012,-1.1374421,-0.7009489,-0.3771587999999999,-0.5165398999999999,-1.0805729,-1.022324,Cambodia
2013,-1.1373777,-0.8143031,-0.3707293,-0.4911396999999999,-1.1547168,-1.0291663,Cambodia
2014,-1.2606479,-0.5981221,-0.2628078,-0.6121749,-1.1952691,-1.0752484,Cambodia
2015,-1.2799007999999998,-0.5898441,-0.1585169,-0.6326758,-1.2627563,-1.2074577,Cambodia
2016,-1.3323199,-0.572328,-0.0778582999999999,-0.5672758999999999,-1.2323005,-1.2192126,Cambodia
2017,-1.3304853,-0.4673244,-0.1538527999999999,-0.6039964999999999,-1.1879588,-1.2106905,Cambodia
2018,-1.4286146,-0.4851255,-0.1054427,-0.5908086,-1.2191229,-1.5176701,Cambodia
2019,-1.3389044,-0.5152334,-0.1935314,-0.6492291,-1.1306816,-1.4922674,Cambodia
2020,-1.1175106,-0.5904535,-0.2401873,-0.696444,-1.1462953,-1.3831133,Cambodia
2021,-1.0917539,-0.643403,-0.1486895,-0.6885401,-1.1477048,-1.4431473,Cambodia
2022,-1.1129555,-0.4625515,-0.0739156,-0.6946692,-1.1151898,-1.5049448,Cambodia
2023,-1.1216382,-0.4160661,0.1346422,-0.6762372999999999,-1.099508,-1.5290134,Cambodia
2024,-1.2328592,-0.2935012999999999,0.1284232,-0.6313721,-1.0562612,-1.6706563,Cambodia
1996,-0.6981691,-0.5650656,0.4426812,-0.811365,-0.6793928,-1.1744364,Vietnam
1998,-0.7910718999999999,-0.4542163999999999,0.2626312,-0.7799921,-0.5864448999999999,-1.3747009,Vietnam
2000,-0.7574343,-0.6960312,0.2924713,-0.6739274,-0.6148348,-1.2763399,Vietnam
2002,-0.8009421999999999,-0.7143552999999999,0.385333,-0.834225,-0.8494064,-1.4942054,Vietnam
2003,-0.6741923,-0.6782287,0.1353139,-0.7384175,-0.8325906,-1.4248827,Vietnam
2004,-0.8049470999999999,-0.6498714999999999,-0.0062905,-0.5742238,-0.7403814,-1.3415136,Vietnam
2005,-0.7912064999999999,-0.4528703,0.3438984,-0.5216355,-0.5650883,-1.2709354,Vietnam
2006,-0.5812801,-0.4177643,0.3001579,-0.4928586,-0.5716664,-1.2156144,Vietnam
2007,-0.4258129,-0.4295851,0.1530737999999999,-0.4322833,-0.5454405999999999,-1.2005715,Vietnam
2008,-0.3559755,-0.3687546,0.0487952,-0.4332135,-0.5598863,-1.2173914,Vietnam
2009,-0.3164173999999999,-0.3193011,0.1922119,-0.493849,-0.6059304999999999,-1.2169231,Vietnam
2010,-0.4115989,-0.3572817,0.1198679,-0.5429733999999999,-0.6396959999999999,-1.2627777,Vietnam
2011,-0.3588097999999999,-0.3408008999999999,0.125534,-0.4919809,-0.5275764,-1.1632924999999998,Vietnam
2012,-0.4625662,-0.3349164,0.1055642,-0.6336769999999999,-0.5760225999999999,-1.2561585,Vietnam
2013,-0.4169478,-0.3212996999999999,0.1154208999999999,-0.6002685999999999,-0.6167336,-1.2124165,Vietnam
2014,-0.3619413999999999,0.0813257999999999,-0.0126942,-0.4870771,-0.4910245,-1.1673414,Vietnam
2015,-0.3774131,0.0996825,0.0681785999999999,-0.3289673999999999,-0.372697,-1.006907,Vietnam
2016,-0.3566884999999999,0.0543506,0.1824971,-0.3117465,-0.2605867,-1.0215639,Vietnam
2017,-0.4238211,0.070354,0.1500178999999999,-0.2736109,-0.309361,-1.1220053,Vietnam
2018,-0.3951053,0.018463,-0.0542592999999999,-0.2920712,-0.2854719,-1.0842098,Vietnam
2019,-0.3621433,0.0409358,0.0916744999999999,-0.2780442999999999,-0.2953357,-1.0411752,Vietnam
2020,-0.3131812,0.0679668,0.1302346,-0.2358530999999999,-0.3016754,-1.0910721,Vietnam
2021,-0.310677,0.0482402,0.1345844,-0.3447202,-0.3106415999999999,-1.0661124,Vietnam
2022,-0.2459866,-0.1033176,0.1227944,-0.3472024999999999,-0.3368491,-1.0863991,Vietnam
2023,-0.3083958,-0.1794045,0.0907515,-0.2794316,-0.3401988999999999,-1.1049188,Vietnam
2024,-0.2516989,-0.0922968,0.0056736,-0.2668063,-0.3139343,-1.0983092,Vietnam
1996,-0.2759315,-0.5863082,0.3864824,-1.2010431,0.3103372,-1.446891,"Gambia, The"
1998,-0.2403365999999999,-0.5922693,0.4993911,-0.6411759,0.3350600999999999,-1.17042,"Gambia, The"
2000,-0.2408227999999999,-0.5902075,0.3153328999999999,-0.3597748,0.0263955,-1.2752171,"Gambia, The"
2002,-0.2450872999999999,-0.5900434999999999,0.4777181,-0.4522597,-0.1330182,-0.7499534999999999,"Gambia, The"
2003,-0.1573975,-0.5953216,0.0176281,-0.1835574999999999,0.0617903999999999,-0.5596401999999999,"Gambia, The"
2004,-0.3962133,-0.6714764,-0.0950719999999999,-0.6314569,-0.7057479,-0.7051940999999999,"Gambia, The"
2005,-0.6333333,-0.7874411,-0.0459223,-0.6355044999999999,-0.4946695,-0.9965087,"Gambia, The"
2006,-0.6159595999999999,-0.9187555,-0.1468782,-0.4928060999999999,-0.4198427999999999,-0.9817799,"Gambia, The"
2007,-0.6385879,-0.7778147999999999,-0.0203999999999999,-0.4462667999999999,-0.3569654,-0.973108,"Gambia, The"
2008,-0.6917675,-0.7696386,-0.0120161,-0.4811745999999999,-0.5183904,-1.0136887,"Gambia, The"
2009,-0.7074094,-0.6502235,0.1514336,-0.4801698,-0.6336655999999999,-1.0528254,"Gambia, The"
2010,-0.6967329999999999,-0.638967,0.0735716999999999,-0.5392047999999999,-0.6685595,-1.0824475999999998,"Gambia, The"
2011,-0.6556196,-0.6268448,-0.0174454,-0.5046122,-0.6923652,-1.1982281,"Gambia, The"
2012,-0.7701443,-0.5767663,-0.2214113999999999,-0.4463311,-0.7332373,-1.2368014,"Gambia, The"
2013,-0.8714738,-0.6098694,-0.2420331,-0.62969,-0.8035133,-1.2195775,"Gambia, The"
2014,-0.8916468999999999,-0.5410093,-0.3503537,-0.6173255999999999,-0.8943356,-1.2094307,"Gambia, The"
2015,-0.9231417,-0.6335683,-0.2105015999999999,-0.6927682,-0.9141184,-1.3095822,"Gambia, The"
2016,-0.9137354,-0.6110704,-0.446274,-0.6369045999999999,-0.9649881,-1.2057754,"Gambia, The"
2017,-0.5031960999999999,-0.5220745999999999,-0.1969536999999999,-0.5600594999999999,-0.5615844,-0.6545953999999999,"Gambia, The"
2018,-0.417942,-0.5023406,-0.1154594999999999,-0.7118009,-0.4590143,-0.2913699999999999,"Gambia, The"
2019,-0.3416671,-0.5361521,0.0678807,-0.6967552,-0.4430566999999999,-0.3337986,"Gambia, The"
2020,-0.2228167999999999,-0.5874216,0.1363877,-0.70407,-0.3368299999999999,-0.2585693,"Gambia, The"
2021,-0.3139401,-0.5131901,0.0231959,-0.7545354999999999,-0.3721489,-0.2013339999999999,"Gambia, The"
2022,-0.3002052,-0.5024957999999999,0.1344853,-0.673555,-0.3639747,-0.2100487999999999,"Gambia, The"
2023,-0.2961671999999999,-0.4683483,0.1359931999999999,-0.63169,-0.340458,-0.1684255,"Gambia, The"
2024,-0.3342284,-0.5358243,-0.0180453,-0.6640332,-0.3941933999999999,-0.1820029,"Gambia, The"
1996,-1.1619134,-1.0785486,-1.3347198999999998,-1.0728714,-1.1352687,-1.5687344,Nigeria
1998,-1.3225666,-1.3235782,-1.115589,-1.0626256,-1.1332464,-1.3465171,Nigeria
2000,-1.4274289999999998,-1.2673021,-1.6267513,-1.2023868,-1.2256919,-0.8697906999999999,Nigeria
2002,-1.6883572,-1.526427,-2.0636563,-1.1555737,-1.5261562,-0.9112545,Nigeria
2003,-1.5156767,-1.3727196,-1.8566436,-1.1482554,-1.4253748,-0.8789467,Nigeria
2004,-1.3957478,-1.0917105,-1.7245397,-1.23812,-1.2389652,-0.8697064999999999,Nigeria
2005,-1.2796302,-1.0897789,-1.7338852,-1.0189616,-1.2662786,-0.7831209,Nigeria
2006,-1.1887753,-1.0454643,-1.8286711,-0.8992521,-1.1068189,-0.6623487,Nigeria
2007,-1.1576585,-0.9559052,-1.7074110999999998,-0.8413883,-1.0404247,-0.6976321,Nigeria
2008,-1.0428079,-1.0168012,-1.5994258,-0.7606817,-0.9990706,-0.7412127,Nigeria
2009,-1.0705308,-1.1203412,-1.4819713,-0.7510414999999999,-1.0044187,-0.838162,Nigeria
2010,-1.1312205,-1.1375966,-2.0245506,-0.9112702,-1.1156581,-0.8874004999999999,Nigeria
2011,-1.1407268,-1.1214371,-1.9456535,-0.8755063999999999,-1.061201,-0.7739016999999999,Nigeria
2012,-1.1466737,-0.9699142,-2.0883526999999997,-0.7528414999999999,-1.0854852,-0.6541165999999999,Nigeria
2013,-1.1851958,-0.9819811,-1.9893057,-0.7409667999999999,-1.1858575999999998,-0.6666434,Nigeria
2014,-1.2981195,-1.0549073,-2.1855496999999997,-0.7940186,-1.1320206,-0.6329701,Nigeria
2015,-1.1613946,-0.9138838,-1.6677712999999998,-0.7402000999999999,-0.9608775,-0.5168669,Nigeria
2016,-1.0910815,-0.9191662,-1.7100665,-0.8149879,-0.8794569,-0.5825956999999999,Nigeria
2017,-1.1443962,-0.8608661,-1.9097854,-0.7780788,-0.793796,-0.5449969,Nigeria
2018,-1.1452871,-0.8458382,-1.8854786,-0.8300183999999999,-0.8138238999999999,-0.4981167999999999,Nigeria
2019,-1.1258494,-0.9678483,-1.9732073,-0.8646096999999999,-0.8377059,-0.6028496,Nigeria
2020,-1.1178348,-0.9841775,-2.0090379,-0.8874002,-0.8413031,-0.6092451999999999,Nigeria
2021,-1.1909306,-1.0500622,-2.0135756,-0.8726579,-0.9263276,-0.7594776,Nigeria
2022,-1.225087,-1.056847,-1.9526169,-0.9963194,-0.9998212,-0.7666744,Nigeria
2023,-1.098731,-0.8677545,-1.9559706,-0.8274258,-0.9348488,-0.7370051,Nigeria
2024,-1.1145909,-1.0065889,-2.0025617,-0.6332954,-1.0069453,-0.7265446999999999,Nigeria
1996,-1.2343655999999998,-1.3060162,-1.8630763,-1.4243032,-1.2167888999999998,-1.0138840999999998,Central African Republic
1998,-1.2371411,-1.3151438,-1.8641344,-1.3934147,-1.2241608,-0.9622846,Central African Republic
2000,-1.2601757,-1.3119868,-1.7988239,-1.3850063,-1.2263368,-0.9317667,Central African Republic
2002,-0.9751802,-1.7274889999999998,-1.9592333,-1.4143077,-0.9179072,-1.1128204,Central African Republic
2003,-1.1427486,-1.7367336999999998,-1.7807906,-1.5586561,-1.4675735,-1.4419471,Central African Republic
2004,-1.3134547,-1.6558153,-1.5073251,-1.1684303,-1.3221006,-1.0997424,Central African Republic
2005,-1.2806541,-1.7555964,-1.4370565,-1.3252678,-1.4008998,-1.089414,Central African Republic
2006,-1.1206776,-1.67014,-1.7256437999999998,-1.3418318,-1.4945807,-1.0171558,Central African Republic
2007,-1.0493179,-1.6327306,-1.7222041,-1.2969965,-1.4794971,-0.9799673,Central African Republic
2008,-1.1470045,-1.6332668,-1.7034314,-1.2974471,-1.447707,-0.9345123,Central African Republic
2009,-1.0963308,-1.5246398,-1.3308075,-1.1709528,-1.350346,-1.0130057,Central African Republic
2010,-0.9798396,-1.4094240999999998,-1.7167201,-1.1011777,-1.3182623,-1.1109098,Central African Republic
2011,-0.9803047,-1.4041863,-1.5684755,-1.1159256,-1.3336277,-1.0581363,Central African Republic
2012,-0.9511,-1.4247717,-1.8710274,-1.1406329,-1.4283661,-1.0844806,Central African Republic
2013,-1.1350883,-1.5187178,-2.1491589,-1.4160967,-1.8659188,-1.3458993,Central African Republic
2014,-1.2510310999999998,-1.6249509,-2.4862537,-1.5184462,-1.8093264,-1.183112,Central African Republic
2015,-1.3662253,-1.6179466999999998,-1.8904664,-1.5173593,-1.7074828,-1.1507213,Central African Republic
2016,-1.3081853,-1.5617326,-1.698431,-1.4327731,-1.6889029,-1.08091,Central African Republic
2017,-1.1807818,-1.5629537999999998,-1.8265104,-1.4177784,-1.6052805,-1.0753709,Central African Republic
2018,-1.22089,-1.5339025,-1.8936363,-1.3677627,-1.553388,-0.991608,Central African Republic
2019,-1.2014247999999998,-1.5816743,-1.8528537,-1.3673824,-1.5839953,-1.0322464,Central African Republic
2020,-1.2524048,-1.6123187,-2.3306101,-1.365152,-1.5623816,-1.2261003,Central African Republic
2021,-1.316273,-1.5775561,-2.1689304,-1.3937882,-1.5476834,-1.2527095,Central African Republic
2022,-1.3173981,-1.5903191,-1.9022515,-1.3694826999999998,-1.6673355,-1.2634566,Central African Republic
2023,-1.3816342,-1.5707645,-1.8741718,-1.3283436,-1.7248503,-1.3209367,Central African Republic
2024,-1.3099708,-1.57655,-1.8329469,-1.268058,-1.7147975,-1.311266,Central African Republic
1996,-0.3498209,-1.3060162,-1.7769035,-1.2467070999999998,-0.2712559,-0.8088055,West Bank and Gaza
1998,-0.3525964,-1.3151438,-1.7762854,-1.2158186,-0.2770745,-0.8066428999999999,West Bank and Gaza
2000,-0.3607112999999999,-1.3119868,-1.890909,-1.2074101,-0.3139494,-0.8224644999999999,West Bank and Gaza
2002,-0.3664561,-1.3117356,-1.8894191,-1.0171786,-0.506804,-0.7740846,West Bank and Gaza
2003,-0.3684157999999999,-1.3245877,-1.4078541999999998,-1.1946922,-0.3007948,-0.7183765999999999,West Bank and Gaza
2004,0.023597,-0.4663709,-1.2175,-0.5491338,-0.4111852,-0.6031225,West Bank and Gaza
2005,-0.2615283,-0.9673051,-1.4705309,-0.6192369,-0.7187378,-0.4889172,West Bank and Gaza
2006,-0.3012835,-0.8674602,-1.6581857,-0.6219716,-0.7776635,-0.2329323999999999,West Bank and Gaza
2007,-0.2175811,-0.7853422999999999,-1.7258722,-0.8736607,-1.0285457999999998,-0.4570987999999999,West Bank and Gaza
2008,-0.453152,-0.8470599999999999,-1.8396941,-0.747547,-0.9940609,-0.5362859999999999,West Bank and Gaza
2009,-0.0190615,-0.389052,-1.7595267,-0.1580724,-0.6702161,-0.7542671,West Bank and Gaza
2010,-0.0181378,-0.1372251,-1.7694196999999998,0.0225555,-0.5365615,-0.69879,West Bank and Gaza
2011,-0.4653574,-0.4514793,-1.8788223,-0.0709781999999999,-0.734252,-0.8821454,West Bank and Gaza
2012,-0.4289721999999999,-0.4729661,-1.9475989,-0.3584232,-0.7355210999999999,-0.8068358,West Bank and Gaza
2013,-0.3344603,-0.4666827999999999,-1.8005748,-0.3592190999999999,-0.7696506999999999,-0.8841024,West Bank and Gaza
2014,-0.4330927,-0.2718704,-1.673337,-0.1441563,-0.7588315,-0.7997219999999999,West Bank and Gaza
2015,-0.4552156,-0.2500245,-1.7310474,-0.1390882,-0.8691901999999999,-0.8640125999999999,West Bank and Gaza
2016,-0.2822615,-0.3087974,-1.6936289999999998,-0.1522958999999999,-0.7975253999999999,-0.8871726999999999,West Bank and Gaza
2017,-0.3074945,-0.1394848,-1.3682541,-0.0426241,-0.8102739,-0.9093434,West Bank and Gaza
2018,-0.3037652999999999,-0.4655951,-1.4649194,-0.1505264999999999,-0.8780785999999999,-0.8250548,West Bank and Gaza
2019,-0.3181336999999999,-0.4472111,-1.523121,-0.1491287,-0.8515925999999999,-0.8673772999999999,West Bank and Gaza
2020,-0.5368921,-0.4497852,-1.7401966,-0.1515086,-0.8841821999999999,-0.8400719,West Bank and Gaza
2021,-0.5922462,-0.6289954,-1.6333144,-0.1524659,-0.8929068,-0.9995573,West Bank and Gaza
2022,-0.5708588,-0.7155811,-1.5318512,-0.1550172,-0.8475185,-1.0420817,West Bank and Gaza
2023,-0.5990356,-1.0419917,-1.619148,-0.3605976999999999,-0.8857153999999999,-1.1578125,West Bank and Gaza
2024,-0.5708422,-1.0985907,-1.8763518,-0.4676244,-0.9893971,-1.3459759,West Bank and Gaza
1996,-0.2903698,0.0724351,-0.7883503,-0.3276597,0.0157875,-1.1471164,"Egypt, Arab Rep."
1998,-0.5478542,-0.2224136,-0.3972691,-0.3008312999999999,-0.1827629999999999,-1.1757084,"Egypt, Arab Rep."
2000,-0.5521491,-0.2541717,-0.4457866,-0.3139849,-0.1178374,-1.2298814,"Egypt, Arab Rep."
2002,-0.6106491,-0.728812,-0.6231042,-0.5474032999999999,-0.1273754,-1.1042357,"Egypt, Arab Rep."
2003,-0.630474,-0.6388484999999999,-0.8097073,-0.5819430999999999,-0.1323011,-1.1214899,"Egypt, Arab Rep."
2004,-0.6297096999999999,-0.5720178,-0.8807908999999999,-0.5956608999999999,-0.1250357,-1.1000972,"Egypt, Arab Rep."
2005,-0.6190665,-0.6310496999999999,-0.6948124,-0.4997625,-0.2134851999999999,-1.0742112,"Egypt, Arab Rep."
2006,-0.5725119,-0.6146271999999999,-0.676554,-0.3747774,-0.284285,-1.0415775,"Egypt, Arab Rep."
2007,-0.5368286999999999,-0.5786331,-0.4507884,-0.1790641999999999,-0.274528,-1.0421615,"Egypt, Arab Rep."
2008,-0.5715378999999999,-0.5179342,-0.4316049999999999,-0.1092085999999999,-0.2146515,-1.0898866,"Egypt, Arab Rep."
2009,-0.4952858,-0.3337177,-0.5708605999999999,-0.0191401,-0.2094603,-1.0111207,"Egypt, Arab Rep."
2010,-0.608266,-0.4820937999999999,-1.0007352,-0.0846898,-0.2849681,-1.0903918,"Egypt, Arab Rep."
2011,-0.5611174,-0.493349,-1.6888455999999998,-0.2206717,-0.51085,-1.0149758,"Egypt, Arab Rep."
2012,-0.5175138,-0.5323164,-1.5894566,-0.5120719,-0.5396816,-0.7796626,"Egypt, Arab Rep."
2013,-0.5658677,-0.7648362999999999,-1.8070331,-0.7386307999999999,-0.795294,-1.0853614,"Egypt, Arab Rep."
2014,-0.5762579999999999,-0.6440127999999999,-1.5091298,-0.7425351,-0.8397026999999999,-1.2061889,"Egypt, Arab Rep."
2015,-0.5639736,-0.5216722,-1.5178167,-0.7363711,-0.8381446,-1.2767461999999998,"Egypt, Arab Rep."
2016,-0.4472655,-0.4409503999999999,-1.5399732,-0.7670926,-0.8445636,-1.341413,"Egypt, Arab Rep."
2017,-0.4059653,-0.4068951999999999,-1.4711477,-0.7082554,-0.7746141999999999,-1.3321122,"Egypt, Arab Rep."
2018,-0.4749757,-0.4058854999999999,-1.2620095999999998,-0.7426752999999999,-0.7397560999999999,-1.5263923,"Egypt, Arab Rep."
2019,-0.6521091999999999,-0.1186416999999999,-1.1969208999999998,-0.7028437,-0.7493879999999999,-1.5713115,"Egypt, Arab Rep."
2020,-0.7914606,-0.2343558999999999,-1.1172787,-0.6355909,-0.7898805999999999,-1.587094,"Egypt, Arab Rep."
2021,-0.7873199,-0.2251022999999999,-1.066781,-0.5701379,-0.8185251,-1.6579735999999998,"Egypt, Arab Rep."
2022,-0.7776624,-0.1434309,-0.9542974,-0.6685017,-0.7728130999999999,-1.6315045,"Egypt, Arab Rep."
2023,-0.8169044999999999,-0.0397463,-0.8993232999999999,-0.5731672,-0.7776875,-1.6026342,"Egypt, Arab Rep."
2024,-0.8269898,-0.0970579,-0.9779235,-0.4994693999999999,-0.7515398999999999,-1.6006344,"Egypt, Arab Rep."
1996,-0.3270546,-0.2701396,-0.6904418,-0.7799368,-0.4790176,-0.15722,Papua New Guinea
1998,-0.3665368,-0.5448568,-0.2559810999999999,-0.5905169,-0.5244594,-0.3078905999999999,Papua New Guinea
2000,-0.6890128999999999,-0.5434034,-0.267413,-0.4355658,-0.6826704,-0.3893188999999999,Papua New Guinea
2002,-0.8510205,-0.7183695999999999,-0.8442622999999999,-0.7959588999999999,-0.5459293,-0.4571056,Papua New Guinea
2003,-0.8519142,-0.7233853,-0.9055723,-0.8827398,-0.6318047999999999,-0.4275226,Papua New Guinea
2004,-1.1020596,-0.5305369,-0.7719374999999999,-0.7122151999999999,-0.4401180999999999,-0.4609913,Papua New Guinea
2005,-1.1920123,-0.9362249,-1.048107,-0.8534659,-0.7066405,-0.3321513,Papua New Guinea
2006,-1.0546271,-0.735262,-1.0799066,-0.5024183999999999,-0.6858738999999999,-0.1145587999999999,Papua New Guinea
2007,-1.0483268,-0.7193402,-0.9276787,-0.3703479,-0.6581517,-0.13633,Papua New Guinea
2008,-1.0818488,-0.649118,-0.7838524,-0.4476401,-0.6816725,-0.1571299,Papua New Guinea
2009,-1.0987722,-0.6690648,-0.9272324,-0.4401124999999999,-0.69819,-0.1478507,Papua New Guinea
2010,-0.9715433,-0.6857865,-0.9409904,-0.4333699,-0.7032712999999999,-0.1996623,Papua New Guinea
2011,-0.9769416,-0.6833058,-0.9018493,-0.4280705999999999,-0.6611764,-0.1907682,Papua New Guinea
2012,-1.0036539,-0.6577442,-0.8790758999999999,-0.5009861,-0.7227231,-0.2314358,Papua New Guinea
2013,-1.0035819,-0.6662104999999999,-0.7908101,-0.4653449,-0.8041796999999999,-0.2308578,Papua New Guinea
2014,-0.9742497,-0.7337737,-0.6691482999999999,-0.2587839,-0.5838074,-0.18564,Papua New Guinea
2015,-0.9734974,-0.7346421,-0.6937922999999999,-0.3927754,-0.614147,-0.1841012,Papua New Guinea
2016,-0.984655,-0.8173469,-0.7576267999999999,-0.4591785,-0.6183169,-0.1046203999999999,Papua New Guinea
2017,-0.9946183,-0.7120555,-0.8689907,-0.5227809,-0.6199276,-0.0994270999999999,Papua New Guinea
2018,-0.940001,-0.6966528,-0.7969145,-0.4670821,-0.6685244,-0.0378458,Papua New Guinea
2019,-0.9871229,-0.7267308,-0.7991969999999999,-0.5079956,-0.7140866,-0.0745731,Papua New Guinea
2020,-0.5484433,-0.8860450999999999,-0.7687147999999999,-0.5871307,-0.6603549,-0.0509719,Papua New Guinea
2021,-0.6567906,-0.9081302,-0.7476250999999999,-0.7514953999999999,-0.6493713,-0.074268,Papua New Guinea
2022,-0.5882269999999999,-1.0845367,-0.6856785,-0.7469684,-0.5458926,-0.0744077,Papua New Guinea
2023,-0.6018212,-1.0841072,-0.530809,-0.710919,-0.5107674999999999,-0.1098476999999999,Papua New Guinea
2024,-0.7973513,-0.9004466999999999,-0.653875,-0.6004013,-0.5713328999999999,-0.3264396,Papua New Guinea
1996,-0.7452266,-1.307264,-1.9134952,-1.4920822,-0.912102,-0.9092907,"Congo, Rep."
1998,-0.6783636,-1.3132251,-2.0608401,-1.6109577,-1.6004965,-1.6686769,"Congo, Rep."
2000,-0.4962551999999999,-1.3111633,-1.7228409999999998,-1.3348674,-1.266919,-1.5559516999999998,"Congo, Rep."
2002,-1.0193486,-1.3109993,-1.8087564,-0.9134471,-1.1310975,-1.0833132,"Congo, Rep."
2003,-1.0208033,-1.3193929,-1.2440365,-1.113389,-1.132389,-1.0243266,"Congo, Rep."
2004,-0.9621535,-1.1452811,-1.1974359,-0.967939,-1.0295985,-1.0668275,"Congo, Rep."
2005,-1.1076439,-1.285593,-1.2677906,-1.197862,-1.4389458,-1.1568319,"Congo, Rep."
2006,-1.1397101,-1.2884306,-0.8804342,-1.1127562,-1.2465113,-1.183521,"Congo, Rep."
2007,-1.1032439,-1.3116546999999998,-0.8429129,-1.0866382,-1.1855387,-1.1978107999999998,"Congo, Rep."
2008,-1.2084292,-1.1272144,-0.7986814999999999,-1.1425067,-1.1704647,-1.1524466,"Congo, Rep."
2009,-1.2084391,-1.12546,-0.3817436999999999,-1.1476222,-1.2134292,-1.1381865,"Congo, Rep."
2010,-1.1727804,-1.1177022,-0.532351,-1.1313015,-1.2170422,-1.0975082,"Congo, Rep."
2011,-1.1227079,-1.1032115999999998,-0.6251959,-1.1564755,-1.2164845,-1.0979268,"Congo, Rep."
2012,-1.2236744,-1.0475415,-0.6683922999999999,-1.1262868,-1.1966054,-1.1414271,"Congo, Rep."
2013,-1.1924841,-1.1096762,-0.5775904,-1.0833788,-1.182882,-1.1074311,"Congo, Rep."
2014,-1.2753339,-0.929383,-0.4742736999999999,-1.0410129,-1.1269949,-1.1230949,"Congo, Rep."
2015,-1.2818737,-0.8351827,-0.7582165,-0.9831998,-1.0761749,-1.0367267,"Congo, Rep."
2016,-1.2697622,-0.8123243,-0.760806,-1.0632459,-1.1470002,-1.1355417,"Congo, Rep."
2017,-1.3044744,-0.8685556,-0.7695685,-1.18652,-1.1856071,-1.1395448,"Congo, Rep."
2018,-1.3693693999999998,-0.9770525,-0.6896411,-1.1717606,-1.2048968,-1.2112094,"Congo, Rep."
2019,-1.4947169,-0.9420603,-0.5963817,-1.2153336,-1.2224066999999998,-1.2846968,"Congo, Rep."
2020,-1.3702576,-1.1735413,-0.5758284,-1.3205808,-1.2489371,-1.2242845,"Congo, Rep."
2021,-1.3431645,-1.1895932,-0.5174198999999999,-1.1613755,-1.2333168,-1.2723726,"Congo, Rep."
2022,-1.3638515999999998,-1.1313765,-0.1445911,-1.2181294,-1.2067389,-1.2699351,"Congo, Rep."
2023,-1.4043963,-1.1669408,-0.1994603999999999,-1.1865166,-1.1829206,-1.2822094,"Congo, Rep."
2024,-1.423569,-1.110638,-0.2584147,-1.1515624,-1.1785603,-1.3147808,"Congo, Rep."
1996,0.3420657,-0.7897088,0.8459080999999999,-0.7139190999999999,0.1603563999999999,0.3614554,São Tomé and Principe
1998,0.3392902,-0.7988362999999999,0.8462683999999999,-0.6830305999999999,0.1529846,0.4509789999999999,São Tomé and Principe
2000,0.2162935,-0.7956793,0.9031055,-0.6746221,0.132105,0.4461428,São Tomé and Principe
2002,0.2105486999999999,-0.7954281,0.4524201,-0.3067944999999999,-0.1775315999999999,0.4258946999999999,São Tomé and Principe
2003,-0.0821514,-0.8082803,0.1485281,-0.4843085,-0.1676551,0.2727232,São Tomé and Principe
2004,-0.322845,-0.8252022,0.3360332,-0.9648983,-0.4611845,0.2281907,São Tomé and Principe
2005,-0.4171686,-0.9139256,0.4933405999999999,-0.7909816,-0.4161621,0.187436,São Tomé and Principe
2006,-0.4591736999999999,-1.0189826,0.4054543,-0.7372019999999999,-0.4191259,0.2759358,São Tomé and Principe
2007,-0.3761365,-0.8843441,0.4716038999999999,-0.7857692,-0.3647061,0.1546886999999999,São Tomé and Principe
2008,-0.2913022,-0.7813194,0.3647144,-0.7542422999999999,-0.4049177,0.0966385,São Tomé and Principe
2009,-0.24061,-0.7775255999999999,0.4775703,-0.7767238,-0.559762,0.1304204,São Tomé and Principe
2010,-0.2249869,-0.816785,0.3709720999999999,-0.7935285999999999,-0.4874684999999999,0.146939,São Tomé and Principe
2011,-0.1580215999999999,-0.7454738999999999,0.288448,-0.7089091,-0.4882211999999999,0.2620556,São Tomé and Principe
2012,-0.1592074,-0.7847881999999999,0.2880402999999999,-0.7369156,-0.5782942999999999,0.2727971,São Tomé and Principe
2013,-0.1937576,-0.8437148,0.393194,-0.8527615,-0.666458,0.1651844999999999,São Tomé and Principe
2014,-0.0806894,-0.7347454999999999,0.4791964999999999,-0.7964507,-0.6367132999999999,0.2197117999999999,São Tomé and Principe
2015,-0.0797689999999999,-0.6582285999999999,0.3792165999999999,-0.7509954,-0.5832763,0.1862957999999999,São Tomé and Principe
2016,-0.1169146,-0.5965439,0.2641855999999999,-0.7306619999999999,-0.5057678999999999,0.1153477,São Tomé and Principe
2017,0.0961283999999999,-0.5457335999999999,0.2145007,-0.7689334,-0.4991696,0.1151681,São Tomé and Principe
2018,0.1565474,-0.3812300999999999,0.4666013,-0.8284372,-0.4949939,0.1570562999999999,São Tomé and Principe
2019,0.1759771,-0.4593399999999999,0.5232443,-0.8537092,-0.4874284,0.1673346,São Tomé and Principe
2020,0.0892524,-0.4887190999999999,0.4748720999999999,-0.8307876,-0.3568778999999999,0.1130391999999999,São Tomé and Principe
2021,0.1620477,-0.5922232,0.6052679,-0.8221936,-0.3937827,0.137464,São Tomé and Principe
2022,0.1448530999999999,-0.6505091,0.4930734,-0.818472,-0.2943814999999999,0.1308055,São Tomé and Principe
2023,0.1218553999999999,-0.6767276,0.6193031999999999,-0.8811260999999999,-0.3531339,0.1185495999999999,São Tomé and Principe
2024,0.1841643999999999,-0.7186737999999999,0.4890126999999999,-0.8908801,-0.3531666,0.1647037999999999,São Tomé and Principe
1996,-0.8375515,-0.9700687,-0.7225509,-0.7899984,-0.3946005999999999,-0.8260765999999999,Albania
1998,-0.563184,-0.9760298,-0.9457727,-0.9299176,-0.8718551999999999,-0.6636183999999999,Albania
2000,-0.9827702,-1.1093724,-1.2463975,-0.736177,-0.9694167,-0.5249370999999999,Albania
2002,-1.0003421,-0.6571054,-0.6545571,-0.4325555,-0.7542805,-0.2153127,Albania
2003,-1.0079715,-0.6637265,-0.43559,-0.4162418,-0.7576267999999999,-0.1267372,Albania
2004,-0.7554331,-0.4499558999999999,-0.6084853,-0.287862,-0.5144925,-0.0105244,Albania
2005,-0.8830283999999999,-0.6979426999999999,-0.6100173,-0.3556517999999999,-0.6642115,0.1006314,Albania
2006,-0.6947376,-0.6153929,-0.549163,-0.1313664,-0.6119228999999999,0.1202025999999999,Albania
2007,-0.6751999,-0.5171955,-0.1885591999999999,-0.0069108999999999,-0.5254485,0.0980996,Albania
2008,-0.6438129,-0.4824716,-0.0276847,0.0382242,-0.4726555999999999,0.1726,Albania
2009,-0.5744720999999999,-0.2900013999999999,-0.0272379,0.1276639,-0.4057361,0.1550401,Albania
2010,-0.5039222999999999,-0.2964483,-0.1725061,0.1073455,-0.3178041,0.1270914,Albania
2011,-0.6894267,-0.2490676999999999,-0.348045,0.053824,-0.2992653999999999,-0.0048785,Albania
2012,-0.8226266,-0.3393566,-0.3697641,-0.0835796999999999,-0.4022257999999999,-0.0572675,Albania
2013,-0.8155319999999999,-0.3564183999999999,-0.1931708,-0.0639441999999999,-0.4812225,-0.0615944,Albania
2014,-0.6758626,0.0801175,0.2608816,0.0565349999999999,-0.2764224999999999,0.0984136999999999,Albania
2015,-0.5865235,0.1835584999999999,0.1252711,0.0444083,-0.2267931,0.0763576,Albania
2016,-0.5061985,0.1974460999999999,0.1659700999999999,0.0642829999999999,-0.2061558,0.0737892,Albania
2017,-0.5663593,0.2560489999999999,0.1638298,0.1105236999999999,-0.2057486,0.1067553,Albania
2018,-0.5871088999999999,0.2684643,0.1502031999999999,0.1139598,-0.1743527,0.1354782,Albania
2019,-0.5384935,0.0266494,0.0043749999999999,0.0917374,-0.2914280999999999,0.0967645999999999,Albania
2020,-0.6594306,0.0187103,-0.0049854,-0.0195592999999999,-0.2567381999999999,0.0554688,Albania
2021,-0.60203,0.1116368,0.0239536,-0.0049463,-0.2015586,-0.0004042999999999,Albania
2022,-0.500456,0.1929668,0.0115424999999999,0.0155769,-0.1309656,0.024176,Albania
2023,-0.4640443999999999,0.293429,0.0246567,0.0632513,-0.1530110999999999,-0.0363936,Albania
2024,-0.4207600999999999,0.3123437,0.0204668,0.1357346999999999,-0.1185025,-0.0124167999999999,Albania
1996,-1.1922875,-0.8080335,-1.0798005,-1.4580139,-1.37748,-1.444529,Cameroon
1998,-1.1553371,-1.053063,-0.7679168,-0.8993762999999999,-1.1637989,-1.5300117,Cameroon
2000,-1.1590382,-1.0516097,-0.5362139,-0.8125437999999999,-1.2720614,-1.5185251,Cameroon
2002,-1.3592621,-1.2050191,-0.8576954,-1.1092138,-1.2992569,-1.3431666,Cameroon
2003,-1.0642977,-1.2859289,-0.6465010999999999,-1.1127486,-1.229768,-1.2786546,Cameroon
2004,-1.1561621,-1.048838,-0.5565186,-0.8070934999999999,-0.9888373,-1.089285,Cameroon
2005,-1.2320786,-1.0799827,-0.3681294,-0.7980533999999999,-1.2073948,-1.0611092,Cameroon
2006,-0.8518878999999999,-1.0844884,-0.2662983,-0.79836,-1.1748767,-0.9501019,Cameroon
2007,-0.8274568,-0.9545798,-0.3436526,-0.7119493,-1.0838637,-0.92765,Cameroon
2008,-0.7677497,-0.894691,-0.5919129,-0.7086798999999999,-1.0250358,-0.9440496,Cameroon
2009,-0.7867759,-0.8292826,-0.4490608,-0.7374784999999999,-1.0514621,-0.9970658,Cameroon
2010,-0.9239071,-0.8190524,-0.6655279,-0.7502651,-1.0110913,-1.0311765,Cameroon
2011,-1.0477201,-0.8421702999999999,-0.7430462999999999,-0.8149314999999999,-1.0550838,-1.0194629,Cameroon
2012,-1.2340704,-0.8326177,-0.7987418,-0.9033095,-1.1055169,-1.0898972,Cameroon
2013,-1.1694764,-0.7950543999999999,-0.8313341999999999,-0.9187625,-1.1695624999999998,-1.0759872,Cameroon
2014,-1.1800614,-0.5751345999999999,-0.9216987,-0.8083541,-1.0563501,-0.9633286,Cameroon
2015,-1.0952851,-0.6267228,-1.0831153,-0.7586864,-1.0900712,-0.9796946,Cameroon
2016,-1.1306679,-0.6124980999999999,-1.1424059,-0.7135794,-1.0885148999999998,-1.0603877,Cameroon
2017,-1.1579943,-0.6251,-1.1934513,-0.7908965,-1.1183069,-1.1012762,Cameroon
2018,-1.1162626,-0.6780214,-1.4691248,-0.7746014999999999,-1.1423927,-1.2208867,Cameroon
2019,-1.1336941,-0.7379684,-1.6172731,-0.7732119,-1.1892427,-1.2525607,Cameroon
2020,-1.057706,-0.8271415,-1.6215792,-0.7462458,-1.2272568,-1.2003042,Cameroon
2021,-1.115647,-0.7877107999999999,-1.5786829999999998,-0.8167198999999999,-1.2194535,-1.2449272999999998,Cameroon
2022,-1.1102965,-0.7843452,-1.6950827,-0.7549412999999999,-1.2120562,-1.243908,Cameroon
2023,-1.1264261,-0.7787016999999999,-1.6104201,-0.7393913999999999,-1.2400721,-1.2426857,Cameroon
2024,-1.2242854,-0.8007886999999999,-1.556804,-0.7286714999999999,-1.2537215,-1.2417667,Cameroon
1996,0.0520044999999999,-0.9700687,0.1284756,-1.2397786,-0.3072618,-0.1957343,Madagascar
1998,-0.0685591,-0.9760298,0.0801906,-0.8156599999999999,-0.3703866999999999,-0.0834193999999999,Madagascar
2000,-0.0745829,-0.973968,0.0538724,-0.5342589,-0.287284,-0.1328344,Madagascar
2002,-0.0393789,-0.5079696,-0.2444069999999999,-0.3440795,-0.3299612,-0.2730669,Madagascar
2003,0.0792649,-0.8781019,0.2935597,-0.382073,-0.5065395,-0.1312296,Madagascar
2004,-0.3107225,-0.675701,-0.0227541,-0.5454591,-0.3418461,-0.1469641,Madagascar
2005,-0.3115825,-0.5664990999999999,-0.0435418,-0.455103,-0.2887078,-0.1220433,Madagascar
2006,-0.1926405,-0.5842788,0.1406385,-0.4229158,-0.3078826,-0.0736595,Madagascar
2007,-0.1559895,-0.4517328,0.1026496,-0.375112,-0.3068549,0.0013637,Madagascar
2008,-0.1853766,-0.5164841,-0.4815149999999999,-0.4327952,-0.3523698,-0.3168072,Madagascar
2009,-0.2117032999999999,-0.5389524,-0.7671093999999999,-0.5707981,-0.7108084,-0.7749469999999999,Madagascar
2010,-0.3902245,-0.6564666,-1.1657418,-0.7429887,-0.8509099,-0.7792941999999999,Madagascar
2011,-0.4045495,-0.7418961,-0.8035247,-0.7428343,-0.8607739,-0.7694481,Madagascar
2012,-0.6123708999999999,-0.908933,-0.6903891,-0.7533594,-0.8274005,-0.8368405,Madagascar
2013,-0.7119532,-0.9315533,-0.6021042,-0.8753209,-1.0194324,-0.8737117,Madagascar
2014,-0.7838366999999999,-0.9922593,-0.5624437,-0.8934656,-0.914848,-0.7331899,Madagascar
2015,-0.784991,-0.9995334,-0.5263576999999999,-0.8780507999999999,-0.7873387,-0.6761863,Madagascar
2016,-0.7948759999999999,-0.8355651,-0.4661162,-0.7997983,-0.7441264,-0.6621363,Madagascar
2017,-0.922522,-0.819978,-0.5350161999999999,-0.7939974999999999,-0.7899503,-0.6761349,Madagascar
2018,-0.9185574,-0.8877092,-0.7625617,-0.8901794,-0.7923835,-0.5792419999999999,Madagascar
2019,-0.9256695,-0.867749,-0.529453,-0.8495415,-0.8395324,-0.534724,Madagascar
2020,-0.8463989,-0.9069144,-0.574674,-0.8711152,-0.8586345999999999,-0.4743286,Madagascar
2021,-0.9473613,-0.9458829,-0.4612648,-0.8689985,-0.893154,-0.5564671999999999,Madagascar
2022,-0.9659728,-0.9182243,-0.5250260999999999,-0.8313081999999999,-0.9669241,-0.5338533999999999,Madagascar
2023,-0.9853603,-0.9548243,-0.8409401999999999,-0.8500495,-0.9554116,-0.6052114,Madagascar
2024,-1.0099165,-0.8631928,-0.4805584,-0.7485885999999999,-0.8827065,-0.7253683999999999,Madagascar
1996,-0.7791338,-0.7295317,-0.5542176999999999,-0.6861939,-0.7866599,-0.1611068,"Venezuela, RB"
1998,-0.8017367,-0.921342,-0.5012683,-0.7605649,-0.7601157,-0.1254727,"Venezuela, RB"
2000,-0.6589923,-1.0116408,-0.7443814,-0.6514355,-0.8792011999999999,-0.3009656,"Venezuela, RB"
2002,-1.0638596,-1.3457593,-1.3442093,-0.7253855,-1.2652081,-0.6723018,"Venezuela, RB"
2003,-1.072741,-1.1702922,-1.2032513,-1.1397629,-1.3475777,-0.5955782,"Venezuela, RB"
2004,-0.9992689,-1.1337191,-1.2731843,-1.1051905,-1.2472630999999998,-0.6812809999999999,"Venezuela, RB"
2005,-1.0800689,-0.9904699,-1.1780576,-1.102026,-1.2796105,-0.6518202,"Venezuela, RB"
2006,-1.086031,-0.9983667,-1.2628817,-1.2117558,-1.4481394,-0.7183531999999999,"Venezuela, RB"
2007,-1.2819329,-0.9001330999999999,-1.2199871,-1.4169013,-1.6452384999999998,-0.7962579999999999,"Venezuela, RB"
2008,-1.3074351,-0.9298126,-1.2866765,-1.4656249,-1.7408213,-0.86136,"Venezuela, RB"
2009,-1.26445,-0.8357298999999999,-1.2678968,-1.4445751,-1.7151679,-0.8954291999999999,"Venezuela, RB"
2010,-1.2608652,-1.0472523,-1.3612278,-1.5468556999999998,-1.7596634999999998,-0.8893276,"Venezuela, RB"
2011,-1.1254851,-1.0964067,-1.2600190999999998,-1.3475102,-1.7894853,-0.9963473,"Venezuela, RB"
2012,-1.2642649,-0.9258987,-1.2182009,-1.4702376,-1.8320627,-1.026747,"Venezuela, RB"
2013,-1.3024871999999998,-0.9532104,-1.3240347,-1.5140943,-1.9898326,-1.2049828,"Venezuela, RB"
2014,-1.4287488,-1.0075778,-1.1741498,-1.7057535,-2.090584,-1.251376,"Venezuela, RB"
2015,-1.4246938,-1.0199503,-1.1927697,-1.699118,-2.3022492,-1.3294104,"Venezuela, RB"
2016,-1.4158486,-1.0747796,-1.2150045,-1.7645909,-2.2785297,-1.3494951,"Venezuela, RB"
2017,-1.4525617,-1.1922781999999998,-1.3800646,-1.8304438,-2.2148942,-1.4766975999999998,"Venezuela, RB"
2018,-1.5949164999999998,-1.5959536,-1.4649999,-2.1462308,-2.3064689,-1.6549242,"Venezuela, RB"
2019,-1.5948486,-1.5974655999999998,-1.5120562,-2.1726804,-2.3309796,-1.6869045,"Venezuela, RB"
2020,-1.5783233,-1.562144,-1.4257071,-2.1686654,-2.3520631,-1.6883576,"Venezuela, RB"
2021,-1.5843708,-1.5198422,-1.2895082,-2.0857455,-2.3086878,-1.7943114999999998,"Venezuela, RB"
2022,-1.603038,-1.5015522,-1.1268117,-1.924741,-2.2378914,-1.7782262,"Venezuela, RB"
2023,-1.5592697,-1.4324209,-1.1035948,-1.88792,-2.2007889,-1.7578417,"Venezuela, RB"
2024,-1.5871400999999998,-1.4662497,-1.7404242,-1.9030732,-2.2042740999999997,-1.8174487,"Venezuela, RB"
1996,-0.5723184,-0.2734013,-1.1966684,-0.7676027999999999,-0.2632008,-0.8306424,Armenia
1998,-0.6439547999999999,-0.6388345,-0.8907326,-0.7898368,-0.0989389,-0.5641256,Armenia
2000,-0.8246565,-0.6449406999999999,-0.8270133,-0.7264838,-0.4442086999999999,-0.5752267,Armenia
2002,-0.9400415,-0.2957267,-0.2690225,-0.0563245,-0.344753,-0.4343828999999999,Armenia
2003,-0.941413,-0.3023479,0.0578823,0.1777389,-0.342697,-0.6085254999999999,Armenia
2004,-0.6721623999999999,-0.1956256999999999,-0.2215046,0.1844338999999999,-0.2470619999999999,-0.6534901,Armenia
2005,-0.5987762999999999,-0.2233106,-0.1159405999999999,0.1206063,-0.3330156999999999,-0.5677441,Armenia
2006,-0.6287834,-0.2399649999999999,-0.1845154,0.2208144,-0.4593738,-0.5324667,Armenia
2007,-0.7056118,-0.3655469,0.1764597,0.2437483999999999,-0.3905878,-0.4510215999999999,Armenia
2008,-0.7596162999999999,-0.2999247,-0.141342,0.3914686,-0.3348917999999999,-0.6966135,Armenia
2009,-0.7353936999999999,-0.0404606,0.1499281999999999,0.4085992,-0.4332737,-0.7647286,Armenia
2010,-0.6713720999999999,-0.1432718,0.0171223,0.3844423999999999,-0.4412636,-0.7272512999999999,Armenia
2011,-0.677393,-0.0113660999999999,-0.142543,0.3710118,-0.3869668,-0.5426552,Armenia
2012,-0.6183619,0.0313392,0.0562514,0.4081354,-0.3573175999999999,-0.4296658,Armenia
2013,-0.5341199,0.0697532,-0.0281785,0.3441588,-0.3019861,-0.4439759,Armenia
2014,-0.6390245,-0.1326293999999999,-0.2358315,0.1234002999999999,-0.4145072999999999,-0.3735727,Armenia
2015,-0.6231951,-0.1424065,-0.1392643999999999,0.2129025,-0.3963242999999999,-0.3535547,Armenia
2016,-0.5806762999999999,-0.1056077,-0.3896011,0.2424884,-0.3080558,-0.3894293,Armenia
2017,-0.5641041,-0.010591,-0.3015882,0.2658499,-0.3193061,-0.3415409,Armenia
2018,-0.1642391,-0.1730615999999999,-0.0038900999999999,0.2852478,-0.2186605999999999,0.2320021,Armenia
2019,-0.0523489,-0.2531827,0.0683699,0.2583707,-0.2479878999999999,0.2006866,Armenia
2020,0.1056078999999999,-0.3375702,-0.2935835,0.2080999,-0.0751786,0.2108734,Armenia
2021,0.0558397999999999,-0.3553578,-0.5019,0.1972098,-0.1028405,0.1047104,Armenia
2022,0.0574941999999999,-0.3306901,-0.3556235,0.0783259999999999,-0.2386468,0.0567692,Armenia
2023,0.1046117999999999,-0.163441,-0.5022441,0.0964411,-0.2107914,0.0614401,Armenia
2024,0.1446809,-0.3640294,-0.7232972999999999,0.137992,-0.1423943,0.1201848,Armenia
1996,-0.1917520999999999,-0.6031664999999999,-0.1108175,-0.5183842,-0.1951306,0.2553917,Bulgaria
1998,0.0438167,-0.3071658,0.5169467,0.1029515,-0.1508416,0.3358715,Bulgaria
2000,-0.1491298999999999,-0.3193332,0.4296798,0.1382475,-0.0907549,0.3310167,Bulgaria
2002,-0.0007995999999999,-0.0419982,0.40517,0.3857171,-0.0149214999999999,0.4131843,Bulgaria
2003,-0.0561659,-0.0474568,0.1952399,0.5244916,-0.2016277,0.4379845,Bulgaria
2004,0.1341795,-0.0150204,0.0520693999999999,0.5420783,-0.0941294999999999,0.4686663,Bulgaria
2005,0.0235430999999999,-0.0613292999999999,0.3053882,0.6353859,-0.1160971,0.5952839,Bulgaria
2006,0.1068728999999999,-0.1664398,0.3206462,0.5521691,-0.069945,0.6851174999999999,Bulgaria
2007,-0.061456,-0.1576116,0.3575005,0.5972288,-0.033193,0.7008671,Bulgaria
2008,-0.1116766,-0.2498712,0.4069274,0.6293099999999999,-0.1469503999999999,0.6183183,Bulgaria
2009,-0.2486441999999999,-0.0587278,0.3832437999999999,0.5008737,-0.1393653,0.5935034,Bulgaria
2010,-0.3206264,-0.2958077,0.3736482,0.4826726999999999,-0.2998251,0.5234556,Bulgaria
2011,-0.3558138999999999,-0.2805497999999999,0.3085566999999999,0.3293894,-0.3367214,0.325433,Bulgaria
2012,-0.3572623,-0.202198,0.3911291,0.3314825999999999,-0.2175182,0.3526623,Bulgaria
2013,-0.3480638,-0.1532468,0.1704694,0.2963471,-0.231316,0.2012594999999999,Bulgaria
2014,-0.3904198,-0.1542943,0.2420709999999999,0.3082609,-0.2149399,0.2195941,Bulgaria
2015,-0.4387083,-0.1097244999999999,0.1823905999999999,0.4178283,-0.2080985,0.2421524,Bulgaria
2016,-0.3444028,-0.0689038999999999,0.2073038999999999,0.5564144,-0.1981219,0.2331893,Bulgaria
2017,-0.3083772999999999,-0.0494362,0.4061393,0.5379574,-0.2333326,0.1264568999999999,Bulgaria
2018,-0.1893944,-0.0244659,0.592909,0.4816345999999999,-0.1406672,0.0730547,Bulgaria
2019,-0.1252922,0.0359426,0.5788167,0.4580562999999999,-0.1405825,0.1389293,Bulgaria
2020,-0.2584156999999999,-0.0577385999999999,0.4210468,0.3077122,-0.1505346,0.193102,Bulgaria
2021,-0.2260611,-0.0148069999999999,0.4063981,0.3229288999999999,-0.0377457,0.1902884,Bulgaria
2022,-0.1369351,-0.0737381,0.3269732999999999,0.2475956,-0.0998029,0.1982151999999999,Bulgaria
2023,-0.1501295,0.1061570999999999,0.3144686,0.351784,-0.0265936,0.2596074,Bulgaria
2024,-0.2400179999999999,0.0428203,0.0399268,0.2880341999999999,-0.0333423,0.2133864,Bulgaria
1996,-1.4799949,-1.3618338,-1.0281324,-1.2749156,-1.2189282,-1.3465846,Azerbaijan
1998,-1.309663,-1.3532658,-0.928979,-1.1202729,-1.0059309,-1.2524356,Azerbaijan
2000,-1.3814862,-1.3849617,-0.9438213,-0.8631614,-1.0982414,-1.2121626,Azerbaijan
2002,-1.391787,-1.1844661,-0.9031405,-0.7817506999999999,-0.8493320999999999,-0.9840978,Azerbaijan
2003,-1.2648083,-1.1894435,-0.9887094,-0.6355594999999999,-0.8414222,-0.9829957,Azerbaijan
2004,-1.2455967,-1.0690396,-1.1248397,-0.6217811999999999,-0.7462241,-1.0112244,Azerbaijan
2005,-1.1575898999999998,-0.9041952,-1.1496892,-0.542242,-0.7239405999999999,-1.033867,Azerbaijan
2006,-1.1420573,-0.8634636,-0.9866253,-0.488286,-0.7611566,-0.9707928,Azerbaijan
2007,-1.1661174,-0.8094254999999999,-0.5868985999999999,-0.4496343,-0.715959,-0.9457875,Azerbaijan
2008,-1.1747872,-0.8223916,-0.2808866,-0.3763567,-0.7537191,-0.9760022,Azerbaijan
2009,-1.1418298,-0.7260011,-0.351531,-0.3326616,-0.7673536,-0.9357633,Azerbaijan
2010,-1.2337448,-0.8597442,-0.3145012,-0.4634625,-0.7874494,-1.0195147,Azerbaijan
2011,-1.1630943,-0.7958643999999999,-0.6570897,-0.4419223,-0.7606134999999999,-1.026788,Azerbaijan
2012,-1.1735441,-0.8083243,-0.6838565999999999,-0.4893907999999999,-0.7516124,-1.0260348,Azerbaijan
2013,-1.0027032,-0.6064243,-0.4837639999999999,-0.3899694999999999,-0.6655226,-1.1753685,Azerbaijan
2014,-1.1217641,-0.4254637,-0.433564,-0.2770165,-0.6478778,-1.1592198,Azerbaijan
2015,-0.9367808,-0.3537251999999999,-0.4941808,-0.2618170999999999,-0.7053728,-1.1872655,Azerbaijan
2016,-0.7523065999999999,-0.1263081,-0.5043466,-0.2166787999999999,-0.6732404,-1.2208691,Azerbaijan
2017,-0.8585937,-0.1355347999999999,-0.4556352999999999,-0.1853699999999999,-0.7127751,-1.2346391,Azerbaijan
2018,-0.9065044,-0.1558709,-0.3567438,-0.2005079,-0.6533544,-1.2691213,Azerbaijan
2019,-0.7550887,-0.0555998,-0.3373117,-0.1045151,-0.6725504,-1.4597886999999998,Azerbaijan
2020,-0.7598072,-0.0570332999999999,-0.5087721,-0.1055885,-0.6182094,-1.4537297,Azerbaijan
2021,-0.7758132999999999,-0.0569922999999999,-0.4888287,-0.0594814,-0.6085851999999999,-1.433342,Azerbaijan
2022,-0.8302212,-0.0543532,-0.5420480999999999,-0.0606320999999999,-0.5484749,-1.4304325,Azerbaijan
2023,-0.8819591999999999,0.0656316,-0.4004143,0.0432245,-0.5160585,-1.5174941,Azerbaijan
2024,-0.7750777999999999,0.1661183,-0.1404058,0.1348932,-0.4853711,-1.5042391,Azerbaijan
1996,-0.8826482999999999,-0.2734013,-0.4874146,-0.6765378999999999,-0.8466018,-0.9104533,Kyrgyz Republic
1998,-0.761764,-0.2825287999999999,-0.5150958,-0.5441429999999999,-0.8170212,-1.0059222,Kyrgyz Republic
2000,-1.0247621,-0.3533816999999999,-0.6299215,-0.5567827,-0.9100805,-1.29106,Kyrgyz Republic
2002,-1.0348308,-0.6029641,-0.8143863,-0.1669081,-0.6946951,-0.9426646,Kyrgyz Republic
2003,-1.0366425,-0.6120798,-1.1170803,0.0197313,-0.699328,-0.9105257,Kyrgyz Republic
2004,-1.1207444,-0.5562427999999999,-1.1211438,-0.2938165,-0.6315934,-0.8597954999999999,Kyrgyz Republic
2005,-1.3417191,-0.7841751,-1.2443254,-0.5272789999999999,-1.0411481,-0.8332988,Kyrgyz Republic
2006,-1.3607877,-0.8741635,-1.2701597999999998,-0.5763990999999999,-1.1817883,-0.5997653,Kyrgyz Republic
2007,-1.3303239,-0.7425505,-0.8659977999999999,-0.4811610999999999,-1.0852165,-0.6744406,Kyrgyz Republic
2008,-1.3088248999999998,-0.9613572,-0.5213825,-0.4912842999999999,-1.2176076999999998,-0.9259281,Kyrgyz Republic
2009,-1.3428103999999998,-1.001767,-0.5809063,-0.5702782,-1.2183921,-0.9471269,Kyrgyz Republic
2010,-1.1425793,-0.7697326,-0.9344437,-0.4725786999999999,-1.1674615,-0.8101431,Kyrgyz Republic
2011,-1.2108816999999998,-0.8697708,-0.9970807,-0.4152696999999999,-0.9953062,-0.6321637,Kyrgyz Republic
2012,-1.1598391,-0.8926853,-0.8759479,-0.499224,-0.934599,-0.5682541,Kyrgyz Republic
2013,-1.1747911,-0.8625472,-0.8163448999999999,-0.4370868,-0.9467484,-0.4503839,Kyrgyz Republic
2014,-1.1718773999999998,-0.8594428,-0.7066273,-0.5414534,-0.8193140999999999,-0.3187974,Kyrgyz Republic
2015,-1.2076555,-0.8949145,-0.7293545,-0.5596846999999999,-0.8379898,-0.2483693,Kyrgyz Republic
2016,-1.1900138999999998,-0.8966118,-0.5531495,-0.3906415,-0.8007904,-0.2515391999999999,Kyrgyz Republic
2017,-1.1583682,-0.7139171999999999,-0.2975366,-0.2937056,-0.7135136,-0.2832911999999999,Kyrgyz Republic
2018,-1.0445924,-0.5418628,-0.323764,-0.3502337,-0.6921729999999999,-0.2718145999999999,Kyrgyz Republic
2019,-0.9826685,-0.6704150999999999,-0.2068191999999999,-0.4211895,-0.7384495999999999,-0.3956981,Kyrgyz Republic
2020,-1.048438,-0.5862512999999999,-0.5068231,-0.4846177,-0.7295208999999999,-0.4870232,Kyrgyz Republic
2021,-1.1583724,-0.8422527999999999,-0.3876484,-0.5122396,-0.879262,-0.5153924,Kyrgyz Republic
2022,-1.2024196,-0.9984392,-0.422477,-0.5260208,-0.9265186,-0.639873,Kyrgyz Republic
2023,-1.1965583,-1.0041023,-0.5096672999999999,-0.5342741,-0.9738995,-0.730617,Kyrgyz Republic
2024,-1.1364649,-0.8885033,-0.5045251,-0.5167463999999999,-0.9360937,-0.8013292,Kyrgyz Republic
1996,-1.2362291,-1.1224394,-0.6058852,-1.8243401,-1.3274610999999998,-1.6654422999999998,Uzbekistan
1998,-1.1608581,-1.1336066,-0.8840420999999999,-2.0351444,-1.19914,-1.8167757,Uzbekistan
2000,-1.2907622,-1.1563903,-1.2021976,-2.1315988999999997,-1.2010434,-1.8848805,Uzbekistan
2002,-1.0900414,-1.6080262,-0.9717514,-1.7245787,-1.2075551,-1.637322,Uzbekistan
2003,-1.1057682,-1.6142928,-1.3398114,-1.6968231,-1.1640736,-1.6668581,Uzbekistan
2004,-1.2435529,-1.3575754,-1.2856128,-1.6385296,-1.0754307,-1.5860919,Uzbekistan
2005,-1.4380121,-1.3893207,-1.8095801,-1.6128066,-1.3862948,-1.7419899,Uzbekistan
2006,-1.2178175,-1.3757921,-1.5779657,-1.5906725,-1.3984929,-1.6782818,Uzbekistan
2007,-1.2191216,-1.1645575,-1.1281489999999998,-1.4473985,-1.1632483,-1.6765853,Uzbekistan
2008,-1.221967,-1.0113214,-0.9950438,-1.4130371,-1.131023,-1.7076882,Uzbekistan
2009,-1.3731472,-0.9400214,-0.8629327999999999,-1.4821917,-1.2201693999999998,-1.6604597,Uzbekistan
2010,-1.3718693,-1.1490114,-0.650179,-1.5049808,-1.3247371,-1.6546771999999998,Uzbekistan
2011,-1.4422773,-1.1231157,-0.6116039999999999,-1.5808158,-1.3631468999999998,-1.6342207,Uzbekistan
2012,-1.3688011,-1.1456714,-0.5612427999999999,-1.4475479,-1.2021157999999998,-1.6817234,Uzbekistan
2013,-1.2602046,-1.1087144,-0.5624156,-1.4471998,-1.1417832,-1.5768097,Uzbekistan
2014,-1.2360262,-0.6758124,-0.2604881,-1.4667954,-1.0845673999999998,-1.5349076,Uzbekistan
2015,-1.2590618999999998,-0.6172445999999999,-0.3053458,-1.4349451,-1.0656479,-1.5932902,Uzbekistan
2016,-1.2283125,-0.5969381,-0.2080446,-1.4002382,-1.0431822,-1.5770056,Uzbekistan
2017,-1.2448456,-0.5185929,-0.2138791,-1.2927183,-0.9963473,-1.4691322999999998,Uzbekistan
2018,-1.2111454,-0.5399603,-0.2119487,-1.1476921,-0.8956067999999999,-1.2977614,Uzbekistan
2019,-1.1224344,-0.5008385,-0.2167593,-0.9215511,-0.9439475,-1.4249571,Uzbekistan
2020,-0.8356941999999999,-0.6566879999999999,-0.3614058,-1.0224974,-0.9125699,-1.2394383,Uzbekistan
2021,-0.7419446,-0.3035457,-0.221247,-0.6939061,-0.7001664999999999,-1.0392373,Uzbekistan
2022,-0.6991299999999999,-0.3830537,-0.2325524,-0.6482517999999999,-0.6719908,-1.0425553,Uzbekistan
2023,-0.7017458999999999,-0.2985743999999999,-0.2504784,-0.6716791,-0.6742999,-1.0006156,Uzbekistan
2024,-0.7543162999999999,-0.1435922,-0.0267335,-0.5267442999999999,-0.6562072,-1.0401976,Uzbekistan
1996,-1.0351882,-0.5406548,-1.3351476,-1.4288693,-1.1833661,-1.380423,Serbia
1998,-1.2904086,-0.8450595999999999,-1.949659,-1.7957881,-1.2795018,-1.193156,Serbia
2000,-1.1701307,-0.8473972999999999,-1.7933712,-1.8796329,-1.4088404,-0.9206528,Serbia
2002,-1.165171,-0.4634859,-0.6071111,-0.9154822,-0.8909288999999999,-0.2992384999999999,Serbia
2003,-0.749599,-0.615935,-0.6791377,-0.9178804,-0.877199,-0.3040542,Serbia
2004,-0.609888,-0.282202,-0.6087726999999999,-0.6598565,-0.7451272,-0.2299163,Serbia
2005,-0.6247596999999999,-0.4140273,-0.7386035999999999,-0.7171181999999999,-0.8771274,-0.1912697,Serbia
2006,-0.2366528,-0.3385076999999999,-0.5940373,-0.5817702,-0.4331321999999999,0.2517474,Serbia
2007,-0.3109326,-0.3493064999999999,-0.3876119,-0.4205512999999999,-0.2645811999999999,0.328277,Serbia
2008,-0.310971,-0.3257368,-0.2439040999999999,-0.4003176,-0.3819132999999999,0.280667,Serbia
2009,-0.3340540999999999,-0.2327864999999999,-0.2142355,-0.3494237,-0.4117213999999999,0.3129287,Serbia
2010,-0.3659137999999999,-0.2327325999999999,-0.2219433999999999,-0.2818969,-0.4156392,0.2638233,Serbia
2011,-0.3321697,-0.2899811,-0.1961186999999999,-0.2779936,-0.2316858,0.258274,Serbia
2012,-0.392706,-0.2926171999999999,-0.1119391,-0.2769224999999999,-0.2133225,0.0987383999999999,Serbia
2013,-0.3686590999999999,-0.2470451,-0.0234258,-0.2482646999999999,-0.203697,0.1433921,Serbia
2014,-0.2208569,0.1058442999999999,0.1732464,0.0017785,-0.0706309,0.125625,Serbia
2015,-0.3238735,-0.0428976,0.2787873999999999,0.0774729,-0.0388041,0.1127889,Serbia
2016,-0.3507415,0.0587501,0.1629002,-0.0089099,-0.0692373,0.1008580999999999,Serbia
2017,-0.4082155999999999,0.1137012999999999,0.1168497,0.0175700999999999,-0.100076,-0.0274908,Serbia
2018,-0.3869521999999999,0.1424118,0.1163728,0.0896661,-0.0999067999999999,-0.1790806999999999,Serbia
2019,-0.3635548,0.0665414,0.0620767,0.064278,-0.0652981,-0.1847773,Serbia
2020,-0.3682278,0.0476746,-0.0681568,0.0652905,-0.1348535,-0.1971568,Serbia
2021,-0.4707878,0.0628473,-0.0436914,0.0556174,-0.1926347,-0.2621982,Serbia
2022,-0.4849048999999999,0.1788278999999999,-0.0525867,0.0892565999999999,-0.1559554,-0.2834019,Serbia
2023,-0.501692,0.1035439,0.0879568999999999,0.0850626999999999,-0.1840377,-0.3760322,Serbia
2024,-0.5608287,0.1019486,-0.1686389999999999,0.07835,-0.2000778,-0.4658584,Serbia
1996,-1.0248734,-1.1664349,-0.2121592,-0.7274754,-0.906503,-0.5180412999999999,Ukraine
1998,-1.219501,-1.1883009,-0.275414,-0.9726888,-1.0835454,-0.4728970999999999,Ukraine
2000,-1.2104628,-1.0286022,-0.4992464,-0.9020265,-1.1005422,-0.7593483,Ukraine
2002,-1.3131065,-1.0173133,-0.2407178999999999,-0.8356555,-0.8702072,-0.6836884999999999,Ukraine
2003,-1.3389776,-0.9148617,-0.3714753,-0.7460564,-0.8302183,-0.7233855,Ukraine
2004,-1.1123487,-0.7853926,-0.5577038,-0.4457248,-0.7663342999999999,-0.6836514,Ukraine
2005,-0.9260936,-0.8795063999999999,-0.3902796,-0.4233194999999999,-0.7815361,-0.2256755,Ukraine
2006,-0.9111879,-0.8759032999999999,-0.1849010999999999,-0.3384871,-0.7056486,0.0925574,Ukraine
2007,-0.954175,-0.7953471999999999,0.0450845999999999,-0.3296088,-0.6541274,0.1177616,Ukraine
2008,-0.9761621,-0.825253,-0.033573,-0.5991555,-0.6449052,0.1216802999999999,Ukraine
2009,-1.0904026,-0.8187084,-0.2283028,-0.6679509,-0.7076867,0.133882,Ukraine
2010,-1.1211122,-0.8109626,-0.0505126,-0.5820073,-0.8087033,-0.0569311999999999,Ukraine
2011,-1.1275052,-0.8250636,-0.1696208,-0.7940784,-0.7663803,-0.2705415,Ukraine
2012,-1.2152257,-0.6959141999999999,-0.2458009,-0.6915182999999999,-0.6740033,-0.2682283,Ukraine
2013,-1.209471,-0.7401477999999999,-0.9612412,-0.6663049,-0.720552,-0.3473772,Ukraine
2014,-1.0708377,-0.5207145,-1.9928368,-0.6229401999999999,-0.7255486999999999,-0.1882038,Ukraine
2015,-1.0636259,-0.5539736,-1.8064426,-0.6169589,-0.6999354999999999,-0.1573009,Ukraine
2016,-1.0150766,-0.5158451,-1.6309394,-0.522695,-0.6452955,-0.1297301,Ukraine
2017,-0.9532072,-0.4837223,-1.590004,-0.3684466999999999,-0.5761461,-0.1305496,Ukraine
2018,-0.9896988,-0.3631938999999999,-1.4461552,-0.3505756,-0.5163067,-0.0332900999999999,Ukraine
2019,-0.782195,-0.3729408999999999,-1.0320239,-0.2900464,-0.5855728,0.0813478,Ukraine
2020,-0.8309525999999999,-0.3827228,-0.9599236,-0.3496325999999999,-0.5670134,0.1275231,Ukraine
2021,-0.8040912,-0.4048590999999999,-0.9905631,-0.3585413,-0.5685603,0.0995611999999999,Ukraine
2022,-0.6837717999999999,-0.6371971,-1.0507565,-0.4122791999999999,-0.7423061999999999,-0.019284,Ukraine
2023,-0.7242773,-0.5803376,-0.545978,-0.3782819,-0.7454054,-0.0900654999999999,Ukraine
2024,-0.6723809,-0.5988431,-0.432315,-0.3008523999999999,-0.7201989999999999,-0.1110085,Ukraine
1996,-0.0876552999999999,-0.2491129,-0.4723833999999999,-0.5944607,-0.0288352,0.1440198,"Guyana, CR"
1998,-0.1761011999999999,0.1286864999999999,-0.2680843,-0.170342,-0.1919168,0.2837948999999999,"Guyana, CR"
2000,-0.2330702999999999,0.1307482999999999,-0.7353297999999999,-0.3014975,-0.1983249,0.3118788999999999,"Guyana, CR"
2002,-0.2373346999999999,0.1309122999999999,-0.6448598,-0.4582205,-0.4046575,0.3648594,"Guyana, CR"
2003,-0.2387893999999999,0.1225187,-0.4492941,-0.3197717,-0.4391454999999999,0.3785929,"Guyana, CR"
2004,-0.2679358,-0.0177433,-0.5436852,-0.4276090999999999,-0.4493308,0.1801574,"Guyana, CR"
2005,-0.3706475999999999,-0.3480773,-0.4411748,-0.5511484,-0.5229481,0.0269638,"Guyana, CR"
2006,-0.4077971999999999,-0.1107271,-0.6630496,-0.5011745,-0.50137,0.0186256,"Guyana, CR"
2007,-0.4973068,0.0182250999999999,-0.4443427,-0.5421735999999999,-0.3991725,0.0193069999999999,"Guyana, CR"
2008,-0.4734188,-0.1494954,-0.4732925,-0.5363036,-0.4434923999999999,0.0514798,"Guyana, CR"
2009,-0.451976,-0.0858978,-0.4000971,-0.5853657999999999,-0.4631779,0.0834140999999999,"Guyana, CR"
2010,-0.4763999,-0.042627,-0.3589398,-0.5579204999999999,-0.4185333,0.0274535999999999,"Guyana, CR"
2011,-0.5678004,-0.045055,-0.4609717,-0.6387181,-0.5935159,-0.0207601,"Guyana, CR"
2012,-0.6766898,-0.0195935,-0.4771909,-0.6248640999999999,-0.5748148,-0.0377718,"Guyana, CR"
2013,-0.5714367,-0.0235782,-0.5088822,-0.5773702,-0.5954332,0.0091792,"Guyana, CR"
2014,-0.6007990999999999,-0.0947731,-0.2183680999999999,-0.5788286,-0.6067467999999999,-0.0122943999999999,"Guyana, CR"
2015,-0.5095919,-0.1184435,-0.150202,-0.5358252,-0.5466890999999999,-0.0799546999999999,"Guyana, CR"
2016,-0.4101323,-0.1181523999999999,-0.0054002999999999,-0.3884311,-0.4932335,-0.067868,"Guyana, CR"
2017,-0.4790414999999999,-0.1613264999999999,-0.0051392,-0.3707903999999999,-0.4147758,-0.0364931,"Guyana, CR"
2018,-0.36789,-0.0849901,-0.0410701,-0.4646567,-0.4102576,0.0613929999999999,"Guyana, CR"
2019,-0.2410317,-0.0844712,-0.0594026999999999,-0.5433513,-0.4402673,0.0413674,"Guyana, CR"
2020,-0.1158874,-0.2652471,-0.0072965999999999,-0.5877644,-0.3872775,0.0164414999999999,"Guyana, CR"
2021,-0.1042454,-0.1426381,-0.0281476999999999,-0.5733425,-0.378924,-0.012718,"Guyana, CR"
2022,-0.2293385,-0.1291709,0.2107129999999999,-0.6476546999999999,-0.3602997,-0.0386204,"Guyana, CR"
2023,-0.3098656999999999,-0.0976684999999999,0.2012497999999999,-0.6656004,-0.3719349999999999,-0.0639646,"Guyana, CR"
2024,-0.3468855999999999,-0.0982402,0.2164982999999999,-0.4474838,-0.3342220999999999,-0.1074386,"Guyana, CR"
1996,-0.0339506,-1.048861,0.2587992,-1.3307203,-1.0893701,-1.4011374,Cuba
1998,-0.194604,-0.7825479,0.2436073,-1.3347866,-1.0044649,-1.4805905,Cuba
2000,-0.1983050999999999,-0.4808917,0.3752008,-1.2479540999999998,-1.1156078,-1.5049134,Cuba
2002,-0.1212313999999999,-0.804966,0.3966228,-1.3912185,-1.2185891,-1.520452,Cuba
2003,-0.1221251999999999,-0.8099816999999999,0.2949967,-1.5224175,-1.2204636,-1.5270269,Cuba
2004,-0.2082438999999999,-0.580456,0.2992425999999999,-1.6534352,-1.1353475,-1.6879273,Cuba
2005,-0.1442033,-0.8989727999999999,0.4196157,-1.4526301,-1.2164285,-1.6912789,Cuba
2006,0.4536368,-0.4655686,0.4911177,-1.4641993,-0.8728691,-1.5820151999999998,Cuba
2007,0.4523842999999999,-0.464055,0.4217554,-1.4627264,-0.7788672999999999,-1.5387505,Cuba
2008,0.530215,-0.4304076,0.4445078999999999,-1.4237116,-0.856016,-1.5412803,Cuba
2009,0.5302032999999999,-0.4262852,0.4583653,-1.452883,-0.8558167,-1.5419817,Cuba
2010,0.4889155999999999,-0.5959660999999999,0.4544143,-1.6241742,-0.9527566,-1.5192541,Cuba
2011,0.4883787,-0.5964777,0.2361692,-1.6239119,-0.9101838,-1.500579,Cuba
2012,0.4572964,-0.4747673,0.2398597999999999,-1.3823719,-0.8796389,-1.499154,Cuba
2013,0.3160505999999999,-0.4746378,0.3041157,-1.3468561,-0.8771996,-1.4698658999999998,Cuba
2014,0.2926138,-0.0016531,0.5757985999999999,-1.0973937,-0.8454438,-1.4282708,Cuba
2015,0.2903657,-0.0026184999999999,0.5847165999999999,-0.9848517,-0.8805666999999999,-1.3981281,Cuba
2016,0.0053057999999999,-0.0350921,0.6142617,-1.1406888,-0.8469491,-1.4103612,Cuba
2017,0.0402953,-0.0638778,0.5729674,-1.1400770999999998,-0.8740228999999999,-1.4159595,Cuba
2018,-0.0111422,-0.211616,0.5676310999999999,-1.2250246,-0.8329432,-1.2856792,Cuba
2019,-0.1433557,-0.1082032,0.6592456999999999,-1.2243427,-0.7580682,-1.1895935,Cuba
2020,-0.1430736,-0.1099187,0.6687382,-1.2255038,-0.5749692,-1.1899555,Cuba
2021,-0.2211207,-0.0976359,0.4994387999999999,-1.1730802,-0.6486658,-1.2291961,Cuba
2022,-0.2238752,0.0198019,0.4974927999999999,-1.1673033,-0.4977926,-1.2297456,Cuba
2023,-0.1628482,-0.0018924999999999,0.4305506999999999,-1.2309526,-0.5659906,-1.2493934,Cuba
2024,-0.2262769999999999,-0.2695183,0.3155266,-1.4371482,-0.6235716,-1.2685712999999998,Cuba
1996,0.1661306,0.2009393,-0.2494553,-0.3578001,0.2300287999999999,-0.5467806,Jordan
1998,0.3379194,0.0652065,-0.2592859,0.1751268,0.2347440999999999,-0.6713701999999999,Jordan
2000,0.2364885,-0.1715824,-0.2320878999999999,0.1943533999999999,0.256756,-0.4989651,Jordan
2002,-0.0064713999999999,-0.1530624,-0.6190013999999999,0.0239071,-0.1157416999999999,-0.7149308999999999,Jordan
2003,0.2951936,0.0946268,-0.3478648,0.2155183,0.0278854999999999,-0.6772225,Jordan
2004,0.067614,0.0497677,-0.339358,0.3627243,0.1082312,-0.6799694,Jordan
2005,0.063524,-0.079024,-0.2770266,0.3211519,0.1612897999999999,-0.5820164999999999,Jordan
2006,0.0883568,0.0988902,-0.7383727,0.1526239,0.1482972,-0.5633207,Jordan
2007,0.1029529,0.1912327999999999,-0.2892704,0.1566393999999999,0.2709006,-0.5532783,Jordan
2008,0.2408528999999999,0.1884765,-0.3806817999999999,0.308494,0.2768642,-0.5653303,Jordan
2009,0.0885625,0.2225532999999999,-0.4317435,0.2228716,0.1122171,-0.6268332999999999,Jordan
2010,0.0263631,0.0759657,-0.407725,0.1073349,0.0570421999999999,-0.6655506999999999,Jordan
2011,0.1506239999999999,0.1349915,-0.6339348,0.1908722,0.1505452,-0.6597253,Jordan
2012,0.0948384999999999,0.2203514999999999,-0.5975891,0.1819511,0.1782421,-0.6734376999999999,Jordan
2013,0.0969314999999999,0.2411635999999999,-0.6862202,0.0995895,0.1297285,-0.7089293,Jordan
2014,0.0942006,0.3808336,-0.609596,0.1045909999999999,0.1119049999999999,-0.6717732,Jordan
2015,0.2644497,0.3820942,-0.6404285,0.1682905999999999,0.1375421,-0.6098713,Jordan
2016,0.2009081999999999,0.3625454999999999,-0.5380777999999999,0.1178125,0.1691297,-0.5879620999999999,Jordan
2017,0.1776447,0.2771646,-0.4443596999999999,0.1335964,0.1933842999999999,-0.5787424999999999,Jordan
2018,0.0742478,0.089873,-0.3224326999999999,0.0851019,0.1458763,-0.6399465,Jordan
2019,0.0894230999999999,0.011123,-0.2846298,0.159713,0.1365134,-0.6407531,Jordan
2020,0.1409154,0.1138845,-0.3260056,0.1930478,0.1081791999999999,-0.6720902999999999,Jordan
2021,0.0177108,0.1228638,-0.3909883999999999,0.1917529,0.0436082,-0.715912,Jordan
2022,0.0226578,0.1428514,-0.3114621999999999,0.2117070999999999,0.0764869,-0.7613575,Jordan
2023,0.1060315,0.3908883999999999,-0.3007473,0.3141122,0.1232268,-0.7527767999999999,Jordan
2024,0.2721934,0.2162114,-0.3501687,0.2760104,0.1685335,-0.7137403,Jordan
1996,0.2221588,-0.9700687,-0.1410872,-0.6527381999999999,-0.5683809,-0.6519248999999999,Burkina Faso
1998,-0.039316,-0.9760298,-0.0511852999999999,-0.3643679999999999,-0.5720531999999999,-0.6455299,Burkina Faso
2000,-0.0198671999999999,-0.973968,0.0927698,-0.2601063,-0.6626527999999999,-0.4310342,Burkina Faso
2002,-0.0241316,-1.0826304,-0.2134057,-0.1921245,-0.8023621999999999,-0.4549922999999999,Burkina Faso
2003,-0.0366614,-1.0893194,0.0624281999999999,-0.279226,-0.7357604,-0.4770238,Burkina Faso
2004,-0.2919893,-0.7835675,-0.1499539,-0.6321985999999999,-0.5249337,-0.4119260999999999,Burkina Faso
2005,-0.3014107,-0.7423131,0.0426849,-0.6457592999999999,-0.5173694,-0.3559619,Burkina Faso
2006,-0.3297588999999999,-0.8342122,0.1098282,-0.5092890999999999,-0.4016298,-0.3016687999999999,Burkina Faso
2007,-0.3632132999999999,-0.7284371,0.3576735,-0.4141766,-0.3620362,-0.2817891999999999,Burkina Faso
2008,-0.3391636,-0.5880797999999999,0.1570962,-0.2003633,-0.3501666,-0.2617629999999999,Burkina Faso
2009,-0.3887860999999999,-0.550792,-0.0035975,-0.1701373,-0.2493720999999999,-0.2654879,Burkina Faso
2010,-0.3817261999999999,-0.518394,-0.3146407,-0.1581469999999999,-0.2252124999999999,-0.2390266999999999,Burkina Faso
2011,-0.3476653999999999,-0.5279818,-0.6837156,-0.1929470999999999,-0.4159968,-0.2511289,Burkina Faso
2012,-0.375203,-0.6191411,-0.6478491,-0.2465215999999999,-0.3619490999999999,-0.3031282999999999,Burkina Faso
2013,-0.4520066,-0.6252000999999999,-0.7949543,-0.2644979,-0.511934,-0.333495,Burkina Faso
2014,-0.4450109,-0.5627279,-0.6998293999999999,-0.3527308999999999,-0.5499377,-0.3914693999999999,Burkina Faso
2015,-0.3288238,-0.6531110999999999,-0.6795154,-0.4192478,-0.5251363,-0.2094657999999999,Burkina Faso
2016,-0.2212838,-0.5249351999999999,-0.9073878,-0.425305,-0.4865241999999999,-0.1019967,Burkina Faso
2017,-0.1525315,-0.5109374999999999,-0.8556655999999999,-0.4159011999999999,-0.4398187,-0.0466125,Burkina Faso
2018,-0.1575363,-0.4822963999999999,-0.96189,-0.4237638999999999,-0.406209,-0.0592664,Burkina Faso
2019,-0.2008751,-0.627609,-1.1957065999999998,-0.4675262,-0.4085225999999999,-0.1034561,Burkina Faso
2020,-0.2018274,-0.6308904,-1.4159765,-0.4990944,-0.4189160999999999,-0.2152963,Burkina Faso
2021,-0.2024751,-0.7464478999999999,-1.5801637,-0.4590282,-0.4010845999999999,-0.1726929999999999,Burkina Faso
2022,-0.2342071,-0.8714084999999999,-1.8210207,-0.4976739999999999,-0.6266501,-0.5932440999999999,Burkina Faso
2023,-0.2479719,-0.864281,-2.0423169,-0.4822862,-0.7145087,-0.6955842999999999,Burkina Faso
2024,-0.2525569,-0.8748674,-1.9063314,-0.5255615,-0.8838585999999999,-0.9644776,Burkina Faso
1996,-0.7269447,-0.9700687,-0.4065352,-0.8618254999999999,-0.8890874,-1.2119458,Togo
1998,-0.805423,-1.3597903,-0.5853358,-0.9514084,-0.8444754,-1.4781978999999998,Togo
2000,-0.7671465,-1.3577285,-0.4345105999999999,-1.0852192,-0.8349112,-1.4013226,Togo
2002,-0.9011181,-1.6490728,-0.2375383999999999,-1.016575,-1.0546299,-1.5246394,Togo
2003,-0.9025728,-1.6557617999999998,-0.5357911,-1.0165468,-1.1911225,-1.4365333,Togo
2004,-0.9227871,-1.5516729,-0.6772941,-1.2220261,-1.0433959,-1.2361291,Togo
2005,-0.9351421,-1.7107333,-1.8551464,-1.1648758,-1.158022,-1.301957,Togo
2006,-1.0720376,-1.5805805,-0.9351677,-0.9589028,-0.98252,-1.1637743,Togo
2007,-1.0360718,-1.5533698,-0.5609805999999999,-1.0339419,-0.9921904,-1.0195676,Togo
2008,-1.0401869,-1.5008022,-0.3522146,-0.9804423,-0.8623225999999999,-0.9049135,Togo
2009,-1.0333147,-1.4472257,-0.4185216,-0.9125347,-0.8832441,-0.96821,Togo
2010,-0.7861701999999999,-1.3557662,-0.3792993,-0.863848,-0.838355,-0.8905617,Togo
2011,-0.8497363,-1.3539094,-0.3850113,-1.01272,-0.7898362,-0.8351675,Togo
2012,-0.8189183999999999,-1.2258191,-0.6511156,-0.8808248,-0.9141876,-0.9668627,Togo
2013,-0.8443157,-1.2580076999999998,-0.5059279,-1.0187994,-0.9870469,-0.9091344,Togo
2014,-0.7916327999999999,-1.0881788,-0.3001357,-0.82983,-0.9065907,-0.8838123999999999,Togo
2015,-0.6308001,-1.0884773,-0.4111269999999999,-0.8003889,-0.8151079,-0.8029900999999999,Togo
2016,-0.6534352,-0.9579705,-0.280199,-0.7851347,-0.7994144999999999,-0.7529205999999999,Togo
2017,-0.7306167,-0.9832841,-0.8358783999999999,-0.7773372,-0.8070668,-0.7509005,Togo
2018,-0.7549576,-0.940524,-0.8728328,-0.6826901999999999,-0.6948141999999999,-0.7700019,Togo
2019,-0.7066703,-0.8320044999999999,-0.8504632,-0.6211637,-0.7029591,-0.7303841,Togo
2020,-0.6448058999999999,-0.8829001999999999,-0.8075061,-0.4899887,-0.6160719,-0.7341118999999999,Togo
2021,-0.6519768,-0.8770125999999999,-0.6682329,-0.4817275,-0.6328001,-0.8905537,Togo
2022,-0.6309857999999999,-0.9684392,-0.7603953999999999,-0.4208338,-0.6753566999999999,-0.8529812,Togo
2023,-0.5879504,-0.9176855,-0.9186036,-0.4042671,-0.6302782,-0.8614839,Togo
2024,-0.6633762,-0.8014589,-0.8094466,-0.4081134999999999,-0.632861,-0.9717995,Togo
1996,-1.8280343,-1.6444592999999998,-2.6723956,-2.0546183,-1.7535603,-1.9463394,"Congo, Dem. Rep."
1998,-1.5961528,-2.0341809,-2.7083762,-2.5860504,-2.0820764,-1.8484519,"Congo, Dem. Rep."
2000,-1.6021766,-2.0321191,-2.550118,-2.5814572,-2.0582513,-1.7841048,"Congo, Dem. Rep."
2002,-1.606441,-2.1492711,-2.2607758,-2.1119395,-1.9719326,-1.7679492,"Congo, Dem. Rep."
2003,-1.6067882,-2.15596,-2.0947308,-1.9532297,-2.0461906,-1.6746035,"Congo, Dem. Rep."
2004,-1.529402,-1.8129762,-2.2158548,-1.584863,-1.6727156,-1.5999346,"Congo, Dem. Rep."
2005,-1.5329034,-1.7346249,-2.074788,-1.4232756,-1.6100879,-1.4809664,"Congo, Dem. Rep."
2006,-1.5096436,-1.596995,-2.0531045999999997,-1.3213475,-1.617117,-1.1694025,"Congo, Dem. Rep."
2007,-1.3983526,-1.6286105,-2.0273686,-1.3241062,-1.596726,-1.1385582,"Congo, Dem. Rep."
2008,-1.3199679,-1.6446415,-1.9414955,-1.3709836,-1.5849997,-1.2902976,"Congo, Dem. Rep."
2009,-1.3936551,-1.6494137,-1.5312258,-1.4234993,-1.6152253,-1.3198477,"Congo, Dem. Rep."
2010,-1.4190912999999998,-1.6776721,-2.0298993,-1.4561432,-1.6164088,-1.3365794,"Congo, Dem. Rep."
2011,-1.3953591,-1.6387841,-2.1644541,-1.4304309,-1.6378424,-1.4405557999999998,"Congo, Dem. Rep."
2012,-1.3730997,-1.5733358,-2.2167966999999997,-1.4086777,-1.6723684,-1.4460664,"Congo, Dem. Rep."
2013,-1.3705987,-1.369127,-2.2257153,-1.2472691,-1.6163831,-1.4381305,"Congo, Dem. Rep."
2014,-1.4371692,-1.4008887,-2.2481931,-1.2192687,-1.5509733,-1.3481529,"Congo, Dem. Rep."
2015,-1.3932852,-1.4727107,-2.0107421999999997,-1.265019,-1.5700316,-1.3123683,"Congo, Dem. Rep."
2016,-1.4189706,-1.3846284,-2.2189353,-1.207594,-1.5272327,-1.4094321,"Congo, Dem. Rep."
2017,-1.4338617,-1.4588280999999998,-2.2633783999999997,-1.281525,-1.5995942,-1.471641,"Congo, Dem. Rep."
2018,-1.5315596,-1.5190922,-1.8967124,-1.2952622,-1.656956,-1.3529201,"Congo, Dem. Rep."
2019,-1.5570273,-1.57826,-1.6467983,-1.3641956,-1.649235,-1.1787403,"Congo, Dem. Rep."
2020,-1.4573026,-1.6808836,-1.8062929,-1.3686959,-1.6143214,-1.1257361,"Congo, Dem. Rep."
2021,-1.5041724,-1.7049550999999998,-1.6314631,-1.3231263,-1.5312264999999998,-1.1423478,"Congo, Dem. Rep."
2022,-1.5102589,-1.7341162,-1.8455557,-1.3074062,-1.5809744,-1.1441353,"Congo, Dem. Rep."
2023,-1.4890974,-1.6579503999999998,-1.9812287,-1.2580246,-1.6055435999999998,-1.1255596,"Congo, Dem. Rep."
2024,-1.5153396,-1.6934449,-2.1191762,-1.2848458,-1.6266053,-1.213613,"Congo, Dem. Rep."
1996,-0.6329891,-0.2732760999999999,-0.7113625,-0.4520914,-0.2320591,-0.7302242999999999,Lebanon
1998,-0.8318588,-0.006963,-0.7986765,-0.592395,-0.371957,-0.7155303,Lebanon
2000,-0.6379561,-0.0055096,-0.647972,-0.5071751,-0.1427456,-0.6328125,Lebanon
2002,-0.6105956,-0.2876731999999999,-0.4731616999999999,-0.425407,-0.4065553999999999,-0.7780922,Lebanon
2003,-0.6113814,-0.2919026999999999,-0.5699154,-0.3457046,-0.5108374,-0.7957537,Lebanon
2004,-0.7036298999999999,-0.1571532,-0.7892319999999999,-0.2485853999999999,-0.2735183,-0.5627742,Lebanon
2005,-0.6804753,-0.1648879999999999,-0.9946131,-0.2381711,-0.3483783,-0.3577830999999999,Lebanon
2006,-0.9629014,-0.2041280999999999,-1.5087488999999998,-0.2330089,-0.4881313,-0.1938986,Lebanon
2007,-1.0164881,-0.266994,-1.8281293,-0.2612833,-0.5947992,-0.3162046,Lebanon
2008,-0.9881524,-0.2995434999999999,-1.5049397,-0.2045200999999999,-0.4987684,-0.2848364,Lebanon
2009,-0.9793422,-0.3214416,-1.3045394,-0.1346545999999999,-0.6447638,-0.3689515,Lebanon
2010,-0.9593813,-0.2435527999999999,-1.4336955999999998,0.0121012,-0.6539495,-0.3436634,Lebanon
2011,-0.8636085,-0.2594872,-1.4563703,-0.2805478,-0.4793095,-0.3557985999999999,Lebanon
2012,-0.938609,-0.2600992,-1.5792359,-0.3620584,-0.5196035,-0.3211237,Lebanon
2013,-0.970075,-0.3257259999999999,-1.6105378,-0.2888629,-0.6166728,-0.3791182999999999,Lebanon
2014,-1.1059903,-0.266612,-1.4947838999999998,-0.4418245999999999,-0.6947778,-0.4595043,Lebanon
2015,-1.0047914,-0.2826924,-1.3952938,-0.3625053,-0.8084504,-0.5520082,Lebanon
2016,-1.069034,-0.2459211999999999,-1.3333648,-0.4156822,-0.8515653,-0.6163145999999999,Lebanon
2017,-1.0714014,-0.2219586999999999,-1.3393518,-0.357388,-0.8213235999999999,-0.6151856,Lebanon
2018,-1.2208803,-0.4996896999999999,-1.2146005,-0.4704610999999999,-0.7717368,-0.5658194,Lebanon
2019,-1.2286796,-0.6222753,-1.3398887,-0.5611682,-0.8604448,-0.6164535,Lebanon
2020,-1.2305227,-0.9492217,-1.3492491,-0.7155520999999999,-0.9184244,-0.6889046,Lebanon
2021,-1.2586741,-1.0567104,-1.3231817,-0.8217369999999999,-1.0028379,-0.7622156,Lebanon
2022,-1.2176298,-1.0420809,-1.3425754,-0.9433232,-1.0323318,-0.7786234,Lebanon
2023,-1.2554109,-1.1658333,-1.2764099,-0.912561,-1.0665045,-0.7573308,Lebanon
2024,-1.3041344,-1.1301199,-1.3896806,-0.9588794,-1.0853525,-0.7732540999999999,Lebanon
1996,-0.222016,-0.0652727,-0.0649483,-0.8295891999999999,-0.7144999,-0.317432,Mozambique
1998,-0.2232818999999999,-0.610505,0.037929,-0.4880073,-0.7179766,-0.3150683999999999,Mozambique
2000,-0.5559649999999999,-0.6090516,-0.2160945,-0.2363131,-0.7078803,-0.3406841,Mozambique
2002,-0.6641965999999999,-0.7890387,-0.1425853,-0.2483493,-0.6607183999999999,-0.2868103999999999,Mozambique
2003,-0.6145358,-1.0136614,-0.1891123999999999,-0.3557456,-0.7630262,-0.1911332,Mozambique
2004,-0.7101065999999999,-0.7991638,-0.2898214,-0.5261306,-0.6481694,-0.1019486999999999,Mozambique
2005,-0.6635624999999999,-0.746992,-0.0829699,-0.5850255,-0.5631045,0.0146550999999999,Mozambique
2006,-0.6055707,-0.6705936,0.2636579,-0.5499364,-0.4953955,-0.0108417999999999,Mozambique
2007,-0.5146029,-0.5972324,0.1182921,-0.5021076999999999,-0.5530645,-0.0606001,Mozambique
2008,-0.4411018,-0.5785872,0.1823787,-0.4237415,-0.5816598,-0.0880476999999999,Mozambique
2009,-0.5409016,-0.4475614,0.2678511,-0.4044183999999999,-0.5769245,-0.1330873,Mozambique
2010,-0.6420833,-0.6480562,-0.0221082999999999,-0.5331532,-0.6362812,-0.3171161999999999,Mozambique
2011,-0.648115,-0.7025583,-0.0890489999999999,-0.5600061,-0.7838554,-0.3975939,Mozambique
2012,-0.5844214,-0.5577082999999999,0.0409191999999999,-0.5052211999999999,-0.6756875,-0.2990317999999999,Mozambique
2013,-0.7525881,-0.5437434999999999,-0.4955724999999999,-0.5617285,-0.9450097,-0.3736809,Mozambique
2014,-0.8613413999999999,-0.5716435,-0.6196453,-0.5800794,-0.9046279,-0.3834841,Mozambique
2015,-0.8687712,-0.580096,-0.6842917,-0.6403998,-0.8527751,-0.4059028999999999,Mozambique
2016,-0.9916519,-0.6823519,-1.2808563,-0.6946758,-1.0119212,-0.5790188,Mozambique
2017,-0.9645689,-0.6898963,-1.0653022,-0.6821754,-0.9914898,-0.591888,Mozambique
2018,-0.8725989,-0.6871201,-0.7980387999999999,-0.7313974999999999,-0.9808812,-0.6520336999999999,Mozambique
2019,-0.8757647,-0.6500467999999999,-0.8295224,-0.7252116,-0.9656024,-0.71209,Mozambique
2020,-0.7627176,-0.8223436,-1.3457513,-0.7751237,-1.0406476,-0.6308138,Mozambique
2021,-0.8090706999999999,-0.8185849,-1.2675269,-0.8186743,-1.0487663,-0.7863927,Mozambique
2022,-0.9013357,-0.7706816,-1.3208653,-0.7862195,-1.0728381,-0.7774109,Mozambique
2023,-0.9042864,-0.7779691999999999,-1.4184038,-0.7520317999999999,-1.1016921,-0.8059008,Mozambique
2024,-1.0618104,-0.7157933,-1.7581974,-0.7635095,-1.1949508,-1.0056256,Mozambique
1996,0.5492557,0.2429062,0.8005329999999999,-0.2724722,0.3011934,0.057435,Fiji
1998,0.5464802,0.2337786,0.8011511,-0.2501344,0.3053385,0.1191363,Fiji
2000,0.6099798,0.2369357,0.2537645,-0.5557164,-0.3951919,-0.3798437,Fiji
2002,0.5221766,0.2371867999999999,0.370257,0.1503836999999999,-0.0890775999999999,0.0459807999999999,Fiji
2003,0.2294766,0.2243347,0.3667150999999999,-0.2348563,-0.0906399,0.1595761,Fiji
2004,0.2632429,-0.1479039,0.1824725999999999,-0.7796048,-0.0821472999999999,0.1522626,Fiji
2005,-0.0647222,0.2174509999999999,0.3524397999999999,-0.4191163,0.1001171999999999,0.2410447999999999,Fiji
2006,-0.0789479999999999,0.2145048,-0.1642534,-0.3302406,-0.0905272999999999,-0.2255018,Fiji
2007,0.0387772,-0.2973473,-0.0062727,-0.453905,-0.6703734,-0.6237587,Fiji
2008,0.0484932999999999,-0.8101796,-0.1027295,-0.8413193999999999,-0.6728557,-0.7330511,Fiji
2009,-0.0369825,-0.8655432,-0.1722651999999999,-1.0778318999999998,-0.8946472,-0.9552295,Fiji
2010,-0.1720755,-0.5441368,-0.1775883999999999,-0.8730854,-0.9451713,-1.1410748,Fiji
2011,0.0901135,-0.5254383,-0.1217703,-0.7969782,-0.8580439,-1.0977742,Fiji
2012,0.0857756,-0.5785579,-0.1223286,-0.7927599,-0.8410654999999999,-0.9669526,Fiji
2013,0.0896913,-0.5782636999999999,-0.1240343999999999,-0.7220821,-0.8337905,-0.8414157999999999,Fiji
2014,0.3474414,-0.0992434,0.3275632,-0.2461577999999999,-0.4315572,-0.3083638999999999,Fiji
2015,0.3146994999999999,-0.1014371999999999,0.3263655,-0.2398962999999999,-0.2835247999999999,-0.2660296,Fiji
2016,0.3150778999999999,-0.1006745999999999,0.7205988,-0.2026016,-0.3532412,-0.2015064,Fiji
2017,0.344813,-0.100427,0.3819841,-0.2010525,-0.2958768,-0.2429692,Fiji
2018,0.340503,0.4324074,0.6984111,-0.2004155,-0.2048695999999999,-0.018233,Fiji
2019,0.6824056,1.1141072,0.6881602,0.152716,0.0630039999999999,0.0019276,Fiji
2020,0.5418111,0.6553479,0.6004415,-0.1526032,0.1646154,0.0852339999999999,Fiji
2021,0.4839701999999999,0.7309158,0.6663534,-0.0698337,0.1636161,0.0032995999999999,Fiji
2022,0.4582724999999999,0.5025006,0.7825529999999999,-0.0999849,0.2370994,0.0180240999999999,Fiji
2023,0.5323283,0.5033911,0.782933,-0.0997581999999999,0.3256265,0.1761540999999999,Fiji
2024,0.5626875,0.6089609,0.6984397999999999,0.0650821999999999,0.3057786,0.33163,Fiji
1996,0.9179483,0.8783939,0.7664841,-0.0012760999999999,0.4917662,0.3099676,Namibia
1998,0.5596911,0.4684191,0.4154760999999999,0.2562624,0.3597754999999999,0.1853204,Namibia
2000,0.55599,0.4698724999999999,-0.1691489,0.1750081,0.4451608999999999,0.1680103,Namibia
2002,0.1007832999999999,0.139743,0.0532317,0.665689,0.3587995,0.1645942,Namibia
2003,0.0648883,0.1683865,0.1957486,0.5074505,0.3291829,0.177181,Namibia
2004,-0.0108496,0.1048886,0.4625424999999999,0.1669931999999999,0.0183018,0.2750815,Namibia
2005,-0.0218681999999999,0.0443144,0.5812349,0.0968554,0.0620159,0.4319039,Namibia
2006,0.3198085,0.2765043,0.703831,0.1809998,0.2704801,0.5126142,Namibia
2007,0.2818941,0.2960431,0.9275704,0.1182005,0.2781029,0.4836832,Namibia
2008,0.5812992,0.3728454,1.0648168999999998,0.2911269999999999,0.3694738999999999,0.4413537999999999,Namibia
2009,0.4769442,0.4732973,0.9292612,0.3241247,0.3701518,0.3930597999999999,Namibia
2010,0.3382448999999999,0.2412292999999999,0.7872857,0.1608353,0.2970201,0.2395443,Namibia
2011,0.3080152,0.1893852999999999,0.7152048999999999,0.0071335,0.1702200999999999,0.2343006,Namibia
2012,0.4912085,0.3978933,0.843349,0.1789728,0.2567192,0.3490938,Namibia
2013,0.4707981,0.3354358,0.8788275,0.2217773999999999,0.2527678,0.3342281,Namibia
2014,0.4361436999999999,0.3164677999999999,0.6369054,0.1780391,0.2053056999999999,0.4142267,Namibia
2015,0.4537303,0.2927673,0.7175058,0.2438319,0.2731422,0.4428483,Namibia
2016,0.4077913999999999,0.2349554999999999,0.6657312999999999,0.147564,0.3115188,0.4197917,Namibia
2017,0.3675534,0.2683996999999999,0.6294292,0.0957317999999999,0.2204754,0.4105667999999999,Namibia
2018,0.4425861,0.3136094,0.6942558999999999,0.0632488,0.1832389999999999,0.4426180999999999,Namibia
2019,0.4318791999999999,0.2867850999999999,0.5859149,0.1209404999999999,0.1859133999999999,0.3782960999999999,Namibia
2020,0.3917523,0.1498863,0.5126307999999999,0.0768145,0.2186834,0.4048963,Namibia
2021,0.3260821,0.1596202,0.5136088999999999,0.1492446999999999,0.2859048999999999,0.4148382,Namibia
2022,0.3167747999999999,0.165395,0.3736394999999999,0.0818334,0.3187607,0.3873027,Namibia
2023,0.1649292,0.1539385,0.4150583,0.0866506,0.3088084,0.4017843,Namibia
2024,0.1265202,0.0993430999999999,0.5467327,0.1349052,0.3278567,0.3365397,Namibia
1996,0.021292,-0.2734013,-0.262063,-0.4745419999999999,-0.0055369999999999,-1.3355162,Eswatini
1998,0.0185164999999999,-0.2825287999999999,-0.1563032,-0.4522041,-0.2108714,-1.2362337,Eswatini
2000,-0.0313736,-0.2793718,-0.2898214,-0.4461234,-0.211646,-1.4538422,Eswatini
2002,-0.0371185,-0.2791206,-0.1805152,-0.3633489,-0.5714739,-1.2495619,Eswatini
2003,-0.0390781,-0.8082803,-0.2420177999999999,-0.3632896,-0.4765608999999999,-1.4168136999999998,Eswatini
2004,-0.3033196999999999,-1.1297751,-0.2902148,-0.7472683,-0.7293921,-1.3451951,Eswatini
2005,-0.3043228,-1.0842476,-0.4790085999999999,-0.6335008999999999,-0.7870261,-1.2398525,Eswatini
2006,0.0827945,-0.5609934,-0.2415542,-0.4350370999999999,-0.6081949,-1.0727285,Eswatini
2007,0.0810212999999999,-0.5904897,-0.0991317999999999,-0.561879,-0.6670587,-1.1658594,Eswatini
2008,0.1882327,-0.3147488,-0.1724578,-0.4101381,-0.5202777,-1.1667241,Eswatini
2009,0.1378584,-0.3984928,0.0509458999999999,-0.3952066999999999,-0.5705815,-1.1521216,Eswatini
2010,-0.0920035999999999,-0.2557264999999999,-0.0016446,-0.4029338999999999,-0.6014925999999999,-1.2327546,Eswatini
2011,-0.1320068999999999,-0.3542781,-0.5398246999999999,-0.4456257999999999,-0.6936422,-1.2315025,Eswatini
2012,-0.1114560999999999,-0.1872129,-0.5257872,-0.4144504,-0.6112614,-1.2510617,Eswatini
2013,-0.134462,-0.2076096999999999,-0.5473549999999999,-0.2935979999999999,-0.6068486,-1.2154225,Eswatini
2014,-0.2843032,-0.2740835,-0.3976089,-0.3805913999999999,-0.5813088,-1.2606556,Eswatini
2015,-0.2787246,-0.2900182,-0.4462561,-0.3859781,-0.5378803999999999,-1.2650606,Eswatini
2016,-0.2738615,-0.2483556999999999,-0.4484062,-0.4170142,-0.5377407,-1.3264895,Eswatini
2017,-0.0881199,-0.2875028,-0.3803326999999999,-0.3867846,-0.4682555,-1.3337719,Eswatini
2018,-0.2724515999999999,-0.4508541,-0.5468116,-0.5010658,-0.46541,-1.3232294999999998,Eswatini
2019,-0.2969784,-0.4962233,-0.3182636,-0.5229659,-0.5571124,-1.2554067,Eswatini
2020,-0.3014253,-0.6235547,-0.1948628,-0.5241574999999999,-0.6595902,-1.2647062999999998,Eswatini
2021,-0.5806756,-0.7233033999999999,-0.4286436999999999,-0.5237379,-0.6977002,-1.3052686999999998,Eswatini
2022,-0.6085804,-0.6320655,-0.400835,-0.6219764999999999,-0.7269650999999999,-1.3134367999999998,Eswatini
2023,-0.6292553,-0.7177741999999999,-0.7261847,-0.6218515,-0.7274341,-1.2823788,Eswatini
2024,-0.7851598999999999,-0.7811414,-0.7327829,-0.6380015,-0.8598771,-1.3474097,Eswatini
1996,-0.6961358999999999,-0.8408576,-1.8686985,-0.6631627999999999,-1.1998794,-0.9228208,"Yemen, Rep."
1998,-0.8950056,-1.1155748,-1.6829439,-0.6418294999999999,-1.3495399,-1.0644375,"Yemen, Rep."
2000,-0.9082332,-1.1141214,-1.6559503,-0.8039022,-1.4554456999999998,-1.0896011,"Yemen, Rep."
2002,-1.0702408,-1.2300935,-1.7068902,-1.1761534,-1.4833827,-1.2576163,"Yemen, Rep."
2003,-1.1136511999999998,-1.2351090999999998,-1.65484,-1.2195338999999998,-1.3457781,-1.0130758,"Yemen, Rep."
2004,-1.1650891,-1.2062033,-1.6316202,-0.8346829,-1.209029,-1.002657,"Yemen, Rep."
2005,-1.076701,-1.0249781,-1.5396415,-0.7156292,-1.2214232,-0.9835631,"Yemen, Rep."
2006,-0.8073545999999999,-0.8222087,-1.3547567,-0.5518717,-0.9639333,-0.9697879,"Yemen, Rep."
2007,-0.8370202,-0.8121396,-1.6075967,-0.5323671999999999,-0.9587278,-0.9547187,"Yemen, Rep."
2008,-0.7667813,-0.8114389,-2.1003894,-0.4953484999999999,-1.0157336,-1.1296161999999998,"Yemen, Rep."
2009,-0.9427824,-1.0025363,-2.0874785,-0.4588199,-1.0874827,-1.1578632,"Yemen, Rep."
2010,-1.0527598,-1.0335936,-2.4140045999999997,-0.4133849,-1.1088712,-1.2898269,"Yemen, Rep."
2011,-1.1246744,-1.1690203,-2.4714962,-0.698998,-1.3069999,-1.3235491,"Yemen, Rep."
2012,-1.2532021,-1.1932888,-2.3677555999999997,-0.8370000999999999,-1.3492223,-1.2540065,"Yemen, Rep."
2013,-1.2149396,-1.1173743,-2.4198006999999997,-0.8665183,-1.3187001,-1.2067843,"Yemen, Rep."
2014,-1.501667,-1.4175217,-2.5224762999999997,-0.9495107,-1.3926145,-1.2026847,"Yemen, Rep."
2015,-1.4855019,-1.5567828,-2.5251460999999997,-1.1367041,-1.5231762,-1.39806,"Yemen, Rep."
2016,-1.6101168,-1.647243,-2.6405037,-1.3065688,-1.5674962,-1.6857535,"Yemen, Rep."
2017,-1.5909747,-1.7355866,-2.7305026,-1.2894532,-1.6596129,-1.6996718,"Yemen, Rep."
2018,-1.7530313,-1.9357427,-2.7242925,-1.4878274,-1.6852587,-1.7530252,"Yemen, Rep."
2019,-1.7416979,-1.9649799,-2.6172209,-1.5549794,-1.6661221,-1.7135156,"Yemen, Rep."
2020,-1.5997173999999998,-2.0039308,-2.6563589999999997,-1.6085384,-1.8223293,-1.6790319,"Yemen, Rep."
2021,-1.5920705,-1.9786346,-2.6676713,-1.6070255,-1.8471399,-1.72651,"Yemen, Rep."
2022,-1.6662798,-1.7992929999999998,-2.6124577,-1.5789729,-1.9100257,-1.7097586,"Yemen, Rep."
2023,-1.6020865,-1.8878464,-2.6264387,-1.5404918,-1.9069106,-1.6474592,"Yemen, Rep."
2024,-1.6358785999999998,-1.8727982,-2.7505641,-1.5841279,-1.9015896,-1.6971817,"Yemen, Rep."
1996,,,,,0.9038562,1.1957197,Kiribati
1998,,,,,0.8818861,1.2028229,Kiribati
2000,,,,,0.8674379,1.1581453,Kiribati
2002,,,,,0.8855968,0.9715931,Kiribati
2003,,,0.9514154,,0.8778703999999999,0.9037916,Kiribati
2004,0.4367912,-0.2313473999999999,0.8244422,-0.4621882,0.5577527999999999,0.5557099999999999,Kiribati
2005,0.3218331,-0.4517887,1.3245166,-0.9606224,0.883608,0.2864632,Kiribati
2006,0.2439124,-0.4849566999999999,1.3279824,-0.9623162,0.9118851,0.3212451,Kiribati
2007,0.281657,-0.5215166999999999,1.3337059,-1.0026464,0.8553035999999999,0.2209826999999999,Kiribati
2008,0.0947462,-0.5389148,1.333001,-1.0760724,0.4138758999999999,0.1674197,Kiribati
2009,-0.0076186,-0.6277075999999999,1.5568619,-1.109943,0.3467075,0.1477736,Kiribati
2010,0.0684729,-0.6677172,1.5510465,-1.1712064,0.3552404999999999,0.1820493,Kiribati
2011,0.2356682,-0.6319074,1.5457577,-1.1695716,0.3589525,0.6074912,Kiribati
2012,0.1453839999999999,-0.6849303999999999,1.5451994,-1.1799003,0.3571933,0.6212974,Kiribati
2013,0.1455969,-0.6847075,1.5434936,-1.180479,0.3746722999999999,0.6112816999999999,Kiribati
2014,0.2820761,-0.4119629999999999,1.281381,-0.6670026,0.3242201999999999,0.6138091999999999,Kiribati
2015,0.2843015,-0.4136250999999999,0.9559309,-0.6633176,0.3256281,0.6106159,Kiribati
2016,0.2512941999999999,-0.4130473,0.951395,-0.6785642,0.3258601,0.614837,Kiribati
2017,0.2500111,-0.4128597,0.9519508,-0.6776525,0.3831903,0.6237279,Kiribati
2018,0.2521934,-0.4118296999999999,0.95586,-0.6772777,0.2855611,0.8235364,Kiribati
2019,0.3505034999999999,-0.2735345999999999,1.0992501,-0.5049386,0.5835214,0.8833991999999999,Kiribati
2020,0.3514103,-0.2571454999999999,1.1749608,-0.5492947,1.1590995,0.8858056999999999,Kiribati
2021,0.3344081,-0.2550887,1.1647191,-0.5500931,1.0695661,0.9876663,Kiribati
2022,0.3338154,-0.2553983999999999,1.2429196,-0.5337443,0.7720439,0.9861458,Kiribati
2023,0.3317797,-0.4079699,1.2433279,-0.5997507,0.7346499999999999,0.9846412,Kiribati
2024,0.3745658,-0.4343103,1.2381638,-0.5014363,0.78601,0.9729224,Kiribati
1996,0.2481772,-0.5863082,0.6432519,-0.4974476,0.2371468,0.3593893999999999,Mongolia
1998,0.2461169,-0.5922693,0.3853494999999999,-0.3448260999999999,0.2348056,0.4457644,Mongolia
2000,-0.2507903999999999,-0.5902075,0.6004674999999999,-0.3402329,0.061002,0.2227915,Mongolia
2002,-0.1359898,-0.4417254,0.991888,0.0930838,0.1450536,0.2465827,Mongolia
2003,-0.3307723999999999,-0.4602942,0.8598615,-0.0901063999999999,0.1455551,0.2905205999999999,Mongolia
2004,-0.3130479,-0.4188563999999999,0.5138365,-0.3539886,0.1323650999999999,0.32327,Mongolia
2005,-0.5181569,-0.5956412,0.8633542,-0.1506316,-0.1863496,0.2214217,Mongolia
2006,-0.5684421,-0.5722669,0.6573716,-0.1740962999999999,-0.220498,0.2659395,Mongolia
2007,-0.6428024999999999,-0.6715084,0.6918806,-0.1828489999999999,-0.2335498,0.3072485,Mongolia
2008,-0.6709369,-0.6861459,0.4201759,-0.2602782999999999,-0.3439559,0.2177941,Mongolia
2009,-0.5759451999999999,-0.6265816,0.677234,-0.2964764,-0.2518534,0.1937475,Mongolia
2010,-0.6280549,-0.5374241,0.6671330999999999,-0.2778251,-0.3222340999999999,0.2262623,Mongolia
2011,-0.5822872,-0.5445631,0.5645353,-0.3091131,-0.236366,0.2045317999999999,Mongolia
2012,-0.6058663,-0.5466493,0.6048549999999999,-0.3833453,-0.2337148,0.0473849,Mongolia
2013,-0.5605354,-0.5000373,0.643466,-0.4706872,-0.2558773,0.086139,Mongolia
2014,-0.5593028,-0.3047729999999999,0.8872709999999999,-0.309591,-0.2460842999999999,0.1797307,Mongolia
2015,-0.5866612999999999,-0.3329464,0.7608377,-0.3044292,-0.2154153,0.1742773,Mongolia
2016,-0.6103892,-0.3588601999999999,0.7157785,-0.0277123,-0.1441468,0.2098393999999999,Mongolia
2017,-0.5320484,-0.4472314,0.716039,-0.0358613,-0.1693798,0.1974465,Mongolia
2018,-0.5738487999999999,-0.2974017,0.7490657,0.0263885,-0.1798972999999999,0.1650009,Mongolia
2019,-0.6152153,-0.3385736,0.7382926,-0.0663774999999999,-0.2038322,0.1580404,Mongolia
2020,-0.6207183,-0.3116669999999999,0.7498288,-0.1342621,-0.1742243,0.1817007,Mongolia
2021,-0.6644684,-0.3519979,0.7338327,-0.1284159,-0.1731689,0.1480496,Mongolia
2022,-0.662165,-0.2986908,0.6315012999999999,-0.1946255999999999,-0.1500746,0.1368044,Mongolia
2023,-0.6187813,-0.3639022999999999,0.6432601,-0.0410209,-0.1575492,0.1629614,Mongolia
2024,-0.4859579,-0.3892189,0.4203821,-0.0707494999999999,-0.09977,0.1269074,Mongolia
1996,-0.0414835999999999,-0.2734013,1.3209311,0.1128271999999999,0.7273105999999999,0.6935756,Samoa
1998,-0.0459515999999999,-0.2825287999999999,1.3216288,0.135165,0.7223267999999999,0.5737604,Samoa
2000,-0.0590150999999999,-0.2793718,1.1101278,0.1412458,0.7190493,0.7351459,Samoa
2002,-0.0682631,-0.2791206,0.901918,0.1503836999999999,0.7231685,0.6537417999999999,Samoa
2003,-0.0714178,-0.2919728,1.1078116,0.150443,0.7214157999999999,0.6599492,Samoa
2004,-0.1683445999999999,-0.2730692,0.8556429,-0.067075,0.5341589,0.6228672,Samoa
2005,0.2719079,0.0808821,1.0518826,0.2383088,1.0764724,0.752199,Samoa
2006,0.2775284,0.0080041,1.0543719,0.0642858999999999,0.9832823,0.6691401,Samoa
2007,0.2735024,-0.008701,0.9667139,0.067235,0.9851579,0.6200167999999999,Samoa
2008,0.2745725,-0.0062439999999999,1.0579764,-0.144098,0.8857569,0.5671839,Samoa
2009,0.206813,-0.0183815,0.9721693,-0.02129,0.7590348,0.5341254,Samoa
2010,0.1834923,-0.0602476,0.8057584999999999,-0.0255692,0.8244372,0.4667688,Samoa
2011,0.1821441,-0.0422035,0.9610651,-0.0962847999999999,0.8367738,0.4412143,Samoa
2012,0.1793426,-0.042004,0.9605068,-0.1001890999999999,0.8353596,0.4025356,Samoa
2013,0.1795554999999999,0.0167872,0.958801,0.004667,0.8321985,0.4150676,Samoa
2014,0.1770584999999999,0.6297671,1.0732123999999998,-0.0360375,0.9134044,0.4071674999999999,Samoa
2015,0.1792839,0.6281051,1.071904,0.0464778999999999,0.9148122,0.4252301,Samoa
2016,0.1887409,0.8251774,1.0686461,0.0804622,0.977166,0.4647569,Samoa
2017,0.6157976,0.8254041999999999,1.0690453,0.081508,0.9765832,0.4622821,Samoa
2018,0.618417,0.8266492,0.9953036,0.0819379,0.9212628,0.7779725,Samoa
2019,0.6220257,0.5845121,1.1468478,0.0037792999999999,1.1592019999999998,0.8423647,Samoa
2020,0.8109135,0.5102513,1.1753028,-0.07753,1.164435,0.8745934999999999,Samoa
2021,0.7667535999999999,0.512308,1.1396511,-0.1687488999999999,1.0545903,0.8153309,Samoa
2022,0.7661608999999999,0.2181468999999999,1.2343417,-0.1950638999999999,1.0470005,1.0897941,Samoa
2023,0.8188681999999999,0.4195589999999999,1.2435234,-0.1697431999999999,1.0530364,1.0723236,Samoa
2024,0.6881136999999999,0.4344899,1.2384522999999998,-0.1017378999999999,1.0529651,0.8878885,Samoa
1996,-0.4138309,-0.8736817,-0.6204537,-0.5739685,-0.3229574,-0.1898317,Malawi
1998,-0.4150968,-0.6073685,-0.5156138,-0.1515682,-0.4121974,-0.1211565999999999,Malawi
2000,-0.4079104,-0.6059150999999999,-0.7863591999999999,-0.1487791,-0.4136227999999999,-0.3332113,Malawi
2002,-1.0735796,-1.0005233,-0.0575040999999999,-0.7634704999999999,-0.4621830999999999,-0.6993016999999999,Malawi
2003,-0.9516688,-1.1331279,-0.2167736999999999,-0.7011362999999999,-0.3690919,-0.6313059,Malawi
2004,-0.7886719,-0.9782063,-0.1397246,-0.7103803,-0.2881019999999999,-0.511396,Malawi
2005,-0.7827588999999999,-0.9423736,-0.0355158,-0.572481,-0.1724688,-0.3466788,Malawi
2006,-0.6539942,-0.8616703,-0.0703742,-0.5598848,-0.2208244999999999,-0.2101888999999999,Malawi
2007,-0.6636818999999999,-0.8044334,-0.0623315,-0.5110094,-0.1641484,-0.1570662,Malawi
2008,-0.5696725,-0.6552057,-0.2109774999999999,-0.528103,-0.1003642,-0.1891998,Malawi
2009,-0.5351013,-0.5518949,0.0040021,-0.5666135999999999,-0.1222938,-0.0990168,Malawi
2010,-0.4404681,-0.5426828,-0.0357653,-0.3917746,-0.1327298999999999,-0.2711499,Malawi
2011,-0.3507495,-0.5839959,-0.1906666,-0.4812109,-0.1907518,-0.325003,Malawi
2012,-0.4934439,-0.5762271,-0.0861299,-0.7275328,-0.2988361,-0.231948,Malawi
2013,-0.6431454999999999,-0.5704237,-0.203203,-0.7635909,-0.2363682999999999,-0.2411969,Malawi
2014,-0.8197428999999999,-0.542739,-0.0287147,-0.7225965999999999,-0.3096161,-0.1612398,Malawi
2015,-0.8291499999999999,-0.5855030999999999,-0.0522558,-0.7497528999999999,-0.320057,-0.1423560999999999,Malawi
2016,-0.8277565,-0.6089526,-0.2578002,-0.7414888,-0.3434887,-0.1932075999999999,Malawi
2017,-0.7151681999999999,-0.5782225,-0.3130008999999999,-0.6848017,-0.2603898,-0.2175942,Malawi
2018,-0.8171813,-0.6337094999999999,-0.3896791,-0.6718156,-0.2926334,-0.2241128999999999,Malawi
2019,-0.802321,-0.686037,-0.2824512,-0.6631094,-0.3048007,-0.2728638,Malawi
2020,-0.4785598,-0.7484164,-0.0766165999999999,-0.7334284999999999,-0.2626798999999999,-0.0851979,Malawi
2021,-0.4316195,-0.6797637,-0.1028434999999999,-0.6948634,-0.2454536,-0.0757201,Malawi
2022,-0.6548107,-0.7814561999999999,-0.166924,-0.669774,-0.2154529999999999,-0.0793215999999999,Malawi
2023,-0.6275339999999999,-0.7685413,-0.2424398999999999,-0.7064862,-0.1343556,-0.0714795,Malawi
2024,-0.6486607,-0.7257604,-0.3802084,-0.5849557,-0.1463001,-0.1094339999999999,Malawi
1996,-1.3165375,-1.1113727,-2.6204544,-1.5185358999999998,-1.6598369,-2.0723115,Sudan
1998,-1.3178033999999998,-1.1155748,-2.4407525,-1.3434282,-1.6620042,-2.048046,Sudan
2000,-1.1657662,-1.1141214,-2.4804234999999997,-1.5290222999999998,-1.6215986999999998,-1.9748185,Sudan
2002,-1.1833566,-1.3417643,-2.2201424999999997,-1.3743504,-1.3020495,-1.7165813,Sudan
2003,-1.3168528,-1.5482743,-2.2084235999999997,-1.4704393999999998,-1.5683745999999998,-1.7165861,Sudan
2004,-1.3060193999999998,-1.2874759,-1.6820213,-1.1810323,-1.5359713,-1.81342,Sudan
2005,-1.4150092,-1.4477557,-2.1100103,-1.1657875,-1.6379732,-1.802992,Sudan
2006,-1.2022545,-1.1696408,-2.259785,-1.1506794,-1.3730517,-1.6250045,Sudan
2007,-1.3131024999999998,-1.1761874,-2.3622558,-1.2108619,-1.4038579,-1.6192115,Sudan
2008,-1.4268295,-1.3101006,-2.4098968,-1.2923713,-1.4263343,-1.5622557,Sudan
2009,-1.429129,-1.2261288,-2.4393372,-1.2320392,-1.3933906,-1.5665445999999998,Sudan
2010,-1.4777406,-1.3183855,-2.4305404,-1.3279497999999998,-1.383167,-1.6354934,Sudan
2011,-1.4660139,-1.3212982,-2.3438684,-1.3131857,-1.4311591,-1.7363712,Sudan
2012,-1.5721655,-1.3159644,-2.3155934,-1.3993306,-1.4239923,-1.8050086,Sudan
2013,-1.5693861,-1.3113659,-2.2572174,-1.4772031,-1.4727537,-1.8115431,Sudan
2014,-1.5461064,-1.3093428,-2.2236606,-1.431484,-1.4368402,-1.7761608,Sudan
2015,-1.4808042,-1.29343,-2.0365601,-1.4597243,-1.4901668,-1.777265,Sudan
2016,-1.4810828,-1.2725849,-2.1622543999999997,-1.4119321,-1.4810009,-1.8311887,Sudan
2017,-1.480461,-1.2418266999999998,-1.9473364,-1.4265577,-1.3822481,-1.8293207,Sudan
2018,-1.5184609,-1.4919118999999998,-1.7164501,-1.5053915999999998,-1.3679719,-1.8588596,Sudan
2019,-1.471089,-1.4191967,-1.6553321,-1.5295444,-1.4223111,-1.6898561,Sudan
2020,-1.3828975,-1.4293287,-1.3881394,-1.5008577,-1.344873,-1.5628619,Sudan
2021,-1.292527,-1.4426029,-1.7826483,-1.4884613999999998,-1.3405003,-1.4649309,Sudan
2022,-1.4462818,-1.5360265,-1.9257199,-1.5498089,-1.4230148,-1.6342678,Sudan
2023,-1.4513517,-1.7726125,-2.0604154,-1.6040918,-1.6555377999999998,-1.7457756,Sudan
2024,-1.557432,-1.7939362,-2.0243381,-1.6627093,-1.7733122,-1.8835388,Sudan
1996,-0.6802866,-0.81117,-1.6894061,-0.2385263,-0.3990359,-1.0283586999999998,Uganda
1998,-1.097174,-0.5448568,-1.5517647,0.0190123,-0.574301,-1.1486857,Uganda
2000,-1.1308156,-0.5434034,-1.6226250999999998,-0.3111471,-0.7520219,-1.2357637,Uganda
2002,-1.1472765,-0.4743997,-1.6418571,-0.2308824,-0.7549178999999999,-1.1428658,Uganda
2003,-1.0880722,-0.6535392999999999,-1.6969824999999998,-0.2482603,-0.7076237999999999,-0.8841800999999999,Uganda
2004,-0.8321843999999999,-0.5475574,-1.1567434,-0.1779055,-0.7109534,-0.7821075,Uganda
2005,-0.8971513,-0.610698,-1.306617,-0.1906927,-0.5342542,-0.6387746,Uganda
2006,-0.6436841999999999,-0.5128808,-0.9914777,-0.3562052,-0.2661431999999999,-0.4100709999999999,Uganda
2007,-0.7161406,-0.4501490999999999,-0.7286214999999999,-0.3227141,-0.3058733999999999,-0.4662971999999999,Uganda
2008,-0.7072999999999999,-0.5348748999999999,-0.6599792,-0.2909392,-0.2591785,-0.513529,Uganda
2009,-0.7593312,-0.485208,-0.6855047,-0.3237885,-0.3324573999999999,-0.5232458,Uganda
2010,-0.7605074,-0.4480976,-0.7511675,-0.2891386999999999,-0.3498236999999999,-0.5708198999999999,Uganda
2011,-0.7939237,-0.4773969999999999,-0.8769625,-0.3369277,-0.4625994,-0.6316759,Uganda
2012,-0.8567334,-0.5124134,-0.8604164999999999,-0.4242557999999999,-0.4996961,-0.6295199,Uganda
2013,-0.9342784,-0.4771163,-0.8925868,-0.4386375999999999,-0.5574549,-0.687385,Uganda
2014,-0.9884745,-0.3073649,-0.9764218,-0.4078453999999999,-0.5832969,-0.6566105999999999,Uganda
2015,-1.0129557,-0.3049149,-0.7914315,-0.3835765,-0.610189,-0.6660292,Uganda
2016,-0.9946961,-0.378526,-0.8144743,-0.3940038999999999,-0.6395096,-0.8428062,Uganda
2017,-1.0168329,-0.3645280999999999,-0.6855171,-0.3744284,-0.6572323,-0.8194545,Uganda
2018,-1.0296281,-0.4963721,-0.7395762,-0.4010959,-0.6935840999999999,-0.8565545999999999,Uganda
2019,-1.1024791,-0.5169667,-0.7746479,-0.4755833,-0.728266,-0.8769482,Uganda
2020,-0.9361422,-0.5765401,-0.8428144999999999,-0.4951406,-0.6902214999999999,-0.8633436,Uganda
2021,-0.9322359,-0.5687509,-0.9440307,-0.4789234,-0.7277087,-0.9574486,Uganda
2022,-0.9890036,-0.5149724,-1.0920608,-0.4763192,-0.7290247999999999,-0.9718922,Uganda
2023,-0.9966903,-0.4315787,-1.0298391,-0.5002080999999999,-0.7527929999999999,-0.9287886,Uganda
2024,-1.1161673,-0.3501362,-1.0222248,-0.5242817,-0.7385242999999999,-1.0129302,Uganda
1996,0.165904,,0.9154308,,0.3686461,0.3962329,Vanuatu
1998,0.1601555999999999,,0.9060494,,0.3543536,0.3960828999999999,Vanuatu
2000,0.1433489,,0.9027244,,0.9429198,0.4225758,Vanuatu
2002,0.1314508999999999,,0.9101063,,0.954733,0.5287459,Vanuatu
2003,0.1273921999999999,,0.6379237,,0.9497066,0.4935922,Vanuatu
2004,-0.0880899,-0.314791,0.4063828,-0.1464623,0.5360746,0.278269,Vanuatu
2005,0.311482,0.2782634,1.2631573,-0.3642103,0.4879462,0.2013351,Vanuatu
2006,0.3154434,0.2761804,1.2662279,-0.4588083,0.4606056,0.2068259999999999,Vanuatu
2007,0.4118688,-0.0658407,1.1581012,-0.4640193999999999,0.4416735,0.2720843,Vanuatu
2008,0.4125895,0.0272666,1.0843736,-0.6286493,0.4048785,0.3961037,Vanuatu
2009,0.4125641,-0.0038645,1.3114121,-0.580719,0.4215608999999999,0.3962151,Vanuatu
2010,0.4030639,0.1082685999999999,1.34809,-0.611611,0.3657362999999999,0.3414690999999999,Vanuatu
2011,0.4019909,0.1073108,1.3432489,-0.5318767,0.3689678999999999,0.3094445999999999,Vanuatu
2012,0.4102543999999999,0.087697,1.4555456,-0.5548316,0.3759683,0.4216871,Vanuatu
2013,0.4393991,0.0879664,1.4539841,-0.3918952,0.3729515,0.4232604,Vanuatu
2014,0.4750183999999999,-0.48966,1.1753946,-0.2618719,0.4504539999999999,0.3552713999999999,Vanuatu
2015,-0.0938241,-0.7359427,0.6849314999999999,-0.2892261,0.390377,0.3453973999999999,Vanuatu
2016,-0.1179481999999999,-0.7353649999999999,0.6867152,-0.3461078999999999,0.4182131,0.3885373,Vanuatu
2017,-0.0663812,-0.7351774,0.8525003999999999,-0.3451962,0.4723015,0.4095903999999999,Vanuatu
2018,-0.1863588,-0.4375039,1.021257,-0.447011,0.3348434999999999,0.580569,Vanuatu
2019,-0.1851487,-0.6963905,1.0281545,-0.3671642,0.3754776999999999,0.5766690999999999,Vanuatu
2020,-0.0267151,-0.757826,0.9435444,-0.4219429999999999,0.5488282999999999,0.7070652,Vanuatu
2021,-0.0360087,-0.8022922,0.9586235,-0.4321259,0.6224841,0.7174918,Vanuatu
2022,-0.1357759999999999,-0.8025483999999999,0.9784231,-0.4178727,0.4948511,0.4867778,Vanuatu
2023,-0.1852979,-0.8432371,0.9649424,-0.4100147999999999,0.4196731999999999,0.4996160999999999,Vanuatu
2024,-0.1506043,-0.8168523,0.960216,-0.3247514999999999,0.4215614,0.4864055,Vanuatu
1996,-0.4391182999999999,-0.2701396,-0.2074922,-1.6764164,-0.9692511,-1.1592592,"Iran, Islamic Rep."
1998,-0.1631659,-0.5448568,-0.6065297,-1.6804827999999998,-0.8216941,-0.9815655,"Iran, Islamic Rep."
2000,-0.166867,-0.5434034,-0.6213951,-1.6776936999999998,-0.6912013,-1.0520343,"Iran, Islamic Rep."
2002,-0.4882621,-0.7183695999999999,-0.5266711,-1.3953366,-1.0466677,-0.9923717,"Iran, Islamic Rep."
2003,-0.5007237999999999,-0.7233853,-0.6139157,-1.3519161,-1.0865174,-1.1876155,"Iran, Islamic Rep."
2004,-0.6459403,-0.6691357,-0.6625435,-1.2344334,-0.9580887,-1.2400391,"Iran, Islamic Rep."
2005,-0.7697326999999999,-0.74235,-0.6425423,-1.2647461,-1.0584601,-1.2429559,"Iran, Islamic Rep."
2006,-0.7495746,-0.7346343,-0.787821,-1.2655921,-1.0650939,-1.2174322,"Iran, Islamic Rep."
2007,-0.7763675,-0.7287644999999999,-0.7148896,-1.3434552,-1.101757,-1.2933692,"Iran, Islamic Rep."
2008,-1.0412836,-0.7500004,-0.7480239999999999,-1.3877209,-1.1054035,-1.3737615,"Iran, Islamic Rep."
2009,-1.0476081,-0.7458779999999999,-1.2710065,-1.4986655,-1.1434669,-1.4521839,"Iran, Islamic Rep."
2010,-1.1566514,-0.6340289,-1.5247881,-1.4215061999999998,-1.1024424,-1.4980369999999998,"Iran, Islamic Rep."
2011,-0.9423621,-0.5369305999999999,-1.3564505999999998,-1.1976073,-1.0129657,-1.4955309,"Iran, Islamic Rep."
2012,-0.98264,-0.5324399,-1.2630067,-1.2487391,-0.9840127,-1.4793212999999998,"Iran, Islamic Rep."
2013,-0.9147814,-0.5687029,-1.1808701,-1.3745965,-1.2057757,-1.4357784999999998,"Iran, Islamic Rep."
2014,-0.8168470999999999,-0.2574672,-0.7265961999999999,-1.3019342,-1.2547891,-1.385483,"Iran, Islamic Rep."
2015,-0.7596233,-0.1918033999999999,-0.7896962,-1.0907749,-0.9741059,-1.3080192,"Iran, Islamic Rep."
2016,-0.6561760999999999,-0.2031626,-0.6448832,-1.0558723,-0.9735795,-1.2980897999999998,"Iran, Islamic Rep."
2017,-0.7011486,-0.1973883,-0.6994429999999999,-1.0828666999999998,-0.9283776,-1.2639669,"Iran, Islamic Rep."
2018,-0.9420795,-0.2727406,-0.9686014,-1.2929956,-0.969023,-1.3384928,"Iran, Islamic Rep."
2019,-0.9919553,-0.4172702,-1.2556127,-1.3605617,-1.0537229,-1.3844278,"Iran, Islamic Rep."
2020,-1.1044169,-0.7071428,-1.2213247,-1.3929587,-1.0270682,-1.4381547,"Iran, Islamic Rep."
2021,-1.1267612,-0.6566521,-1.1577773,-1.3936204,-1.0690001999999998,-1.4876262,"Iran, Islamic Rep."
2022,-1.1319144,-0.7076616,-1.1448403,-1.3976255,-1.1257877,-1.5314025,"Iran, Islamic Rep."
2023,-1.1711298,-0.7402272,-1.2694112,-1.4684049,-1.2004629999999998,-1.5488133,"Iran, Islamic Rep."
2024,-1.1472382,-0.7061233,-1.5811883999999998,-1.5113535,-1.2348012,-1.5484136,"Iran, Islamic Rep."
1996,-1.4984444,-1.3060162,-2.0112428,-1.027111,-1.1916685,-0.6573561,Georgia
1998,-1.409571,-1.3151438,-2.0672234,-0.8405581,-1.1638569,-0.6754492999999999,Georgia
2000,-1.5641949,-0.8765202999999999,-1.6345501999999998,-0.6511102999999999,-0.6312310999999999,-0.5822719,Georgia
2002,-1.5321825,-1.2104208,-1.6613597,-0.8537636,-0.9864675,-0.6059844999999999,Georgia
2003,-0.9964197,-1.2195365,-1.6120011,-0.6279205999999999,-0.9064046,-0.4026285,Georgia
2004,-0.0487663999999999,-0.7313035,-0.9070276,-0.5058687,-0.5358225,-0.0542215,Georgia
2005,0.1294227,-0.6108964,-0.7777854,-0.3366145,-0.5277145999999999,0.0089829,Georgia
2006,0.2742286,-0.3869641,-0.8124382,0.1418185,-0.3293416,0.0465444999999999,Georgia
2007,0.0623595999999999,-0.2227139,-0.4938217,0.4072044999999999,-0.2271036,-0.0115994,Georgia
2008,0.1189862999999999,-0.0154297999999999,-0.8166453,0.5765405,-0.2279868,-0.1510497999999999,Georgia
2009,0.1388093,0.0841957,-0.7431732,0.5740788,-0.1745783,-0.0781289,Georgia
2010,0.2516678,0.2118458,-0.5609883,0.6439699999999999,-0.1152913,-0.0429631,Georgia
2011,0.3176029999999999,0.5431231,-0.6225731999999999,0.7158059999999999,-0.0187223,-0.037764,Georgia
2012,0.5201487,0.6137741,-0.5006273,0.6933446,0.1864405999999999,-0.0325473,Georgia
2013,0.5383892,0.5511037,-0.2259943999999999,0.7283063,0.1218199,0.0696,Georgia
2014,0.8080156,0.5296758,-0.0248029,0.8195009999999999,0.3527978,0.2364329,Georgia
2015,0.7754032,0.4698911,-0.090598,0.8099349,0.3405597999999999,0.257919,Georgia
2016,0.799381,0.5977321999999999,-0.0614684,0.9448319,0.3711936999999999,0.2793396999999999,Georgia
2017,0.8616872,0.6334816999999999,-0.1125587,0.9415641,0.2231622999999999,0.1845367,Georgia
2018,0.8416678,0.5020219,-0.0948569,0.8011621999999999,0.2663887,0.1902669,Georgia
2019,0.8436252,0.511363,-0.134771,0.8781481999999999,0.2144371,0.1539206,Georgia
2020,0.8203237,0.3081567,-0.1271941,0.8062149,0.2567957999999999,0.0930661,Georgia
2021,0.7226794999999999,0.4515433,-0.2017684,0.8431074,0.2251347,0.0300981,Georgia
2022,0.6512819,0.4424251999999999,-0.1000346999999999,0.7730594,0.1818199999999999,-0.020937,Georgia
2023,0.6584135,0.5876041,-0.1209085999999999,0.8085222999999999,0.1642921,-0.1052575999999999,Georgia
2024,0.3810861,0.4562672,-0.6127592,0.6500427999999999,0.1489666999999999,-0.253538,Georgia
1996,-1.2696619999999998,-0.8214262999999999,-0.8332253,-0.6415674,-0.4953376,-0.2822357,Paraguay
1998,-1.4685317,-1.0936216,-1.0471733,-0.7961832999999999,-0.8073958999999999,-0.4814149,Paraguay
2000,-1.4568712,-1.2376909,-1.2346496,-1.1100972999999998,-1.0266216,-0.6314658,Paraguay
2002,-1.6027924,-1.3698159,-1.3529771,-0.7289979999999999,-1.1199192999999998,-0.5925036,Paraguay
2003,-1.5857992,-1.3719230999999998,-0.928343,-0.7433537,-1.1082704,-0.5002468,Paraguay
2004,-1.3774883,-1.1021491,-0.3992694,-0.7490842999999999,-0.8107637,-0.3426763,Paraguay
2005,-1.26164,-0.9710489,-0.4908118999999999,-0.7594521999999999,-0.8268523,-0.2437543999999999,Paraguay
2006,-0.9845011,-0.8984078,-0.5411225,-0.6532749999999999,-0.7800712,-0.2284595999999999,Paraguay
2007,-1.0561471999999998,-0.8949391,-0.430481,-0.5705538,-0.7763416999999999,-0.1722539,Paraguay
2008,-0.8979853999999999,-0.8423313,-0.4621386999999999,-0.5102337,-0.7527113,-0.0915827999999999,Paraguay
2009,-0.8563839999999999,-0.7789347,-0.4759748,-0.5287986,-0.7345532,-0.0886642,Paraguay
2010,-0.7003918,-0.7673432,-0.5333587,-0.5035793,-0.7105241999999999,-0.0814527999999999,Paraguay
2011,-0.6726051,-0.7523261,-0.5668194,-0.4404632,-0.7081535,-0.0790865999999999,Paraguay
2012,-0.7579324,-0.7641431999999999,-0.5745262,-0.4410038,-0.7586864,-0.1957200999999999,Paraguay
2013,-0.9476908,-0.7612361,-0.6183216,-0.4312854,-0.7655462,-0.2113266999999999,Paraguay
2014,-0.9760553,-0.7384539999999999,0.0107526,-0.2947838,-0.5971079,-0.1893736999999999,Paraguay
2015,-0.9511009,-0.7854223,0.0826536,-0.1856905999999999,-0.5495654,-0.1455953999999999,Paraguay
2016,-0.8070807,-0.6786705,0.0944783,-0.1553139,-0.4907217,-0.1633870999999999,Paraguay
2017,-0.8291544,-0.6426736,-0.0283019999999999,-0.1580121,-0.4932562,-0.131242,Paraguay
2018,-0.8709501,-0.4995478,-0.0337829,-0.1217096,-0.4540616999999999,-0.1065124,Paraguay
2019,-0.8760395,-0.4663941,0.0355269,-0.1606718,-0.4294945,-0.1070339999999999,Paraguay
2020,-0.8101421,-0.6074736,0.0082817,-0.172904,-0.3727181,-0.1215489999999999,Paraguay
2021,-0.9055003,-0.5769998,-0.0550381999999999,-0.1860035,-0.5280024,-0.1702578,Paraguay
2022,-0.9538621,-0.4957841999999999,-0.0659073999999999,-0.2027128,-0.5403787999999999,-0.1905079999999999,Paraguay
2023,-1.0149203,-0.337846,0.0023837999999999,-0.1971096,-0.5801149999999999,-0.1564693,Paraguay
2024,-1.0248859,-0.3545101,-0.0738359,-0.1411883,-0.5835849,-0.1497783,Paraguay
1996,-0.3966139999999999,-0.0112993,-0.6022424,-1.4160259,-0.6513025,-0.9056709,Zimbabwe
1998,-0.6806342999999999,-0.2953075,-0.8364041,-1.2681702,-0.9281334,-1.1211458,Zimbabwe
2000,-1.2771243,-0.7777132999999999,-1.3514121,-1.9391755,-1.5596949999999998,-1.4677657,Zimbabwe
2002,-1.3673206999999998,-0.8515796999999999,-1.6078263,-2.0822282,-1.8803319,-1.6191885,Zimbabwe
2003,-1.4178284,-0.9477376,-1.4557018,-2.2770629,-1.8192363,-1.4727454,Zimbabwe
2004,-1.4067889999999998,-0.9672447,-1.5430146,-1.8029221,-1.7402590999999998,-1.6412099999999998,Zimbabwe
2005,-1.498948,-1.2871277,-1.551972,-1.9804131,-1.8711473,-1.6781298999999998,Zimbabwe
2006,-1.3723553,-1.4271357,-1.3010141,-1.9029327,-1.8936098,-1.5728046,Zimbabwe
2007,-1.402998,-1.3401672,-1.4174911,-1.9323331,-1.8830102,-1.6147653,Zimbabwe
2008,-1.5353415,-1.5872219,-1.6376435,-1.973331,-1.8928218,-1.6548902,Zimbabwe
2009,-1.5461452,-1.5538378,-1.5633737,-1.8659844,-1.8548257,-1.5972762,Zimbabwe
2010,-1.4687145,-1.4654938,-1.4606594,-1.766916,-1.7974643,-1.5138998,Zimbabwe
2011,-1.4551794,-1.3735719,-1.2521569,-1.7195857,-1.7843494999999998,-1.4703559,Zimbabwe
2012,-1.3288997,-1.3576116,-1.2758713,-1.6789486,-1.6450049999999998,-1.5400292,Zimbabwe
2013,-1.3977252,-1.2974962,-1.0050314,-1.6869983,-1.6961368,-1.4436829999999998,Zimbabwe
2014,-1.4973623,-1.2009532,-0.9765519,-1.7076045,-1.6496871,-1.4046383,Zimbabwe
2015,-1.3029239,-0.9412802,-0.8565187999999999,-1.4073894,-1.4077801,-1.3281193999999998,Zimbabwe
2016,-1.3004061,-0.9135411,-0.9112005,-1.4728001,-1.4315883,-1.3946976,Zimbabwe
2017,-1.2922875,-0.9584327,-0.8348774,-1.3925184,-1.380811,-1.3803793,Zimbabwe
2018,-1.3111277,-1.0473123,-0.824492,-1.3672585,-1.2942012,-1.2034485,Zimbabwe
2019,-1.2833802,-1.1049584,-0.984582,-1.3000713,-1.2815856,-1.2476642,Zimbabwe
2020,-1.1729479,-1.1252829,-1.0459616,-1.3302143,-1.2423385999999998,-1.1693628,Zimbabwe
2021,-1.1867823,-1.0994958,-1.0184197,-1.3253501,-1.263628,-1.176409,Zimbabwe
2022,-1.1984753,-1.0997627,-0.8261001,-1.3307719,-1.3005258,-1.192092,Zimbabwe
2023,-1.1914608,-0.9884796,-0.998214,-1.2277201,-1.2681513,-1.2023997,Zimbabwe
2024,-1.2516542,-0.9876299,-1.0172382,-1.1780738,-1.2109412,-1.2595646,Zimbabwe
1996,0.640072,0.7592137,0.7706073,0.1740608,0.4589395,-0.0359962999999999,Seychelles
1998,0.6372964999999999,0.7500861,0.7672283,0.2049493,0.4515676999999999,-0.0291239999999999,Seychelles
2000,0.6291815,0.7532430999999999,1.0050037,0.2133576999999999,0.4654232,-0.0608774999999999,Seychelles
2002,0.6681958,0.7534943,0.7486297,0.4035897,0.4813133,0.1263661999999999,Seychelles
2003,0.7274069999999999,0.7406421999999999,0.4447376999999999,0.5812674999999999,0.5437377999999999,0.0488713999999999,Seychelles
2004,0.2196210999999999,0.2778055,0.4769821999999999,-0.4123128,0.4574303999999999,0.2586537,Seychelles
2005,0.1121234,0.3379987,0.7634168,-0.1793751999999999,0.4114195,0.2663674,Seychelles
2006,0.1146319,0.3364771,0.8025654999999999,-0.1808495,0.3031967,0.3340177,Seychelles
2007,0.1128349999999999,0.3387780999999999,0.7385402,-0.0292218,0.3921315999999999,0.2730565,Seychelles
2008,0.1133126999999999,0.3405729,0.7046564,-0.1183679,0.3259884,0.2340811,Seychelles
2009,0.4120841999999999,0.5982831,0.6419829,0.0987584,0.1962254,0.2364706999999999,Seychelles
2010,0.4410844,0.5994724,0.8564803999999999,0.2164882,0.1074652,0.2527833,Seychelles
2011,0.4403622,0.5987726999999999,0.7752840999999999,0.1472836,0.1120002,0.1595657,Seychelles
2012,0.4106607,0.710415,0.7257334,0.1804289,0.1387237999999999,0.1537598,Seychelles
2013,0.4170086,0.6404284,0.7331354,0.1191899,0.1582385,0.0914345,Seychelles
2014,0.4713108,0.5730461,0.4579185999999999,-0.0884944,0.140185,0.072685,Seychelles
2015,0.9238577,0.6575774999999999,0.7647495,0.2833423,0.2919363,0.2346279,Seychelles
2016,0.9114965,0.8131033999999999,0.7625993999999999,0.2523062,0.337312,0.3035302,Seychelles
2017,0.7220791,0.6187826,0.813523,0.1296569,0.2519102,0.2947311999999999,Seychelles
2018,0.8163729,0.6505108,0.7800693,0.2527705,0.4346563,0.3385322,Seychelles
2019,1.0734136,0.5618506999999999,0.6921847999999999,0.2743209,0.4330134,0.3516215,Seychelles
2020,1.1448063,0.4965413999999999,0.727409,0.2729044,0.532971,0.6013803,Seychelles
2021,1.1441374,0.5612214999999999,0.7262103999999999,0.2723347,0.5521391999999999,0.6802368,Seychelles
2022,1.1495314,0.4110746999999999,0.8411889,0.3267766,0.5983145999999999,0.6695352,Seychelles
2023,1.151735,0.5293894,0.9207856,0.4281496999999999,0.5546447,0.6358142999999999,Seychelles
2024,1.2307957,0.6267672,0.9164443,0.3896740999999999,0.5968987,0.6343652,Seychelles
1996,-0.1623573999999999,-0.7325729,-0.1053862999999999,-0.2310626999999999,-0.0751416999999999,-0.1421494999999999,Moldova
1998,-0.2232422999999999,-0.6073685,0.0775608,-0.4069139,0.0594122,-0.0925163,Moldova
2000,-0.4864883,-0.6693344,-0.3285582999999999,-0.5728508,-0.2290671,-0.2382137,Moldova
2002,-1.0149545,-0.7261883,-0.082243,-0.5954788,-0.5384607,-0.525512,Moldova
2003,-1.0158162,-0.7311656999999999,-0.2486934999999999,-0.6235143,-0.5391037,-0.4943916,Moldova
2004,-1.1664256,-0.8264427,-0.2977569,-0.5613404,-0.2335559999999999,-0.3763651999999999,Moldova
2005,-0.931449,-0.9015247,-0.3647959,-0.588108,-0.3146653,-0.4207992,Moldova
2006,-0.8457783999999999,-0.8426635,-0.2113082999999999,-0.4967545,-0.3252891,-0.0987538999999999,Moldova
2007,-0.8311103999999999,-0.7566373,0.0593731999999999,-0.3737606,-0.2736569,-0.0949819,Moldova
2008,-0.8023372,-0.7274060999999999,-0.2408166,-0.2929637,-0.2944795,-0.1193983999999999,Moldova
2009,-0.7723296,-0.7462462999999999,-0.2909869,-0.2472868,-0.3413333,-0.1913591999999999,Moldova
2010,-0.6878966,-0.6041274999999999,-0.0745102,-0.2010615999999999,-0.3350164,0.083603,Moldova
2011,-0.6534376,-0.5793138,0.1492996999999999,-0.1975832,-0.2783037,0.2324501,Moldova
2012,-0.7197195,-0.5624904,0.1385944,-0.2869801999999999,-0.360517,0.0215491999999999,Moldova
2013,-0.8114962,-0.5012795,0.1501042,-0.2287158,-0.4252199,-0.0685532,Moldova
2014,-0.9696877,-0.4639187999999999,-0.0788413999999999,-0.1363385,-0.3649082999999999,-0.0337182,Moldova
2015,-1.0385702,-0.6288785,-0.1714471,-0.1992691999999999,-0.4193157999999999,-0.0642348,Moldova
2016,-1.099628,-0.6014068,-0.1842961,-0.2315935999999999,-0.4243118999999999,-0.1039684999999999,Moldova
2017,-0.9372312,-0.4025781,-0.1818402999999999,-0.1222811999999999,-0.4332048,-0.1105299999999999,Moldova
2018,-0.8713198999999999,-0.2156018999999999,-0.2383059,-0.1859583,-0.4034988,-0.1677532,Moldova
2019,-0.7732817,-0.2731316,-0.1474608,-0.1132727999999999,-0.3747443,-0.1508752,Moldova
2020,-0.7308378,-0.2721944,-0.1490893999999999,-0.1518578,-0.3778015999999999,-0.0883867,Moldova
2021,-0.550342,-0.2101435999999999,-0.0451684,-0.0862631,-0.2519381,0.0252853,Moldova
2022,-0.4215125999999999,-0.133791,-0.2465629,-0.0435626,-0.1948034,0.0872112999999999,Moldova
2023,-0.2660502999999999,-0.0336705,-0.2678685,-0.0545226,-0.1938657,0.2629208,Moldova
2024,-0.2915803,0.2576379,-0.3449915,-0.0467374,-0.1613321999999999,0.2837193,Moldova
1996,-0.7843911,-1.307264,-0.4336318999999999,-1.5695534,-0.6903746,-1.5588676,Niger
1998,-1.2942051,-1.3132251,-0.6649134999999999,-0.8739376,-0.6931596,-1.4970234,Niger
2000,-0.9976217,-1.3111633,-0.3813939,-0.8693443999999999,-0.895342,-0.3340471,Niger
2002,-1.0018861,-1.0453991,-0.5421073,-0.8949950999999999,-0.8025618,-0.2586991,Niger
2003,-1.0033408,-1.0520881,-0.2458257999999999,-0.8949669,-0.8036580999999999,-0.2835593999999999,Niger
2004,-0.8820479,-0.8354534,-0.4852167,-0.9120346,-0.6771649,-0.0687907,Niger
2005,-0.7805882,-0.7441785,-0.4096853,-0.7243621,-0.6483549,-0.1530177999999999,Niger
2006,-0.7720629999999999,-0.8062252999999999,-0.1317713,-0.6327737999999999,-0.6245355,-0.2364413,Niger
2007,-0.6805262,-0.8180004999999999,-0.3573665,-0.5914231999999999,-0.6328629,-0.25593,Niger
2008,-0.5497619,-0.7451342999999999,-0.5913305,-0.5745441,-0.6759696,-0.4650094999999999,Niger
2009,-0.6322886999999999,-0.6827442,-0.9211855,-0.5235896999999999,-0.6424424999999999,-0.8821317999999999,Niger
2010,-0.6019841,-0.7350007,-1.0817352,-0.5069873,-0.6195252,-0.608378,Niger
2011,-0.5110743999999999,-0.695647,-0.7587227999999999,-0.5324314,-0.5181874,-0.3188767,Niger
2012,-0.4350720999999999,-0.5898721,-0.8831462999999999,-0.7242274,-0.6902391,-0.2520333,Niger
2013,-0.374697,-0.6374806,-0.934017,-0.724202,-0.7158576,-0.2991173,Niger
2014,-0.4434815,-0.5887916,-0.9806619,-0.746923,-0.6904258,-0.2734287999999999,Niger
2015,-0.4307116,-0.5908565,-0.7994889,-0.7183876,-0.5809198,-0.282134,Niger
2016,-0.4203841,-0.5660436999999999,-0.94432,-0.6537562,-0.5704113,-0.4534935,Niger
2017,-0.4352048,-0.654903,-1.0412801,-0.6396879999999999,-0.5600199,-0.4700356,Niger
2018,-0.4471908,-0.6127385,-1.1906754,-0.6639231,-0.5744578,-0.5145248,Niger
2019,-0.4388367999999999,-0.6646514,-1.1901488999999998,-0.6452363,-0.5391518,-0.526837,Niger
2020,-0.5299908999999999,-0.6573806999999999,-1.502479,-0.7497121999999999,-0.5192429,-0.4299989999999999,Niger
2021,-0.5632509,-0.6395046999999999,-1.4793091,-0.6944663999999999,-0.5989751999999999,-0.5571309,Niger
2022,-0.5631731,-0.644957,-1.299076,-0.6740254,-0.665473,-0.5522528999999999,Niger
2023,-0.517433,-0.6115288999999999,-1.6533793,-0.7280992,-0.8040847999999999,-0.7681783,Niger
2024,-0.6169138,-0.7696662,-1.7634214,-0.7624578,-0.9457241,-0.9706736,Niger
1996,0.8945863,0.7592137,0.7065855,0.7068487999999999,0.7839701,1.0624225,Dominica
1998,0.8901182999999999,0.7500861,0.7074891,0.7377372999999999,0.7749773,1.0610659999999998,Dominica
2000,0.8770547999999999,0.7532430999999999,0.4335934999999999,0.9237418,0.7690634,1.0618296,Dominica
2002,0.8678068,0.7534943,0.4357713,0.9363777,0.7764962,1.0155615,Dominica
2003,0.8646520999999999,0.7406421999999999,0.5176706999999999,0.9364598,0.7733336,0.9635435,Dominica
2004,0.5605873,0.3813429,0.8561786,0.403647,0.6206522999999999,0.9058973,Dominica
2005,0.7009683,0.3823937,0.8478312,0.3518486,0.8253988999999999,1.002855,Dominica
2006,0.7057308,0.3806177,0.9726788,0.4931566,0.8244642,0.9216003,Dominica
2007,0.7023193999999999,0.5040295,0.8544313,0.579344,0.9087971,0.9703292,Dominica
2008,0.7032262,0.5061243,0.9762833,0.4506076,0.8314205,0.9694043,Dominica
2009,0.7031942999999999,0.5134390999999999,0.982245,0.4713157999999999,0.8920823999999999,0.9561635,Dominica
2010,0.8317948,0.6879945,1.098788,0.5839169,0.9098685,0.9459527,Dominica
2011,0.8301434,0.6135665,1.0934992,0.4752437,0.8499179,0.9479093,Dominica
2012,0.8267116999999999,0.6138167,1.092941,0.521512,0.8484471,0.917842,Dominica
2013,0.8269725,0.6140962,1.0912351,0.5208123,0.8451595,0.9115175,Dominica
2014,0.6052154,0.1205518999999999,1.1473784,0.3779611,0.6962779,0.9141033,Dominica
2015,0.6194166999999999,0.1184679999999999,1.1120789,0.2329832,0.7343046999999999,0.5437181999999999,Dominica
2016,0.6205238,0.0457580999999999,0.9362782,0.2337346,0.7305425,0.5435555,Dominica
2017,0.6212599999999999,-0.4588519,1.1093885,0.174223,0.6990632,0.5288349999999999,Dominica
2018,0.5097887999999999,-0.4575605,1.112031,0.159295,0.6138951,0.4330705999999999,Dominica
2019,0.4981334999999999,-0.4563017,0.9867091,0.1189288,0.6025771999999999,0.4072503999999999,Dominica
2020,0.4019084,-0.3864624,1.2385037,0.1541986,0.5984586,0.3358446,Dominica
2021,0.3994373,-0.384329,1.2367945,0.1493074999999999,0.5368851,0.3267127999999999,Dominica
2022,0.3990363999999999,-0.0222235,1.2397365,0.1471657999999999,0.5641307999999999,0.3185418,Dominica
2023,0.4140289,0.3883874,1.2402149,0.1538033,0.5395542999999999,0.3029358,Dominica
2024,0.5329662,0.1490421999999999,1.2341643,0.0598246,0.3974621,0.3798229999999999,Dominica
1996,,,0.9604989,,0.9038562,1.0887595,St. Lucia
1998,,,0.2434229,,0.8818861,1.0866947999999998,St. Lucia
2000,,,0.9579328,,0.8674379,1.0878571,St. Lucia
2002,,,0.2436254,,0.8855968,1.0984173,St. Lucia
2003,,,0.9514154,,0.8778703999999999,1.0192414,St. Lucia
2004,0.2092037,0.1558686,1.0723427,0.1102485999999999,0.6792848,0.6671204,St. Lucia
2005,1.1326284,0.8143568999999999,1.0138788,0.6432433,0.8747752999999999,1.2677431,St. Lucia
2006,1.1373909,0.7522179,0.9245992,0.6417202,0.8738406,1.2793213,St. Lucia
2007,1.1339794,0.8152667,0.5865391,0.6564919,0.8756832,1.2877784,St. Lucia
2008,1.1348862,0.8173615999999999,0.5860328,0.4733172,0.9316258,1.2906889,St. Lucia
2009,1.1348543,0.8850395,0.9341655,0.6105651,0.9301284,1.290872,St. Lucia
2010,1.3516835,1.0666286,0.8287007,0.6675281,0.9489256,1.2882391,St. Lucia
2011,1.350032,1.0656351,0.8234119,0.7189487,0.8850425,1.2382862,St. Lucia
2012,1.1696019,0.8304307,0.8228536999999999,0.570824,0.8356167,1.2097217999999998,St. Lucia
2013,1.1698184,0.8306604,0.8211478,0.5702182,0.8324142,1.1834014,St. Lucia
2014,0.3501512,0.2608582,0.7556725,0.4244606999999999,0.6873869,1.18593,St. Lucia
2015,0.5702666,0.1384193,0.7434286999999999,0.3210997,0.7997065999999999,0.8530795,St. Lucia
2016,0.5712704,0.1993777,0.9130972,0.3217756,0.7954143,0.8427357,St. Lucia
2017,0.5017334,0.1995711,0.8668532999999999,0.2897439,0.7355229,0.7599752,St. Lucia
2018,0.4535507,0.2006326,0.8694957999999999,0.2940590999999999,0.6660385999999999,0.5668733,St. Lucia
2019,0.4745650999999999,0.3009664999999999,0.8702888999999999,0.3463362,0.6668234,0.5828907,St. Lucia
2020,0.37834,0.1183828,0.8698532,0.2845169999999999,0.5946847,0.5022546,St. Lucia
2021,0.3701319999999999,-0.1319064,0.8681439999999999,0.1996243999999999,0.6252576,0.5088919,St. Lucia
2022,0.3713679,0.1826231999999999,1.0438207,0.2002621,0.5318302,0.5054951,St. Lucia
2023,0.3771937999999999,0.3883874,1.044299,0.2145717,0.5120690999999999,0.5338659,St. Lucia
2024,0.4492828,0.2682296,1.0382485,0.1818488,0.5032686,0.611256,St. Lucia
1996,-0.5231485,-1.3618338,-0.7557254999999999,-1.3275195,-0.3076488,-0.1938932,Bosnia and Herzegovina
1998,-0.4897943999999999,-1.3673959999999998,-0.7579416,-1.183833,-0.6541091,-0.1014378,Bosnia and Herzegovina
2000,-0.6041293,-1.4050976,-0.7574485999999999,-0.8999830999999999,-0.6188623,-0.1429437999999999,Bosnia and Herzegovina
2002,-0.3714306,-1.3473427999999998,-0.3370286999999999,-0.7255292999999999,-0.4927902999999999,-0.0885147999999999,Bosnia and Herzegovina
2003,-0.3678075999999999,-1.3536094,-0.4836943999999999,-0.4894291999999999,-0.6034027,0.0582433,Bosnia and Herzegovina
2004,-0.4386067999999999,-0.7838016,-0.2817497,-0.3930802,-0.4637787,0.1911554999999999,Bosnia and Herzegovina
2005,-0.4170295,-0.7211271,-0.5961126,-0.3843051999999999,-0.5020603,0.2921538999999999,Bosnia and Herzegovina
2006,-0.3444413,-0.6810722,-0.3864629,-0.3026899999999999,-0.4335691,0.2329202,Bosnia and Herzegovina
2007,-0.4313474,-0.7722494,-0.4799679,-0.2740336,-0.4150683,0.1929178,Bosnia and Herzegovina
2008,-0.4488607,-0.6884490999999999,-0.4343012,-0.2079677999999999,-0.465867,0.0995933,Bosnia and Herzegovina
2009,-0.4251292,-0.6804741999999999,-0.5894529,-0.2086029999999999,-0.3864522999999999,0.0543793,Bosnia and Herzegovina
2010,-0.463675,-0.7085986999999999,-0.6337606,-0.2413666,-0.3711756,-0.061222,Bosnia and Herzegovina
2011,-0.5013970999999999,-0.7322155,-0.6699284,-0.2715825,-0.4173075,-0.1833150999999999,Bosnia and Herzegovina
2012,-0.405939,-0.5915425,-0.5906167999999999,-0.2052199999999999,-0.1318904,-0.1421039999999999,Bosnia and Herzegovina
2013,-0.3230858,-0.5381602,-0.4534621,-0.2013766,-0.1250350999999999,-0.1978231,Bosnia and Herzegovina
2014,-0.3542824,-0.2379291999999999,-0.0605189,-0.1859247,-0.0894811,-0.1598354,Bosnia and Herzegovina
2015,-0.4923931,-0.4626996,-0.2551002,-0.2509226,-0.2307844,-0.2121297999999999,Bosnia and Herzegovina
2016,-0.4684033999999999,-0.4139216,-0.3709896,-0.2439076,-0.2094745999999999,-0.2569385999999999,Bosnia and Herzegovina
2017,-0.5769795,-0.4707049,-0.3110983,-0.1684447,-0.3294168,-0.3830179999999999,Bosnia and Herzegovina
2018,-0.6404386,-0.6666,-0.2895156,-0.3157976,-0.3210995,-0.4378719,Bosnia and Herzegovina
2019,-0.6387532,-0.7937191,-0.3091938999999999,-0.3767077,-0.3905029,-0.4515923,Bosnia and Herzegovina
2020,-0.6246594999999999,-0.7051218,-0.2690285,-0.3741576,-0.3025925,-0.4512199,Bosnia and Herzegovina
2021,-0.6690056,-0.8403621,-0.3107015999999999,-0.3797619,-0.3074514,-0.4759813,Bosnia and Herzegovina
2022,-0.6800611999999999,-0.7459726,-0.2480563999999999,-0.3795221,-0.2897409999999999,-0.4739062,Bosnia and Herzegovina
2023,-0.5984163,-0.6453703,-0.1999229,-0.3476707,-0.3548804,-0.4437167999999999,Bosnia and Herzegovina
2024,-0.5128682,-0.6353163,-0.5010614,-0.3498488999999999,-0.319134,-0.3952516,Bosnia and Herzegovina
1996,-0.5575926,-0.2734013,0.0419772,-0.6389313999999999,-0.5587984,-0.9409437,Mauritania
1998,-0.5603680999999999,-0.2825287999999999,0.0122329,-0.6165936,-0.5632408999999999,-0.9692503,Mauritania
2000,-0.5684831,-0.2793718,-0.0374667,-0.4272832,-0.5607951999999999,-1.0389131,Mauritania
2002,-0.2834875,-0.2791206,0.0866841,0.2599767,-0.5571233,-0.8362221,Mauritania
2003,-0.2854472,-0.2919728,-0.2889869,0.1316029,-0.6540874999999999,-0.832928,Mauritania
2004,-0.5709681,-0.5791923999999999,-0.3131249,-0.3986832999999999,-0.890168,-1.1473715,Mauritania
2005,-0.6740497999999999,-0.6774526,-0.4302110999999999,-0.3332112,-0.7919799,-0.9315849,Mauritania
2006,-0.6238901,-0.8516161,0.1309329,-0.5720193,-0.7435007,-0.7122584,Mauritania
2007,-0.5401178,-0.7673540999999999,-0.1587898999999999,-0.4757283,-0.5999118,-0.4779401,Mauritania
2008,-0.7988269,-0.9346936,-0.6838597,-0.678917,-1.0780743,-0.8250607999999999,Mauritania
2009,-0.7090306,-0.7632987,-0.5625221,-0.6482334,-0.9367894,-0.9128454,Mauritania
2010,-0.6166503,-0.5153748,-0.8153859999999999,-0.5076316,-0.8994886999999999,-0.6984326,Mauritania
2011,-0.5421054,-0.505274,-1.0034248,-0.4821211999999999,-0.9539079,-0.6639976,Mauritania
2012,-0.7346161999999999,-0.6504224,-1.0990669,-0.6788529999999999,-0.9892722,-0.8761489,Mauritania
2013,-0.7989219,-0.8307825999999999,-1.1394547,-0.8388686,-1.069894,-0.943839,Mauritania
2014,-0.9214158,-0.8456368999999999,-0.7612141,-0.8327688999999999,-0.9896735,-0.9174476,Mauritania
2015,-0.9528354,-0.9313712,-0.7765101999999999,-0.8218413999999999,-0.9742152,-0.9225402,Mauritania
2016,-0.8308534,-0.8954384999999999,-0.9065538,-0.6847164,-0.9155345,-0.9229242,Mauritania
2017,-0.8700694,-0.8206663,-0.7637873,-0.707577,-0.806902,-0.9714367,Mauritania
2018,-0.8944903,-0.8343636999999999,-0.7485248999999999,-0.7617925,-0.8239588999999999,-0.9387206,Mauritania
2019,-0.9810075,-0.8240740999999999,-0.645438,-0.7614288,-0.7821412,-0.8727345,Mauritania
2020,-0.7915263,-0.9008005,-0.6263455,-0.8732894,-0.7061772,-0.7988632999999999,Mauritania
2021,-0.879153,-0.8482902999999999,-0.5222228,-0.9699003,-0.8740834,-0.8943325999999999,Mauritania
2022,-0.8477941,-0.87695,-0.2992865,-0.9681657,-0.8487425,-0.8832882,Mauritania
2023,-0.7965253,-0.8187576999999999,-0.5042694999999999,-0.8613964,-0.8540015,-0.8388492999999999,Mauritania
2024,-0.933745,-0.7412472999999999,-0.5595872,-0.7781511999999999,-0.8635098999999999,-0.925315,Mauritania
1996,-0.6200614999999999,-1.3060162,-0.7563097,-0.9146377,-0.6797124999999999,-1.0403167,Djibouti
1998,-0.6288049,-1.3151438,-0.9402984,-0.8922998999999999,-0.6777143,-1.1458797,Djibouti
2000,-0.6190162,-1.3119868,-0.5423309,-0.7577862,-0.6800991,-1.020599,Djibouti
2002,-0.624761,-0.7954281,-0.3636812,-0.6202151,-0.9439884,-0.8833770999999999,Djibouti
2003,-0.6267207,-0.8082803,-0.7653435,-0.6201557,-0.9460874,-0.722042,Djibouti
2004,-0.422042,-0.7162118,-0.269924,-0.719135,-0.9142364,-0.7996793999999999,Djibouti
2005,-0.6593770999999999,-0.8400325,-0.7121643999999999,-0.6615989,-0.9938395,-1.0023845999999998,Djibouti
2006,-0.6564207,-1.0430659,-0.1371762,-0.6857023999999999,-0.9469968,-0.9707541,Djibouti
2007,-0.4894592,-0.8772624,-0.0004149,-0.6700554,-0.8951939,-1.0597085,Djibouti
2008,-0.283894,-0.8117514,0.3064746,-0.6944948999999999,-0.7633622,-1.076732,Djibouti
2009,-0.4886708999999999,-0.7338482,0.5407181999999999,-0.7093655999999999,-0.7589431,-1.0543523,Djibouti
2010,-0.5264958,-0.7292417999999999,0.3584284,-0.7631836,-0.7820756,-1.075547,Djibouti
2011,-0.5260663,-0.7251154999999999,0.1177782,-0.7534194,-0.864629,-1.2197109,Djibouti
2012,-0.5478799,-0.7689657999999999,0.1173704,-0.6897757999999999,-0.8653527999999999,-1.257943,Djibouti
2013,-0.6208513999999999,-0.7216376,-0.2955231,-0.7531861999999999,-0.917468,-1.3687557,Djibouti
2014,-0.7346191,-0.6905333,-0.3843552,-0.7204568,-1.0251459,-1.3474302,Djibouti
2015,-0.7297315999999999,-0.7524266,-0.4931800999999999,-0.7293921,-1.0027773,-1.3363074,Djibouti
2016,-0.7112911,-0.7128753999999999,-0.7074408,-0.7157207999999999,-1.0026644,-1.2586587,Djibouti
2017,-0.7643067,-0.7792344999999999,-0.7552217,-0.6812526,-1.0102169,-1.2859353,Djibouti
2018,-0.8215555999999999,-0.7720106999999999,-0.2967174999999999,-0.7398709,-0.9865925,-1.2354091,Djibouti
2019,-0.9286163,-0.6529552,-0.3842768,-0.7729077999999999,-1.0072723,-1.2626714,Djibouti
2020,-0.8140782999999999,-0.6750073999999999,-0.4591955,-0.8309677999999999,-1.0447412,-1.1935356,Djibouti
2021,-0.9086172,-0.6477012999999999,-0.5273642,-0.7686696,-1.0311038,-1.1996692,Djibouti
2022,-0.9087909,-0.5581809,-0.4774121,-0.7693637999999999,-1.0215603,-1.2068256,Djibouti
2023,-0.9050527,-0.536184,-0.4640183,-0.7883492999999999,-1.0395038,-1.2245151,Djibouti
2024,-0.8908098,-0.4930443,-0.5563593,-0.8527958999999999,-1.0103987,-1.2450001,Djibouti
1996,-0.5970382,-0.6498263999999999,-0.927531,-0.5754727,-0.4462073,-0.6190645,North Macedonia
1998,-0.6001006,-1.0527655,-1.1911397,-0.5646512,-0.4635288999999999,-0.4607258999999999,North Macedonia
2000,-0.9284927,-1.0517492,-1.0865561,-0.5209490999999999,-0.6254358,-0.6195596999999999,North Macedonia
2002,-0.8826737,-0.6266164,-1.2987171,-0.3131719,-0.6237207,-0.435676,North Macedonia
2003,-0.9069409,-0.7460711999999999,-1.2182328999999998,-0.2719824,-0.7172662999999999,-0.2525667,North Macedonia
2004,-0.4915742999999999,-0.2049755999999999,-0.7898320999999999,-0.1255677,-0.3143595999999999,-0.0969674,North Macedonia
2005,-0.516346,-0.4250752,-0.9533971,-0.1862880999999999,-0.376913,0.0501041,North Macedonia
2006,-0.2936871,-0.3434784999999999,-0.6274535,0.0721402999999999,-0.517517,0.245191,North Macedonia
2007,-0.2757399,-0.3422349,-0.2627047,0.1270314,-0.3829706,0.2826517,North Macedonia
2008,-0.2650308,-0.2809392,-0.1838420999999999,0.1611043999999999,-0.310505,0.2146703999999999,North Macedonia
2009,-0.2499787,-0.2346588999999999,-0.0911297,0.1963624,-0.2921824,0.1950684999999999,North Macedonia
2010,-0.3133081,-0.522895,-0.4531814999999999,-0.1118569,-0.4166187,-0.0793722999999999,North Macedonia
2011,-0.3397578,-0.3540497999999999,-0.6796464999999999,-0.0874218,-0.3870299,-0.2353209,North Macedonia
2012,-0.1278505999999999,-0.0959845,-0.399539,0.2094251999999999,-0.1897024,-0.0177664999999999,North Macedonia
2013,-0.0923630999999999,-0.0831042999999999,-0.4044213,0.1453678,-0.2010497,-0.1093794999999999,North Macedonia
2014,-0.1454437999999999,0.1406151,0.2261525999999999,0.2802096,-0.1921359,-0.1806253,North Macedonia
2015,-0.3062159,-0.0722863,-0.2204312,0.2705037999999999,-0.2782059,-0.2537076,North Macedonia
2016,-0.2959048999999999,-0.1218577999999999,-0.3424451,0.2741,-0.3194317,-0.3081163,North Macedonia
2017,-0.2620741,-0.0997098,-0.2494817999999999,0.3426423999999999,-0.3143012,-0.2727594,North Macedonia
2018,-0.3408571999999999,0.0333879,-0.1184433,0.3988409,-0.2267515,-0.1175171,North Macedonia
2019,-0.4600251999999999,-0.1182044,0.0391431999999999,0.1928119999999999,-0.2862328,-0.1170509,North Macedonia
2020,-0.4569769999999999,-0.0922934,0.0891281999999999,0.30335,-0.1729781,-0.0924122,North Macedonia
2021,-0.3856405,-0.0787865,0.0908151,0.2238641999999999,-0.117091,-0.0157161,North Macedonia
2022,-0.332673,0.0111046,0.3218511,0.2225911,-0.1802257,-0.0046644999999999,North Macedonia
2023,-0.3541776,0.022351,0.2173101999999999,0.2015162999999999,-0.2738806,-0.0011212,North Macedonia
2024,-0.3292214,-0.0323427,0.1558087,0.2663031999999999,-0.2249296999999999,0.0737386999999999,North Macedonia
1996,-1.2927463,-0.7897088,-1.3245123,-1.2810969,-1.0856135,-1.2688876999999998,Chad
1998,-1.2955219,-0.7988362999999999,-1.4936904,-1.2587591,-1.090056,-1.2527431,Chad
2000,-1.3036368,-0.7956793,-1.4881329,-1.2526783,-1.0929775,-1.2392991,Chad
2002,-1.3093816,-1.2017311,-1.7385005999999998,-1.0419419,-1.1607173,-1.1207038,Chad
2003,-1.4853792,-1.6085619999999998,-1.4914337,-1.1759627,-1.4535722,-1.2311396,Chad
2004,-1.3069672,-1.2722611,-1.5041461,-0.99722,-1.1953347,-1.1891184,Chad
2005,-1.4441465,-1.3765091,-1.4912872,-1.2715808,-1.5151886,-1.2666674,Chad
2006,-1.2943601,-1.4484387,-1.7693476,-1.2042054,-1.555775,-1.3860775,Chad
2007,-1.3736274,-1.4351661,-1.7217825999999998,-1.2038333,-1.5230352,-1.4175753,Chad
2008,-1.5391258,-1.4822531,-1.8243844,-1.2303822,-1.5673711,-1.3823234,Chad
2009,-1.4957,-1.3361595,-1.0699072,-1.1806962,-1.5384267,-1.3620962,Chad
2010,-1.3954646,-1.2969073,-1.0897466999999998,-1.2069765,-1.5453464,-1.3228554,Chad
2011,-1.3655434,-1.2335999,-1.1533318,-1.2004469,-1.5398843999999998,-1.2662324,Chad
2012,-1.376467,-1.3185711999999998,-1.1726684,-1.2158533,-1.5565184,-1.2414207,Chad
2013,-1.4313551,-1.2533334,-1.1891301,-1.2243702,-1.5512159,-1.2594363,Chad
2014,-1.4777283,-1.2514726,-1.3290695,-1.1659712,-1.3726839,-1.1722919,Chad
2015,-1.5175651,-1.232359,-1.1227573,-1.150013,-1.3612518,-1.1956684,Chad
2016,-1.5029281,-1.1872693,-1.3417072,-1.14236,-1.4004476,-1.268907,Chad
2017,-1.4572612,-1.10043,-1.3677159,-1.0916494,-1.3185396,-1.2692214,Chad
2018,-1.4604180999999998,-1.178056,-1.3603311,-1.124001,-1.3574545999999998,-1.3206115,Chad
2019,-1.4780052,-1.26227,-1.4521212,-1.151166,-1.3211830999999998,-1.3019227,Chad
2020,-1.4821997999999998,-1.2291822,-1.4524146,-1.1473695,-1.3334326,-1.3268961,Chad
2021,-1.4920803,-1.2404592,-1.689273,-1.0888251,-1.3430721,-1.4563133,Chad
2022,-1.4663578,-1.1754288,-1.6491593,-1.0433507,-1.3819125,-1.4100369,Chad
2023,-1.4887819999999998,-1.2154601,-1.6839155,-1.083941,-1.454847,-1.378485,Chad
2024,-1.3909131,-1.1005006,-1.7789322,-1.0878516,-1.4446512,-1.5187583,Chad
1996,-0.7690646,-0.7897088,0.7918822999999999,-0.2724722,0.0875553,0.1522383,Benin
1998,-0.8270430999999999,-0.7988362999999999,0.6227043,-0.2501344,0.0782823,0.1924762,Benin
2000,-0.835158,-0.7956793,0.6165497999999999,-0.2440535999999999,-0.2843817999999999,0.1876677,Benin
2002,-0.8409028,-0.6357049,0.6190757,-0.555995,-0.3909663,-0.047625,Benin
2003,-0.8428625,-0.6449496,0.5773695,-0.5559617,-0.471632,0.0774113,Benin
2004,-0.5094063,-0.4463045,0.1768395999999999,-0.6079913,-0.3862887,0.1725577999999999,Benin
2005,-0.7047019,-0.6133987,0.4644931,-0.4866853,-0.403999,0.1422207,Benin
2006,-0.4278956,-0.6931451,0.6060890999999999,-0.4800831,-0.2922983,0.4204185,Benin
2007,-0.3382158,-0.6041193,0.4554712999999999,-0.4667465999999999,-0.2593314,0.3699314999999999,Benin
2008,-0.3572345,-0.5327602,0.477051,-0.5357423,-0.3488245,0.2686634,Benin
2009,-0.4479445999999999,-0.4612493,0.4200295,-0.4130317,-0.4072445999999999,0.3364321,Benin
2010,-0.4991988,-0.4821387,0.3130091,-0.4195411,-0.3935015,0.2966194,Benin
2011,-0.4955475,-0.4467531999999999,0.3444705999999999,-0.4622483,-0.4510183,0.0746324,Benin
2012,-0.677392,-0.5014158,0.3524209,-0.5416802,-0.4275103999999999,0.0527831999999999,Benin
2013,-0.5738601999999999,-0.5198363,0.3313874,-0.5705637,-0.4894608,0.0518878,Benin
2014,-0.6075837,-0.4471043999999999,0.1371161,-0.5574079,-0.4784921,0.0640877,Benin
2015,-0.5072447,-0.5410404,0.117506,-0.5384249999999999,-0.4157073,0.1082877999999999,Benin
2016,-0.4335683999999999,-0.4948066,0.2420032,-0.4684046,-0.3859257,0.2156686,Benin
2017,-0.402134,-0.46663,0.3155886,-0.457321,-0.3899186,0.2055497,Benin
2018,-0.2921421999999999,-0.362429,0.1649970999999999,-0.4519245999999999,-0.4319457,0.2256012999999999,Benin
2019,-0.2398967,-0.3133743,-0.1979767999999999,-0.4897407,-0.3953437999999999,-0.0206192,Benin
2020,-0.0352655,-0.1887935,-0.2831926999999999,-0.4363595999999999,-0.3934576999999999,-0.0674593,Benin
2021,-0.1642663,-0.2018892,-0.4106645,-0.3792796,-0.3852134,-0.3316053,Benin
2022,-0.1108108,-0.2149134999999999,-0.4373008,-0.2859729,-0.468466,-0.4376469999999999,Benin
2023,-0.1047671,-0.2163679999999999,-0.3096247,-0.2359682,-0.3909173999999999,-0.3371743,Benin
2024,-0.2407154,-0.1854211,-0.4030099,-0.2772623999999999,-0.4124793,-0.3804752999999999,Benin
1996,-1.1160753,-0.5703424,-2.4803682,-1.6547732,-1.570214,-1.7462075,Angola
1998,-1.2767286,-1.1155748,-2.6136366,-1.6445273,-1.4626637999999998,-1.6379403,Angola
2000,-1.2804297,-1.1141214,-2.4455505,-1.8066,-1.4633035,-1.6785031,Angola
2002,-1.3041443,-1.2300935,-1.8157925,-1.6064493,-1.4961635,-1.3846520999999998,Angola
2003,-1.3231498,-1.4582043999999998,-1.2506923,-1.6437919,-1.6751143,-1.3097489999999998,Angola
2004,-1.2228664,-1.5316839,-1.1591344,-1.4291062,-1.4539069,-1.3167046999999998,Angola
2005,-1.2940835,-1.5412074,-0.9717695,-1.4091843,-1.3592364,-1.2088057,Angola
2006,-1.2967958,-1.4924701,-0.6714135,-1.0973468,-1.326343,-1.2631594,Angola
2007,-1.2804167,-1.4130186999999998,-0.7470711,-1.072509,-1.3309729,-1.2351851,Angola
2008,-1.2699259,-1.3238188,-0.4713481,-1.0819619,-1.2534243,-1.0776636,Angola
2009,-1.2724835,-1.0974384,-0.5268288999999999,-1.0724612,-1.2297726,-1.0942699,Angola
2010,-1.3270303,-0.9515013,-0.2720682,-1.085063,-1.2381936999999998,-1.1285907,Angola
2011,-1.3687643,-1.0097747,-0.4946625999999999,-1.1090351,-1.3083456,-1.108214,Angola
2012,-1.4394482,-1.0191994,-0.4414594,-1.0374151,-1.3438835999999998,-1.0591925,Angola
2013,-1.4609008,-1.0286328,-0.6100776,-1.0979742,-1.3625741,-1.0947921,Angola
2014,-1.4864394,-0.9400114,-0.5090269,-1.0271452,-1.3052002,-1.1303739,Angola
2015,-1.4857649,-0.9378237,-0.5591026,-1.0904945,-1.3086297,-1.1542998,Angola
2016,-1.4881942,-0.9493847,-0.4346279999999999,-1.1804234999999998,-1.3287764,-1.19498,Angola
2017,-1.4208093,-0.9681157,-0.5372144999999999,-1.1799885,-1.3317055,-1.131561,Angola
2018,-1.181782,-0.9784602,-0.4058117,-1.0624393,-1.1105522,-1.005668,Angola
2019,-0.9647988,-0.9116965,-0.4207038999999999,-0.9960854,-1.0519682,-0.9382176,Angola
2020,-0.8918322999999999,-1.0163604,-0.6427634,-1.0388818,-0.9475038,-0.9376898,Angola
2021,-0.6416506,-0.9347008,-0.7936068,-0.8486184,-1.0980135,-0.9985085,Angola
2022,-0.6031537,-0.8325718,-0.5414068,-0.8618821,-1.1625439,-1.0480912,Angola
2023,-0.6242518,-0.8287026,-0.3131654,-0.904342,-1.1944432,-1.0209359999999998,Angola
2024,-0.6225793,-0.7851908999999999,-0.5735964,-0.7730199999999999,-1.1697408,-1.0588932,Angola
1996,-1.3567072,-1.3060162,-2.4003509999999997,-1.8424559,-1.8166771,-1.8991851,Tajikistan
1998,-1.2584871,-1.3151438,-2.2865354,-1.7960949,-1.4184687,-1.7665459,Tajikistan
2000,-1.4233314,-1.3119868,-1.8578623,-1.3908882,-1.2999337,-1.5604102,Tajikistan
2002,-1.3167668,-1.4305919,-1.0721136,-1.5069346,-0.8953791999999999,-1.0934516,Tajikistan
2003,-1.3185785,-1.4397076,-1.1484127,-1.3181893999999998,-0.8949556,-1.0466461,Tajikistan
2004,-1.3298111,-1.1951378,-1.1567713,-1.0397763,-0.9231445,-1.0304457,Tajikistan
2005,-1.3079375,-1.2739975,-1.2068587,-0.9734616,-1.0588329,-1.1134363,Tajikistan
2006,-1.0710889,-1.3043531,-1.2222534,-1.0752426,-1.1514856,-1.0729185,Tajikistan
2007,-1.0629799,-1.2267863,-0.6060932,-1.0484344,-1.16434,-1.0021975,Tajikistan
2008,-1.2558509,-1.2325335,-0.7060293,-1.0590911,-1.1782507,-1.0767289,Tajikistan
2009,-1.2681926,-1.2017414,-0.7806278999999999,-1.0754814,-1.2189426,-1.0655163,Tajikistan
2010,-1.3765192,-1.0335009,-0.8701472,-0.9974173,-1.2142579999999998,-1.1665534,Tajikistan
2011,-1.2406842,-1.0684724,-0.9993314,-0.9933583,-1.2276567,-1.0667398,Tajikistan
2012,-1.3105533,-0.9961009,-1.0705181,-0.952059,-1.227744,-1.0595352999999998,Tajikistan
2013,-1.3323463,-1.005023,-1.0538059,-0.9620478,-1.2631732,-1.1764275,Tajikistan
2014,-1.2400034,-0.7049542,-0.6152413,-0.9410914,-1.1408174,-1.2113114,Tajikistan
2015,-1.2043521,-0.7357851,-0.7446022999999999,-0.9220853,-1.0908994,-1.2621458,Tajikistan
2016,-1.1861023,-0.7803612999999999,-0.7460947,-0.9547924,-1.1009345,-1.3522043,Tajikistan
2017,-1.2132801,-0.6988972,-0.6533475,-0.7906938,-1.1642486,-1.3192128,Tajikistan
2018,-1.3482752,-0.6890098,-0.6725190999999999,-0.7695478,-1.100135,-1.3688397,Tajikistan
2019,-1.2721994,-0.7757828999999999,-0.4236664,-0.8008822999999999,-1.2463947,-1.6188156,Tajikistan
2020,-1.083847,-0.7639754999999999,-0.3288928,-0.8081969999999999,-1.2395237,-1.5091031,Tajikistan
2021,-1.0874541,-0.8282832,-0.3984715,-0.8413027,-1.2591682,-1.5308227,Tajikistan
2022,-1.1230133,-0.7979088,-0.4282098,-0.8422923,-1.1993220999999998,-1.5625924999999998,Tajikistan
2023,-1.1236074,-0.7683569,-0.2876253,-0.8421868,-1.2086884,-1.5256279,Tajikistan
2024,-1.2177564,-0.6009336,-0.2756522,-0.7588053,-1.1837339999999998,-1.6425843999999998,Tajikistan
1996,-0.2575126,0.2429062,-0.0981278999999999,-0.584135,0.0992281,-0.1550462,Lesotho
1998,-0.4617041999999999,0.2337786,-0.512429,-0.5617972,0.0894182999999999,-0.426098,Lesotho
2000,-0.4698191,0.2369357,-0.4889743,-0.3724868,0.1855462,-0.097219,Lesotho
2002,-0.4607172,0.2686713,-0.3393253,-0.3633489,0.1963907,-0.0519422,Lesotho
2003,-0.4519129,0.2562836,-0.0961278,-0.5465192,0.1964372999999999,0.0887231,Lesotho
2004,-0.3145913999999999,-0.4058341,0.0517556999999999,-0.7328650999999999,-0.2398731999999999,0.0293361,Lesotho
2005,-0.1245853,-0.2471195,-0.0903744,-0.6306158,-0.0570674,0.1159665999999999,Lesotho
2006,0.075208,-0.4790453999999999,-0.1298961,-0.6418986,-0.1425992999999999,0.1811499,Lesotho
2007,0.0238937,-0.5200403,-0.2932114,-0.6878280999999999,-0.1851989,0.0356755,Lesotho
2008,0.1069533,-0.4839484,-0.113854,-0.5292283999999999,-0.1808092,-0.1259968,Lesotho
2009,0.1974813,-0.3333707999999999,0.534396,-0.5280302,-0.1790363999999999,-0.1114535,Lesotho
2010,0.1788739,-0.3521504,0.5816165,-0.5795946,-0.2581736,-0.1491529999999999,Lesotho
2011,0.2006484,-0.3753852,0.6423580999999999,-0.5974921,-0.2534609,-0.1378447,Lesotho
2012,0.1451541999999999,-0.4430566999999999,0.2654833,-0.5142951,-0.1994631,-0.0145537999999999,Lesotho
2013,0.2476871,-0.4522419,0.3249377,-0.3929411,-0.1984955,0.0304049999999999,Lesotho
2014,0.1248333,-0.4988175999999999,-0.1721919999999999,-0.4431457,-0.1499856,-0.0778208,Lesotho
2015,0.0497096999999999,-0.56995,-0.2089386999999999,-0.4345878999999999,-0.1298453,-0.0763691,Lesotho
2016,0.0206204,-0.6209408,-0.2746129,-0.4415504999999999,-0.1871002,-0.211975,Lesotho
2017,0.0469636,-0.6330237,-0.2021614,-0.4168784,-0.2496806,-0.1860106,Lesotho
2018,0.0206213999999999,-0.6318313999999999,-0.1397918,-0.5168768,-0.3372082999999999,-0.1486336999999999,Lesotho
2019,-0.0282232,-0.6744181,-0.2879800999999999,-0.5508683,-0.3415732999999999,-0.1629566999999999,Lesotho
2020,-0.009674,-0.7085808,-0.1451933,-0.7112968,-0.3692264999999999,-0.1369778999999999,Lesotho
2021,-0.1543581,-0.7136054,-0.1334002,-0.6526333,-0.4017432999999999,-0.2217516,Lesotho
2022,-0.1463735,-0.7479260999999999,-0.128161,-0.5786676,-0.4650393,-0.1459999,Lesotho
2023,-0.3006103,-0.7503177,-0.1357263,-0.5644091,-0.4422534999999999,-0.1778783,Lesotho
2024,-0.302427,-0.6470887,-0.2588663,-0.484852,-0.4065864999999999,-0.1551378,Lesotho
1996,-0.7357131,-1.0785486,-0.4257440999999999,-1.0566331,-0.557519,-1.6105583,Syrian Arab Republic
1998,-0.7369789999999999,-1.3532658,-0.3033602999999999,-1.3331741,-0.5591627,-1.6989231,Syrian Arab Republic
2000,-1.0798691,-1.1141214,-0.4015513,-1.330385,-0.5495901,-1.7267111,Syrian Arab Republic
2002,-0.7522829999999999,-1.2580112,0.0696956,-0.942551,-0.7393128999999999,-1.66801,Syrian Arab Republic
2003,-0.9507806,-1.4645212,-0.0276145,-0.9493156,-0.7801104,-1.7255621,Syrian Arab Republic
2004,-0.9659962,-1.2334155,-0.3785497,-1.1142691,-0.7400359,-1.6386643,Syrian Arab Republic
2005,-0.9567733,-1.2776173,-0.4639644,-1.1161833,-0.7803922,-1.4895155,Syrian Arab Republic
2006,-0.9608346,-1.0222956,-0.5325263,-1.3072372,-0.9512464,-1.5577482,Syrian Arab Republic
2007,-1.0765041,-0.9596008,-0.5631634999999999,-1.1238074999999998,-0.9003300999999999,-1.6775784,Syrian Arab Republic
2008,-1.0982609,-0.7743568,-0.5948264,-0.9100977,-0.8032703999999999,-1.6280857,Syrian Arab Republic
2009,-1.0457825,-0.7147460999999999,-0.5265063,-0.8409517,-0.7981003,-1.5917949999999998,Syrian Arab Republic
2010,-1.0905246,-0.6941611,-1.1174939,-0.7452067,-0.7628841,-1.6395091,Syrian Arab Republic
2011,-1.106722,-0.6889793,-2.1337602,-0.8376562999999999,-0.981771,-1.7258778,Syrian Arab Republic
2012,-1.1901653,-0.9278318,-2.4554347,-1.4240012,-1.3261066,-1.9150146,Syrian Arab Republic
2013,-1.2083482,-1.1353579,-2.4659907999999997,-1.5261224,-1.5882155,-2.0066623999999997,Syrian Arab Republic
2014,-1.5306381,-1.0163507,-2.3497182999999997,-1.6369446,-1.6659053,-1.9253541,Syrian Arab Republic
2015,-1.5307718,-1.2458592,-2.4382136,-1.5498440999999998,-1.6477248,-1.9420051,Syrian Arab Republic
2016,-1.5915844,-1.4709651,-2.5955347,-1.6361409,-1.8462401,-1.9798097,Syrian Arab Republic
2017,-1.5920556,-1.4708561,-2.4453795,-1.639231,-1.807304,-1.9863949,Syrian Arab Republic
2018,-1.5912541,-1.4702578,-2.4238579,-1.547928,-1.7768535,-1.986877,Syrian Arab Republic
2019,-1.6558161,-1.5891645,-2.4527063,-1.5966464,-1.8308474,-1.9456788,Syrian Arab Republic
2020,-1.6873687,-1.4732889,-2.3536756999999997,-1.6481019,-1.8514471,-1.909584,Syrian Arab Republic
2021,-1.7907069999999998,-1.5265647,-2.3745236999999997,-1.75501,-1.8887237,-1.8941969,Syrian Arab Republic
2022,-1.7924350999999998,-1.6148920999999998,-2.4382474999999997,-1.8921267,-1.8753611,-1.8967024,Syrian Arab Republic
2023,-1.7817933,-1.6144064,-2.4379022,-1.8919941,-1.8617654,-1.9152968,Syrian Arab Republic
2024,-1.7016270999999998,-1.6726478,-2.3680716,-1.9974752,-1.813556,-1.8472918,Syrian Arab Republic
1996,-1.6212095,-1.8244459,-1.4599287,-2.0257669,-1.617606,-2.0788759,Iraq
1998,-1.6224752999999998,-2.0991630999999997,-1.3613194,-2.0979519,-1.6197734,-2.1288516,Iraq
2000,-1.6268569,-2.0977097,-1.3589142,-2.0951628,-1.5349117,-2.1440110999999997,Iraq
2002,-1.6165482,-2.2034846999999997,-1.3274614999999998,-1.9833932,-1.7394662,-2.1775382,Iraq
2003,-0.9576835,-2.0070061,-2.4734997,-1.5473328,-1.6685848,-1.7491237,Iraq
2004,-1.1573744,-1.5863173,-2.8423263,-1.5796388,-1.7565568,-1.4576673999999998,Iraq
2005,-1.2432218,-1.9343147,-2.6075798,-1.4331865,-1.7232147999999998,-1.3206047,Iraq
2006,-1.5173537,-1.8349607,-2.6684044,-1.3863282,-1.6321795,-1.2353847999999998,Iraq
2007,-1.5400330999999998,-1.6317277,-2.59261,-1.3291863,-1.7116406,-1.0855932,Iraq
2008,-1.5399263,-1.2292464,-2.2803432999999997,-1.1713667,-1.5815176,-0.9791694,Iraq
2009,-1.4044175,-1.0843867,-2.1115271,-1.1212805,-1.5460854,-0.9541168,Iraq
2010,-1.3062258,-1.1789936,-2.187694,-0.9629582,-1.5707926,-0.9382818,Iraq
2011,-1.2387175,-1.1846155,-1.913135,-0.9193194,-1.4239293,-1.0131365,Iraq
2012,-1.2678821999999998,-1.1168342,-1.9764261,-1.0140703,-1.4532764,-0.955669,Iraq
2013,-1.2645497,-1.0710124,-2.1039641,-1.0144949,-1.4740494,-0.9935346,Iraq
2014,-1.357674,-0.9609496,-2.2538271,-1.0708086,-1.4559635,-1.043163,Iraq
2015,-1.393567,-1.0793082,-2.2449091,-1.0179473,-1.4888667999999998,-1.0662816,Iraq
2016,-1.4012064,-1.0919194,-2.2291757999999997,-0.9696252,-1.5367902999999998,-1.1001688,Iraq
2017,-1.4065197,-1.0918167,-2.1677252,-1.0692718,-1.5484905,-1.1032692,Iraq
2018,-1.4767763,-1.0744668,-2.1719253,-1.1611811,-1.4320497,-0.971495,Iraq
2019,-1.4433306,-1.1066349,-2.2227253,-1.1604354,-1.37408,-0.9340251,Iraq
2020,-1.3692381,-1.217842,-2.1814743,-1.2511236,-1.512443,-1.0174959,Iraq
2021,-1.3740087,-1.2310377,-2.1722684,-1.1622157,-1.4374976,-1.0273564,Iraq
2022,-1.3733485,-1.223854,-2.2294281,-1.2214123,-1.4550411,-1.0157691,Iraq
2023,-1.4169702,-1.3398894,-2.2246949,-1.2810271,-1.5002727,-1.0426819,Iraq
2024,-1.2050155,-1.1018847,-2.0642762,-1.030546,-1.3581614,-1.0216043,Iraq
1996,-0.80338,-1.3060162,-2.0921457,-1.5927597,-1.5234476,-1.729904,Rwanda
1998,-0.8061554999999999,-1.3151438,-2.2192166,-1.5704219,-1.5182289999999998,-1.6093474,Rwanda
2000,-0.7486237,-1.3119868,-2.0788583,-1.5643411,-1.376078,-1.7174684999999998,Rwanda
2002,-0.7155773,-1.4187474,-1.9562225,-0.8755592999999999,-1.0945646,-1.4986586,Rwanda
2003,-0.717537,-1.4279922,-1.2290479,-0.8033349,-1.01647,-1.2981664,Rwanda
2004,-0.3583417,-0.7008306,-1.258417,-0.7361673999999999,-0.870006,-1.2535307999999998,Rwanda
2005,-0.3597549,-0.7309658,-1.1195935,-0.7590182,-0.8413571,-1.0368334,Rwanda
2006,-0.2240571999999999,-0.3694329,-0.6255577999999999,-0.562473,-0.7562457,-0.939101,Rwanda
2007,-0.1290585,-0.3725433999999999,-0.371473,-0.5926043999999999,-0.6848339999999999,-0.996323,Rwanda
2008,0.0459088,-0.2446266,-0.2487036,-0.4219929,-0.5615977999999999,-0.9961742,Rwanda
2009,0.0325468,-0.2354249,-0.2193690999999999,-0.397351,-0.6241734999999999,-1.0240528,Rwanda
2010,0.2778291,-0.1329287999999999,-0.2188587,-0.2827636,-0.4603771,-1.0672279,Rwanda
2011,0.2939461,-0.1196507,-0.3008288,-0.1855541,-0.4166968,-1.0485036,Rwanda
2012,0.4271323999999999,-0.0899577999999999,-0.2583623,-0.1555961,-0.3228854,-0.8921912,Rwanda
2013,0.4277974,-0.0092550999999999,-0.3090064999999999,-0.0719828,-0.2889095,-0.8711293999999999,Rwanda
2014,0.4896226999999999,-0.0403257,-0.1267104,0.1192636,-0.2189234,-0.8046126,Rwanda
2015,0.5000821,-0.0496198,0.0986635999999999,0.1710905999999999,-0.1582498,-0.8067160999999999,Rwanda
2016,0.5807531,0.1202434,-0.0457773,0.1543532,-0.1233215,-0.8196129999999999,Rwanda
2017,0.5061897,0.316719,0.094453,0.1740956,-0.1386349999999999,-0.7978938,Rwanda
2018,0.4362084,0.2772379,0.1598446,0.1225588,-0.1434138999999999,-0.7281791,Rwanda
2019,0.4520132,0.2289517999999999,0.1216069999999999,0.1094639999999999,-0.14057,-0.7025827,Rwanda
2020,0.5134655,0.2606136,0.1600852999999999,0.1214715,-0.0314872999999999,-0.7112164,Rwanda
2021,0.4694992,0.2102833999999999,0.1152329999999999,0.1620438,0.0190329,-0.5382498,Rwanda
2022,0.5279543999999999,0.3684478,0.0294568999999999,0.1548275,0.0067627,-0.5424730999999999,Rwanda
2023,0.6808504,0.4086662,0.0380222999999999,0.2251969999999999,0.0714762,-0.5271148999999999,Rwanda
2024,0.6254936,0.3489076,-0.0436888999999999,0.2696045999999999,0.1002757,-0.5889127,Rwanda
1996,,,,,,-2.1653635,Kosovo
1998,,,,,,-1.5836025,Kosovo
2000,0.3750989999999999,,,,-0.5437841999999999,-0.6479258,Kosovo
2002,0.3137609,,-0.0088031,,0.0724002,-0.3778871,Kosovo
2003,0.154503,,-0.0244009,,0.672677,-0.0899061,Kosovo
2004,0.0921869,,0.1654912,,0.5904016999999999,-0.1554162,Kosovo
2005,-0.2488485,,0.1975151,,-0.0682444,-0.0774089999999999,Kosovo
2006,-0.3806140999999999,-0.4671323,0.2110370999999999,,0.0533714999999999,0.0239885,Kosovo
2007,-0.3895304,-0.4501384,0.1237775999999999,,0.0571878,-0.1335345,Kosovo
2008,-0.5570823,-0.3696506,0.7330131999999999,-0.3702053999999999,-0.0517872999999999,0.0142487999999999,Kosovo
2009,-0.4181452,-0.3573059999999999,0.4121892,-0.1858215,-0.2855637,0.0894842,Kosovo
2010,-0.4550304,-0.7120597,-0.7551692,-0.3411711,-0.2985784999999999,0.0556423999999999,Kosovo
2011,-0.4495425999999999,-0.6225461999999999,-0.8102541999999999,-0.398874,-0.2600252,0.012208,Kosovo
2012,-0.4549896,-0.5003295999999999,-0.7614632,-0.2195981,-0.3437814999999999,0.0145784,Kosovo
2013,-0.4517413999999999,-0.5481893999999999,-0.7879954,-0.1782814999999999,-0.4200143,-0.0023793,Kosovo
2014,-0.3496944999999999,-0.290095,-0.3019818999999999,-0.2133681999999999,-0.3274012,0.1004975999999999,Kosovo
2015,-0.3704122999999999,-0.3397659999999999,-0.2170007,-0.3315025,-0.2819338999999999,0.1178279999999999,Kosovo
2016,-0.2981032,-0.3482057,-0.2852683,-0.2543421999999999,-0.2420433,0.0979613,Kosovo
2017,-0.4089401,-0.3439391,-0.1718171,-0.2101322,-0.2788817,0.1314551,Kosovo
2018,-0.3876501,-0.3269129,-0.4135898,-0.363327,-0.2504466999999999,0.1234846,Kosovo
2019,-0.3444862999999999,-0.3265902,-0.1060460999999999,-0.3751079,-0.3527628,0.0665373,Kosovo
2020,-0.4235899999999999,-0.3716021,-0.0844029999999999,-0.3899511,-0.2784766999999999,0.1273328,Kosovo
2021,-0.3919167,-0.1579456,0.0010881,-0.3739534,-0.1239774999999999,0.098677,Kosovo
2022,-0.2951205,-0.0237723,-0.0510421999999999,-0.4686367999999999,-0.1492245999999999,0.150453,Kosovo
2023,-0.1480311,0.0092567999999999,-0.1409249,-0.3899858,-0.0437530999999999,0.1685562,Kosovo
2024,-0.2547282999999999,-0.0612949999999999,-0.3218904999999999,-0.2229473,0.0521362,0.1595880999999999,Kosovo
1996,-0.5107229999999999,-1.3538291999999998,0.2392726999999999,-0.8828442999999999,-0.2549079999999999,-0.0079914,Mali
1998,-0.8087455,-1.3597903,0.1435941,-0.4587256999999999,-0.2647917999999999,-0.2810233,Mali
2000,-0.8147692999999999,-1.3577285,-0.1842193,-0.3571194,-0.2649884,-0.2760877,Mali
2002,-0.7363348,-0.8107898,0.1705088,-0.5189047,-0.3221838999999999,0.1218761,Mali
2003,-0.7017145,-1.0756994,0.0765265,-0.5066862,-0.1787465,0.18633,Mali
2004,-0.5385639,-1.0002198,0.3269246,-0.4898009,-0.3638342,0.2255057,Mali
2005,-0.5198863,-0.887585,0.1778809999999999,-0.4053358999999999,-0.2395513,0.2051429,Mali
2006,-0.4876272,-0.9167964,0.4847828999999999,-0.4109408,-0.2679440999999999,0.2594192999999999,Mali
2007,-0.506626,-0.8640028999999999,0.3542953,-0.3268622,-0.1351054,0.2288994,Mali
2008,-0.5653538,-0.8339004,0.306278,-0.3515342999999999,-0.3684673,0.178788,Mali
2009,-0.5124794,-0.8048193,0.1772717999999999,-0.391741,-0.3095302,0.0807908,Mali
2010,-0.5808838,-0.9244336,-0.130322,-0.5175337,-0.4185293,0.0289389,Mali
2011,-0.5360999,-0.8221921,-0.7719954,-0.4706606,-0.4621075,0.0305248999999999,Mali
2012,-0.6661507999999999,-0.9100926,-1.9634653,-0.5259218,-0.7497307999999999,-0.4575998,Mali
2013,-0.5995501999999999,-0.8529578,-1.6463052,-0.6307686,-0.8221189999999999,-0.3652117,Mali
2014,-0.6426253,-1.0499743,-1.5900042,-0.6481828,-0.7038046,-0.2315605999999999,Mali
2015,-0.6307364,-0.9383384,-1.5535933,-0.5110576,-0.7521911,-0.3385420999999999,Mali
2016,-0.6456428,-0.929614,-1.5338819,-0.5614688999999999,-0.7584401,-0.3368327,Mali
2017,-0.7069740999999999,-0.8719878999999999,-1.7186414,-0.5653398,-0.7545362,-0.3671838,Mali
2018,-0.7448311999999999,-0.9789893,-1.8782856,-0.6149817,-0.7515531,-0.4790175,Mali
2019,-0.7719638,-1.0954319,-2.0550073,-0.6559592,-0.8086867,-0.5066704,Mali
2020,-0.7753949,-1.1224054,-2.0594968,-0.7294119,-0.8335984,-0.6560614,Mali
2021,-0.8964002999999999,-1.1810763,-2.3319481,-0.6697155,-0.8826881999999999,-0.8115395999999999,Mali
2022,-0.8528176,-1.2060162,-2.4680844,-0.7107857,-1.0213887,-0.9784979,Mali
2023,-0.8493558999999999,-1.2258828,-2.5578431,-0.7441068,-1.0366418,-1.10441,Mali
2024,-0.9808589,-1.2871409,-2.4909619999999997,-0.7622873,-1.0943496,-1.2210359,Mali
1996,,,,,0.9038562,0.068054,Tonga
1998,,,,,0.8818861,0.0843255,Tonga
2000,,,,,0.8674379,0.1129917999999999,Tonga
2002,,,,,0.8855968,0.0473199,Tonga
2003,,,0.4720559,,-0.0466185999999999,0.0144941,Tonga
2004,0.0964022,-0.6902872999999999,0.5992818999999999,-0.5339446,-0.0889382,-0.1254417,Tonga
2005,-1.3317641,-0.6443190999999999,0.5996241,-0.8450519,0.6024158,-0.0792108,Tonga
2006,-1.3261436,-0.6464021,0.479755,-0.8467458,0.5594832,-0.0876333,Tonga
2007,-1.0586474,-0.4930368,0.3331131,-0.7076133,0.5029017,-0.1021753,Tonga
2008,-0.6398446,-0.3886998,0.3326067,-0.7872108999999999,0.0537532,0.2247991999999999,Tonga
2009,-0.6196342,-0.2923036,0.4609269,-0.4849553,0.0078023,0.2198418999999999,Tonga
2010,-0.232594,-0.2619455,0.7566170999999999,-0.3384571,0.2153932999999999,0.4041995,Tonga
2011,-0.2220126999999999,-0.3146581,0.9020811,-0.4223996,0.0949646,0.4545890999999999,Tonga
2012,-0.2248143,-0.3144585,0.9015228,-0.4263038999999999,0.0321962,0.3583071,Tonga
2013,-0.2246012999999999,-0.3142357,0.899817,-0.4057956,0.0290351999999999,0.3734262,Tonga
2014,-0.5841786,-0.1203259999999999,0.93921,-0.28746,-0.0562157999999999,0.3998663,Tonga
2015,-0.5938825999999999,-0.1242041,0.9379016,-0.2710013,-0.008633,0.3864664,Tonga
2016,-0.5920892999999999,-0.1236263,0.9346438,-0.2701397,-0.0084009,0.3281441,Tonga
2017,-0.2362920999999999,0.0778836,0.8010402999999999,-0.2692278999999999,0.0785746,0.3229509,Tonga
2018,-0.0849916,0.2057206999999999,0.8562318999999999,-0.2508922,0.1556392999999999,0.6395253,Tonga
2019,-0.4390652,0.2067245999999999,1.0102973,-0.2402021999999999,0.2370136,0.679044,Tonga
2020,-0.2816956,0.0702951,1.1156731,-0.3641377,0.7544797999999999,0.9677672,Tonga
2021,-0.3427691,0.0719966,1.111896,-0.2956770999999999,0.7498562999999999,0.9152911,Tonga
2022,-0.496913,-0.2444921,1.3674794,-0.2814238,0.7917887,0.8562088999999999,Tonga
2023,-0.4947162,-0.1438019999999999,1.2304624,-0.2324410999999999,0.7999012,0.8451468999999999,Tonga
2024,-0.3992192,-0.0372776,1.254781,-0.1944853,0.6942664,0.8207346,Tonga
1996,-1.7175701,-2.3386312,-2.8176463,-2.4898792,-1.9170947,-2.235444,Afghanistan
1998,-1.6293354,-2.3477587,-2.8488906999999997,-2.4589907,-1.9102163,-2.3579466,Afghanistan
2000,-1.6374504,-2.3446016999999997,-2.8505004,-2.4505823,-1.9150642,-2.2978464,Afghanistan
2002,-1.5434271,-2.0988761,-2.4335707,-2.1301846,-1.9838064,-1.3640645999999998,Afghanistan
2003,-1.5453868,-2.1081208,-2.387388,-1.9591576,-1.9844041,-1.2674537,Afghanistan
2004,-1.50732,-1.156126,-2.1912579,-1.6058112,-1.7462939,-1.2310137,Afghanistan
2005,-1.5715003,-1.3907016,-2.133959,-1.6164082,-1.7624734,-1.1629637,Afghanistan
2006,-1.5221138,-1.6259661,-2.1468441,-1.491989,-1.8397413,-1.0452799,Afghanistan
2007,-1.5697208,-1.5929685999999998,-2.3604939,-1.5097036,-1.8394814,-0.9909814,Afghanistan
2008,-1.6125664,-1.6680317999999998,-2.5350862999999997,-1.5659451,-1.9500207,-1.1039311,Afghanistan
2009,-1.5631034,-1.5587942,-2.4492355,-1.5140426,-1.8479349,-1.3351522999999998,Afghanistan
2010,-1.6541671999999998,-1.5857412,-2.5309741999999997,-1.4285697,-1.8493765,-1.3979576,Afghanistan
2011,-1.5926582,-1.6043337,-2.5512555,-1.4373007,-1.9254815,-1.2883533,Afghanistan
2012,-1.635471,-1.4997935,-2.5040196,-1.2540947,-1.8835503,-1.2510408,Afghanistan
2013,-1.5860489,-1.5009937999999998,-2.699732,-1.282454,-1.7022041,-1.2481171,Afghanistan
2014,-1.5607981,-1.5246031999999998,-2.3186705,-1.1832846,-1.6376086,-1.2039387,Afghanistan
2015,-1.5195275,-1.4711716,-2.4812529999999997,-1.0671885,-1.6427748,-1.2099021,Afghanistan
2016,-1.5650115999999998,-1.4177301999999998,-2.4834928,-1.3608994,-1.580107,-1.2164992,Afghanistan
2017,-1.5435194,-1.4421872,-2.6139308999999997,-1.4164481,-1.5950991,-1.2397194,Afghanistan
2018,-1.5398439,-1.6312498,-2.5824048,-1.3029823,-1.6668738,-1.1858104,Afghanistan
2019,-1.5013636,-1.6540804999999998,-2.5893714,-1.2762178,-1.6571549,-1.1404758,Afghanistan
2020,-1.40089,-1.7167282,-2.5896897,-1.3026506,-1.6556645,-1.081484,Afghanistan
2021,-1.2220249,-1.7059035,-2.4506389,-1.4099446999999998,-1.7202682,-1.4279721,Afghanistan
2022,-1.1719937,-1.9646115,-2.4492487,-1.4229756,-1.8586889,-1.8416443,Afghanistan
2023,-1.1987543,-2.0924592,-2.3922828,-1.4305608,-1.896805,-2.0370816,Afghanistan
2024,-1.3087183,-1.9339966,-2.2052112,-1.538435,-1.9354887,-2.1483748,Afghanistan
1996,-0.1460025999999999,0.7592137,1.0227549,0.8844449,-0.0796752999999999,-0.900983,Maldives
1998,-0.1607139,0.7500861,1.2252809999999998,0.9153334,-0.3972511999999999,-0.8451749,Maldives
2000,-0.1688289,0.7532430999999999,1.1350154,0.9237418,-0.0918951,-0.8349226,Maldives
2002,-0.1745737,0.7534943,1.0233078,0.9363777,-0.4031311999999999,-0.7843099,Maldives
2003,-0.1765333999999999,0.7406421999999999,0.8715847999999999,0.7588636,-0.4030517999999999,-0.9731119,Maldives
2004,-0.3830013,0.1883553,0.3671507,-0.2323375,-0.7354816,-1.2165759,Maldives
2005,-0.4535157999999999,-0.0164817999999999,0.6725137999999999,0.1085006999999999,-0.138339,-0.8235011999999999,Maldives
2006,-0.5325262,-0.018205,0.6537917999999999,0.1070556999999999,-0.0951472,-0.7925979999999999,Maldives
2007,-0.7593466999999999,-0.0155991,0.0053508,0.0233535,-0.1744105,-0.6817736999999999,Maldives
2008,-0.7361177,-0.1240918999999999,-0.1597836,-0.2754608,-0.2247672,-0.2422255999999999,Maldives
2009,-0.5420702,-0.1568621,-0.1147630999999999,-0.2829263999999999,-0.1429166,-0.0042204999999999,Maldives
2010,-0.5557447999999999,-0.0057589,-0.1410869,-0.1730587999999999,-0.203502,-0.0276323999999999,Maldives
2011,-0.5425327999999999,-0.0970951999999999,-0.2839227,-0.2450514999999999,-0.4818581999999999,-0.0873877,Maldives
2012,-0.7108251,-0.0383274,-0.3264349,-0.2539345,-0.5310522999999999,-0.3456379,Maldives
2013,-0.7639045999999999,-0.0966727,-0.0388545999999999,-0.2756001999999999,-0.774328,-0.5151977999999999,Maldives
2014,-0.5760219,-0.1718945,0.4805132,-0.2630012,-0.5612798,-0.5291201,Maldives
2015,-0.587453,-0.232125,0.0821002,-0.3073858,-0.6506457,-0.5793588,Maldives
2016,-0.764795,-0.06644,0.079118,-0.228403,-0.623651,-0.6394160999999999,Maldives
2017,-0.8676893,-0.3095637,-0.0431782999999999,-0.2273572999999999,-0.6815256,-0.7497602,Maldives
2018,-0.8929583999999999,-0.3083187,-0.1359999999999999,-0.2269273,-0.6259826,-0.7287193,Maldives
2019,-0.5207478999999999,0.0070406999999999,-0.0811059,-0.2257615999999999,-0.4837309999999999,-0.3286885,Maldives
2020,-0.1711344,-0.0983054999999999,0.2036825,-0.3494424,-0.3114817,-0.1241501999999999,Maldives
2021,-0.1632074,0.1471020999999999,0.4430279,-0.2598203,-0.1352825,-0.1371966,Maldives
2022,-0.2650232999999999,-0.2212354,0.2721524999999999,-0.3523685,0.1059572999999999,-0.2241225,Maldives
2023,-0.2664677,-0.2203448999999999,0.0832571999999999,-0.3521418,0.096589,-0.2014419999999999,Maldives
2024,-0.3359537999999999,-0.2212869999999999,-0.0544563,-0.2353508,0.0443492,-0.4118749,Maldives
1996,,,,,,-1.8076701,Timor-Leste
1998,,,,,,-1.668104,Timor-Leste
2000,,,0.2388935999999999,,-0.1661683,0.0839837,Timor-Leste
2002,-0.0548282,-0.2791206,-0.8262868,-1.3723705,-0.7023381,0.1791438,Timor-Leste
2003,-0.1590887,-0.8082803,-0.5145181999999999,-1.3722884,-0.0206018,0.1859699,Timor-Leste
2004,-0.1635481,-0.482983,-0.5084259999999999,-1.1172319,-0.285248,0.0157587,Timor-Leste
2005,-0.3228730999999999,-1.1596227,-0.8038797,-1.0910017,-0.3713046,-0.0347641999999999,Timor-Leste
2006,-0.4174028999999999,-1.2069448,-1.1527962,-1.379974,-1.1607921,0.0305890999999999,Timor-Leste
2007,-0.4973819,-1.2030344,-1.0834494,-1.4267207,-1.1174716,0.1981364,Timor-Leste
2008,-0.4884552,-1.1614397,-0.7837468999999999,-1.2582401,-0.9655011,0.2474220999999999,Timor-Leste
2009,-0.7398241999999999,-1.1899933,-0.6476333,-1.1156778,-1.0779088,0.077633,Timor-Leste
2010,-0.72329,-1.3207151,-0.5916760999999999,-1.05075,-1.0363374,0.0509535999999999,Timor-Leste
2011,-0.8197424,-1.2698351,-0.5916549,-1.0106925,-1.1152537,0.0665198999999999,Timor-Leste
2012,-0.8076595999999999,-1.2575330999999998,-0.4206058,-1.0402101,-1.1072365,0.0762033,Timor-Leste
2013,-0.7354721,-1.3311928,-0.5293114,-1.0152871,-1.1932422,0.0134842,Timor-Leste
2014,-0.6498965,-0.9889919,-0.3601212,-0.9125756,-1.0513072,0.0359692999999999,Timor-Leste
2015,-0.6466856999999999,-0.989997,-0.4272596999999999,-0.9621484,-1.0527445,0.0471520999999999,Timor-Leste
2016,-0.6402264,-0.9896476,-0.1166,-0.9476691,-1.0522110999999998,0.0296517,Timor-Leste
2017,-0.6807561,-0.9895342,0.0703179999999999,-0.9406859,-1.0513156,0.1179467999999999,Timor-Leste
2018,-0.5893993,-0.9782332,0.2487237,-0.9373986,-0.9247613,0.1950605,Timor-Leste
2019,-0.4385967999999999,-0.7176481,0.2676531,-0.7789421999999999,-0.7800298,0.2983421,Timor-Leste
2020,-0.4242786999999999,-0.7196526,0.2673204999999999,-0.8651416,-0.7488948999999999,0.2887546,Timor-Leste
2021,-0.3019067,-0.7316256999999999,0.2660157999999999,-0.86557,-0.6400916999999999,0.3299056999999999,Timor-Leste
2022,-0.4506594,-0.7602183,0.4239118,-0.8181904,-0.6633903999999999,0.3856814,Timor-Leste
2023,-0.4265439,-0.8550468,0.4358403999999999,-0.8065973999999999,-0.6431026,0.3383263999999999,Timor-Leste
2024,-0.3775174,-0.8985622999999999,0.5260108,-0.7342447,-0.6256762,0.3455435,Timor-Leste
1998,0.0025656,,0.0675725,,-0.2727922,-0.4983633999999999,Montenegro
2000,-0.1687411999999999,,0.0612922999999999,,0.2104761,-0.6439083,Montenegro
2002,-0.1806393,,0.7503795,,0.234814,-0.0658969,Montenegro
2003,-0.2615426999999999,,0.7347817,,0.1572225,-0.2925918999999999,Montenegro
2004,-0.2644386999999999,,0.7293417999999999,,0.1537242,-0.3044627,Montenegro
2005,-0.2683332,,0.7613656999999999,,0.1522838,-0.2501891,Montenegro
2006,-0.0452344,0.1240062,0.2036378999999999,-0.3618655,0.0522385999999999,0.3034887,Montenegro
2007,-0.0957006,-0.3320250999999999,0.1618388,-0.1430740999999999,-0.0276796,0.2459826,Montenegro
2008,-0.2592603,-0.2727389,0.7371209,-0.0366577,-0.0447595,0.2307097,Montenegro
2009,-0.2631765,-0.1421387999999999,0.7291378,0.0424361,-0.0392154,0.2133588,Montenegro
2010,-0.5600265999999999,-0.3366901,0.5091882,-0.0475861999999999,-0.1052593,-0.0387663,Montenegro
2011,-0.559879,-0.3313272,0.502446,-0.0547623,-0.1620815,-0.0294923,Montenegro
2012,-0.3376349999999999,-0.0931564,0.6136633,0.0226967,-0.0747745,0.2010496,Montenegro
2013,-0.3423607999999999,-0.0085519999999999,0.5891056,0.0617531999999999,-0.0539604,0.1690829999999999,Montenegro
2014,-0.1569915999999999,0.3125985,0.3043293999999999,0.2298046,-0.0473708,0.1944069,Montenegro
2015,-0.1544911,0.3138915,0.2272365999999999,0.2611715,-0.0128937999999999,0.1963459,Montenegro
2016,-0.1624556,0.2498331999999999,0.2828464,0.2705951,-0.0365595,0.10191,Montenegro
2017,-0.1096413,0.2868544,0.0506422,0.3423045,-0.0822842999999999,0.1672644999999999,Montenegro
2018,-0.0848879999999999,0.190468,0.131692,0.2925707999999999,0.0650279,0.1124883999999999,Montenegro
2019,-0.0626438,0.2001455999999999,0.1956009,0.2943513,0.0784686,0.0915887,Montenegro
2020,-0.0359882,0.0904093,0.0295753999999999,0.2464903,0.1134367,0.0979351,Montenegro
2021,0.0383454,-0.0246248999999999,-0.0332398999999999,0.2209769,0.0178112,0.0861181,Montenegro
2022,-0.0127453999999999,0.0193238,0.0236518,0.2592331,-0.0546103999999999,0.1804086,Montenegro
2023,-0.0680776999999999,0.2766963,0.262079,0.1972249999999999,0.1276478,0.215248,Montenegro
2024,-0.0594344,0.3664948,0.3318563,0.1273183,0.1813833,0.3909571,Montenegro
1996,0.7626075,0.2429062,0.4494235,-0.1811311,-0.2320111,-0.902348,Bhutan
1998,0.7464043,0.2337786,0.3223526,-0.1502426,-0.2028665999999999,-0.8920747,Bhutan
2000,0.4415811,0.2369357,0.4028657,-0.1418341,-0.1881204,-0.8502949999999999,Bhutan
2002,0.4776113999999999,0.2371867999999999,0.5323159,-0.1291983,-0.1606519,-0.9377048,Bhutan
2003,1.0675763,0.2243347,0.7701515999999999,0.2260756,-0.1614631,-0.9126844,Bhutan
2004,0.7450914,0.2677191,0.8706687,-0.6532395,0.0762533,-0.8495032,Bhutan
2005,0.9887151,0.3537186,1.2026354,-0.1572539,0.2231549,-0.5247472,Bhutan
2006,0.8146492,0.1891631,1.021296,-0.486986,0.0181825,-0.6184341999999999,Bhutan
2007,0.8441926999999999,0.2046584,0.4577683999999999,-0.4721196,0.1928519,-0.4488027,Bhutan
2008,0.8707560999999999,0.2599671,0.6582714,-0.5571404999999999,0.3622905999999999,-0.1895219,Bhutan
2009,0.7718472,0.4132293999999999,0.8300522,-0.841758,0.1869069,-0.1562125999999999,Bhutan
2010,0.7720446,0.4330688,0.7505364,-0.8672293999999999,0.1661013999999999,-0.1491192999999999,Bhutan
2011,0.7141101,0.4711814,0.7467368999999999,-0.8648393,0.2019467999999999,-0.1626838,Bhutan
2012,0.8135637,0.5172017,0.7756826,-0.8397388,0.1873332999999999,0.0959276999999999,Bhutan
2013,0.785208,0.6398364999999999,0.7771733,-0.8405889,0.2565264,0.1957274,Bhutan
2014,1.0904024,0.4198133,1.1573285,-0.7275480999999999,0.3487073,0.2050488999999999,Bhutan
2015,1.0788548,0.3649184,0.9981818,-0.4015772999999999,0.5171591999999999,0.2205871999999999,Bhutan
2016,1.169102,0.4406509999999999,1.1113941,-0.3443259999999999,0.5150738,0.2162485999999999,Bhutan
2017,1.4511885999999998,0.4832628,1.1177867,-0.1285626,0.6206244,0.2185623,Bhutan
2018,1.4519305999999998,0.5384772999999999,1.1151798,-0.0472384,0.6674477,0.4090063,Bhutan
2019,1.4640293,0.4846393,1.1641112999999998,-0.0695533,0.6618685999999999,0.4302342999999999,Bhutan
2020,1.3421241,0.4837443999999999,1.1154419,-0.0309429,0.6470186,0.337151,Bhutan
2021,1.3198694,0.5963822,0.9391838,-0.0451337,0.6782878,0.3423094,Bhutan
2022,1.357056,0.5347986,1.3224382,-0.1093577999999999,0.6837835,0.2660367,Bhutan
2023,1.3563935,0.5353028,1.3322654,-0.109245,0.7200012,0.3084163,Bhutan
2024,1.4722389,0.5808357,1.3541153,-0.0912943,0.7902665,0.4010655999999999,Bhutan
1996,-0.6468024,-1.6444592999999998,-2.0497807999999997,-1.857937,-1.2382042,-0.7449655,Sierra Leone
1998,-0.6643678,-2.0341809,-2.3147306999999997,-1.9768125,-1.1025619,-1.0597729,Sierra Leone
2000,-0.6703916,-2.0321191,-2.1835343,-1.8364708,-1.0881172,-1.1841364,Sierra Leone
2002,-0.8043632,-2.0748084,-0.9877052,-1.3890848,-1.4871972,-0.5841054,Sierra Leone
2003,-0.8124904,-2.0814973,-1.0119464,-1.3890566,-1.1649922,-0.4790278999999999,Sierra Leone
2004,-0.8325731,-1.389721,-0.4071344999999999,-1.2129633,-1.0284067,-0.2130391999999999,Sierra Leone
2005,-1.0388939,-1.3399957999999998,-0.4322689999999999,-1.1531479,-0.9601967,-0.3148369,Sierra Leone
2006,-1.0120347,-1.1966279,-0.2419056,-1.1403425,-0.8718921,-0.2681743,Sierra Leone
2007,-0.9569309,-1.140469,-0.1552927,-1.1248515,-0.8570137999999999,-0.2574513,Sierra Leone
2008,-0.8908092999999999,-1.1735954,-0.2786600999999999,-1.1102816,-0.8640352,-0.2080869,Sierra Leone
2009,-0.7565101,-1.1859345,-0.2743475999999999,-0.9901454,-0.8375956,-0.2436421,Sierra Leone
2010,-0.6318848,-1.1431255,-0.237476,-0.9567519,-0.8366323,-0.1624999,Sierra Leone
2011,-0.6666656,-1.1333977,-0.2639912,-0.9394812,-0.783612,-0.1979562,Sierra Leone
2012,-0.7690941,-1.1025719,-0.2587444,-0.9477216,-0.741593,-0.2777739999999999,Sierra Leone
2013,-0.8015966999999999,-1.1086375,-0.10195,-0.9327458,-0.8619589,-0.3239801,Sierra Leone
2014,-0.8422333,-1.0481377,-0.1346918,-0.8893696999999999,-0.8944078999999999,-0.3024332,Sierra Leone
2015,-0.7988086,-1.1514848,-0.0242965,-0.9245604,-0.7893207999999999,-0.3719872999999999,Sierra Leone
2016,-0.8266361999999999,-1.0441405,-0.2703676,-0.9135743,-0.8024905,-0.3765799999999999,Sierra Leone
2017,-0.6651075,-1.0168171,-0.1470976,-0.918734,-0.7575713,-0.374755,Sierra Leone
2018,-0.5315771,-0.9745858,-0.2065515,-0.9175513,-0.7366847999999999,-0.272627,Sierra Leone
2019,-0.5128984999999999,-1.043917,-0.1611098,-0.8912399999999999,-0.7819421999999999,-0.3193403999999999,Sierra Leone
2020,-0.4611415,-0.9569812,-0.3669002999999999,-0.9046862,-0.6747383,-0.2710645,Sierra Leone
2021,-0.4780029999999999,-1.0121827,-0.2367225,-0.9134767,-0.7591209999999999,-0.2795539999999999,Sierra Leone
2022,-0.5533309,-0.9583479,-0.2654268999999999,-1.005435,-0.7806301,-0.306625,Sierra Leone
2023,-0.5686789999999999,-0.9544905,-0.5558929,-0.9992935,-0.8268953,-0.4656833999999999,Sierra Leone
2024,-0.7022841999999999,-0.9671017,-0.4501536,-1.0589263,-0.8385756,-0.5129398,Sierra Leone
1996,-1.2924489,-1.9816546,-0.018619,-2.3897037,-1.0049641,-2.0292379,"Korea, Dem. People's Rep"
1998,-1.2945092,-2.3713762,0.1025687,-1.965585,-1.0086364,-2.1748537999999997,"Korea, Dem. People's Rep"
2000,-1.2949955,-2.3693144,0.3029578,-1.863979,-1.0110515,-2.1744407999999997,"Korea, Dem. People's Rep"
2002,-1.1270344,-2.4552171,0.3491798,-2.1264054999999997,-1.4295909,-2.2216541999999997,"Korea, Dem. People's Rep"
2003,-1.560129,-2.4619061,0.2729801,-2.1874501,-1.362989,-2.1941362,"Korea, Dem. People's Rep"
2004,-1.2593031,-1.8807454,-0.1415577999999999,-2.1888186,-1.3908844,-2.1023856,"Korea, Dem. People's Rep"
2005,-1.191793,-1.9145085,-0.1263681999999999,-2.0646651,-1.3735579999999998,-2.1258646999999997,"Korea, Dem. People's Rep"
2006,-1.2900466,-1.9155395,-0.0654043,-1.996096,-1.4550008,-2.120562,"Korea, Dem. People's Rep"
2007,-1.2923254,-1.9139804,-0.0619502,-2.034291,-1.4542052,-2.016461,"Korea, Dem. People's Rep"
2008,-1.3694902999999998,-1.935294,-0.1130588999999999,-2.0349443,-1.4917933,-2.0347539,"Korea, Dem. People's Rep"
2009,-1.2182519,-1.7436269999999998,-0.2064539,-2.2693429,-1.4995259,-2.0764472,"Korea, Dem. People's Rep"
2010,-0.966997,-1.4430083,-0.0471047999999999,-1.8343177,-1.3121367,-1.6755164,"Korea, Dem. People's Rep"
2011,-0.9675004,-1.4501115999999998,-0.0333117999999999,-1.8375062,-1.3123937,-1.6645428,"Korea, Dem. People's Rep"
2012,-1.2713532,-1.8048348,-0.2690174999999999,-2.4263935,-1.5216162,-2.0344525,"Korea, Dem. People's Rep"
2013,-1.2712736999999998,-1.8047014,-0.5030753,-2.4267817,-1.5594854,-2.0610925,"Korea, Dem. People's Rep"
2014,-1.2722061,-1.4604904,-1.0056058,-2.0615378,-1.7508633,-2.0325603,"Korea, Dem. People's Rep"
2015,-1.2713751,-1.4614848,-1.0064947,-2.1049346,-1.7500177,-2.0337046,"Korea, Dem. People's Rep"
2016,-1.4197282999999998,-1.4611391,-0.4555063,-2.1043564999999997,-1.7498783,-2.0387839999999997,"Korea, Dem. People's Rep"
2017,-1.4202074,-1.4610269,-0.3543859,-2.1037448,-1.7730193,-2.0496319,"Korea, Dem. People's Rep"
2018,-1.5872449,-1.481926,-0.275313,-2.0268175,-1.7140751,-1.9520355,"Korea, Dem. People's Rep"
2019,-1.5773982,-1.2531349,-0.1870360999999999,-2.0261356,-1.7136635,-1.9665656,"Korea, Dem. People's Rep"
2020,-1.5735239,-1.2548503,-0.1873506999999999,-1.9455234,-1.6782172,-1.9670643,"Korea, Dem. People's Rep"
2021,-1.651571,-1.4820228,-0.1983915,-1.9459904,-1.680154,-1.9842872,"Korea, Dem. People's Rep"
2022,-1.6517597,-1.3350416,0.2686785,-1.947235,-1.4858772999999998,-1.9570503,"Korea, Dem. People's Rep"
2023,-1.5580486,-1.2707438,0.3264333,-1.8744885,-1.5256234,-1.961019,"Korea, Dem. People's Rep"
2024,-1.5573827999999998,-1.2713101999999998,0.3220654,-1.87416,-1.5256661,-1.9874253,"Korea, Dem. People's Rep"
1996,-0.9822703,-1.3490638,-1.3493701,-1.475599,-0.8649532999999999,-1.230693,Ethiopia
1998,-0.9835362,-1.3532658,-1.0843672,-1.2180604,-0.8671207,-1.2146404,Ethiopia
2000,-0.9872373,-1.3518124,-1.3044886,-1.2152713,-0.8685459999999999,-1.2349044999999998,Ethiopia
2002,-0.7246524999999999,-1.2859289,-1.5086033,-1.3980025,-1.0602789,-1.3402955,Ethiopia
2003,-0.839374,-1.4424574,-1.5308526,-1.3492613999999998,-1.0528433,-1.3608201,Ethiopia
2004,-0.7533272999999999,-1.0120279,-1.2345298999999998,-0.9269604,-1.0004513,-1.1994129999999998,Ethiopia
2005,-0.8252058999999999,-0.9183428,-1.6372373999999998,-0.932236,-0.9697525,-1.1467164,Ethiopia
2006,-0.5313479999999999,-0.7589014,-1.6896015999999998,-0.8212092999999999,-0.7615099,-1.0751369,Ethiopia
2007,-0.5338238,-0.6386094999999999,-1.6868659,-0.7600859,-0.7335513,-1.0711576,Ethiopia
2008,-0.6319412999999999,-0.530582,-1.6609182999999998,-0.7194052999999999,-0.858252,-1.192214,Ethiopia
2009,-0.7219618,-0.5208216999999999,-1.3102757,-0.7819149,-0.8913998999999999,-1.226642,Ethiopia
2010,-0.6997533,-0.4772744,-1.5760665,-0.7207448,-0.8369645,-1.2490008,Ethiopia
2011,-0.6055573,-0.5169232,-1.5281949,-0.8615976999999999,-0.847511,-1.2689659,Ethiopia
2012,-0.6106685,-0.4212532,-1.613535,-0.917401,-0.7490211,-1.2547209,Ethiopia
2013,-0.5672534,-0.5207719,-1.3952471,-1.0682237,-0.8458441,-1.3228999,Ethiopia
2014,-0.5429668,-0.4514229999999999,-1.1765231,-0.9043825,-0.7533654,-1.3018621,Ethiopia
2015,-0.5196265,-0.5298526,-1.2635434,-0.9028806,-0.8051872999999999,-1.3145088,Ethiopia
2016,-0.4358904999999999,-0.4771006,-1.4396576,-0.9613611,-0.798565,-1.3385295,Ethiopia
2017,-0.5649481,-0.5281279,-1.5195725,-0.8985453999999999,-0.7825027999999999,-1.369723,Ethiopia
2018,-0.4565279,-0.5328814,-1.2054246,-0.8463421999999999,-0.7938799,-1.1704682,Ethiopia
2019,-0.4268519,-0.5253376,-1.1789771,-0.8280780999999999,-0.7767788,-1.0166778,Ethiopia
2020,-0.3685587999999999,-0.5516894999999999,-1.5934093,-0.8158694,-0.8139468,-1.0380249,Ethiopia
2021,-0.4003096,-0.6504620999999999,-2.0139565,-0.7684521,-0.9484534,-1.0719325,Ethiopia
2022,-0.4065653999999999,-0.7000773,-1.8659545,-0.7815691,-0.9181925,-1.1043087,Ethiopia
2023,-0.4629488,-0.6883758,-1.8637513,-0.8373693,-1.0393139999999998,-1.1791506,Ethiopia
2024,-0.4378632999999999,-0.645991,-1.8849739,-0.8332379,-1.0489242,-1.2423966,Ethiopia
1996,-1.4944168999999998,-2.0282198,-2.582407,-2.4070115999999997,-2.1566479,-1.516734,Liberia
1998,-1.5850777,-2.0341809,-1.9934702,-2.2140392,-1.9183152,-1.0041901,Liberia
2000,-0.5434764,-2.0321191,-1.8986232,-2.2082317,-1.9212509,-1.1321531,Liberia
2002,-1.1101642,-1.6490728,-1.9064681,-2.0375799999999997,-1.890774,-1.2937464,Liberia
2003,-1.1116189,-1.6557617999999998,-2.0654274999999997,-2.1078782,-1.7948560999999998,-1.5733556,Liberia
2004,-1.246766,-1.6610758,-1.4651904999999998,-1.7916145,-1.5096474,-1.0259486,Liberia
2005,-1.3670714,-1.6617126,-1.3279822,-1.6674589,-1.2444464,-0.4633306,Liberia
2006,-0.7835217999999999,-1.3070227,-1.2364099,-1.3289489,-0.8299262,-0.0434438,Liberia
2007,-0.7198737,-1.3265554,-1.1612123,-1.3277397,-0.9589814,-0.102976,Liberia
2008,-0.6268627,-1.2155432,-1.1609094,-1.2393658,-0.9068367,-0.0882136999999999,Liberia
2009,-0.4387707999999999,-1.1046515,-1.0358291,-1.1266945,-0.9541313,-0.1534704999999999,Liberia
2010,-0.412423,-1.0232677,-0.3931525999999999,-1.0577033,-0.8943513999999999,-0.1748594,Liberia
2011,-0.5668276,-0.9978425,-0.4731869999999999,-1.1772919,-0.8971258999999999,-0.2723024,Liberia
2012,-0.4732171,-0.8815582999999999,-0.3877254,-1.0596247,-0.8335786,-0.1965545,Liberia
2013,-0.664203,-1.1231932,-0.3646399999999999,-1.0524016,-0.8488397999999999,-0.3267253,Liberia
2014,-0.7936808,-1.115021,-0.510413,-0.8265315,-0.7733006,-0.2481803,Liberia
2015,-0.7343546999999999,-1.2026736999999998,-0.5851773,-0.7899866999999999,-0.7924952,-0.2382728999999999,Liberia
2016,-0.8475684,-1.1576727,-0.4531368999999999,-0.8651692,-0.8082285,-0.2242728,Liberia
2017,-0.852785,-1.1579163,-0.2701752,-0.8601742,-0.791767,-0.0459297,Liberia
2018,-0.9857106,-1.1977202,-0.0185577,-0.8639309,-0.8310297999999999,-0.1351080999999999,Liberia
2019,-0.9910994,-1.2862251,-0.2571938,-0.9351647,-0.8706655999999999,-0.2361706999999999,Liberia
2020,-0.9167423,-1.3754275,-0.2201025999999999,-0.9601829,-0.8553584999999999,-0.1946272,Liberia
2021,-0.9896145,-1.3272214999999998,-0.2103506,-0.9457248,-0.8429491,-0.1873575999999999,Liberia
2022,-1.0479173,-1.3315969,-0.2807974,-0.9669682,-0.8587463999999999,-0.1659338,Liberia
2023,-1.01213,-1.2153121,-0.1740479999999999,-0.9050469,-0.8997457,-0.111354,Liberia
2024,-1.0473848,-1.246293,-0.228549,-0.8418216,-0.868004,-0.1117659,Liberia
1996,0.9915488,0.2349301,1.1466125,0.4320019,0.5926621,0.6145082,Botswana
1998,0.990283,0.2307281,1.1680872,0.8544022,0.5904946999999999,0.5045923,Botswana
2000,0.9811381,0.2321814999999999,1.1550115,0.8571913,0.5903786999999999,0.4757638999999999,Botswana
2002,0.7836907,0.444301,0.8510502,0.9057581,0.6399536,0.5609991,Botswana
2003,1.2396807,0.6238241,1.1094733,0.8864772999999999,0.7788139,0.8098384,Botswana
2004,0.9443983,0.5092061,0.9068069,0.7209508,0.6737985999999999,0.7013758,Botswana
2005,1.170669,0.5932223,1.1343572,0.8046831,0.751192,0.6905469,Botswana
2006,0.9295641,0.3623225,1.2166136,0.6285938,0.6847205,0.6357818,Botswana
2007,0.9258834,0.5667941,1.2840151,0.6526476,0.7359892,0.5999034,Botswana
2008,1.0295129,0.5227345,1.2464399,0.7587681,0.776301,0.5873398,Botswana
2009,0.9356014,0.5628411,1.2494369,0.7844958999999999,0.7161835999999999,0.5813266,Botswana
2010,1.0119522,0.5312259,1.2771925,0.8006087,0.7341616999999999,0.5542748,Botswana
2011,1.0051672,0.5431636,1.2314867,0.7899782,0.7466632,0.5018226,Botswana
2012,1.0357782,0.5525088,1.2248637,0.8758155,0.7034965,0.5393273,Botswana
2013,0.9806396,0.5476863,1.187303,0.7803101,0.5939995,0.4264996,Botswana
2014,0.8215661999999999,0.5180867,1.1504976999999998,0.7233533999999999,0.5753425999999999,0.3462974,Botswana
2015,0.7957375,0.5694336999999999,1.1318799,0.6069256,0.4252987,0.2702248,Botswana
2016,0.8579361,0.5361602999999999,0.9837653,0.6279766999999999,0.3914359,0.2224214,Botswana
2017,0.7790808,0.4156168999999999,1.0166207,0.5386963,0.4037408999999999,0.2119983,Botswana
2018,0.851239,0.3467775999999999,0.9948159,0.5568633,0.4031783,0.2110871,Botswana
2019,0.8223153999999999,0.4033394999999999,1.1539103,0.4296886,0.4519148,0.2359357,Botswana
2020,0.7218389,0.3103769999999999,1.0835182,0.3891702999999999,0.33481,0.2262538999999999,Botswana
2021,0.7018975,0.4025631,1.0572186,0.459995,0.3719932999999999,0.1662642,Botswana
2022,0.6506622,0.4593722999999999,1.0798421,0.4849039,0.3434668999999999,0.1383421,Botswana
2023,0.6066870999999999,0.5409963,1.0127245,0.446548,0.3322692,0.1593032,Botswana
2024,0.6311414,0.4168892999999999,1.0322942,0.4019336,0.3120842,0.295265,Botswana
1996,0.4161940999999999,,0.7143105,,0.8129293,0.5555879,Solomon Islands
1998,0.4104456999999999,,0.5215457,,0.7761888,0.4893520999999999,Solomon Islands
2000,-0.0482311999999999,,-0.8014017999999999,,0.4058955999999999,0.0190157,Solomon Islands
2002,-0.0632192,,-0.523181,,0.7250730999999999,0.1886745,Solomon Islands
2003,-0.0672779,,-0.0035900999999999,,0.7597623,0.0953376,Solomon Islands
2004,-0.19366,-1.0657837,-0.2353602,-0.9931827,-0.3050986,-0.1774972,Solomon Islands
2005,-0.0437549,-0.7548241,-0.1584655999999999,-1.1680705,-0.5301842999999999,-0.0408478,Solomon Islands
2006,-0.2837935,-0.8277021999999999,-0.0672793,-1.2491892999999998,-0.5575441999999999,-0.0332484,Solomon Islands
2007,-0.4805075,-0.9444347,0.1237461,-1.1913659,-0.5856523,-0.0692069999999999,Solomon Islands
2008,-0.4231645,-0.9518203,0.1231216,-1.2278383,-0.4559442999999999,-0.0951569999999999,Solomon Islands
2009,-0.3177362999999999,-0.8732555,0.3268674,-1.2631926,-0.5710514999999999,-0.0144193999999999,Solomon Islands
2010,-0.4115359999999999,-0.9125086,0.3572344,-1.1934804,-0.4768434,-0.0392355999999999,Solomon Islands
2011,-0.4275878999999999,-0.8613809,0.3523932999999999,-1.0565406,-0.4165570999999999,-0.0706630999999999,Solomon Islands
2012,-0.4011688,-0.8057801,0.3518822,-1.0526396,-0.3937686999999999,-0.0181884,Solomon Islands
2013,-0.4050308999999999,-0.8641253999999999,0.3503208,-1.0482396,-0.3963761999999999,-0.0115585999999999,Solomon Islands
2014,-0.3998249,-0.8833666,0.5553271,-0.9866655,-0.2321864,0.0214165999999999,Solomon Islands
2015,-0.4012117,-0.8850285999999999,0.6020152999999999,-0.9138238,-0.2315499,0.0358826,Solomon Islands
2016,-0.4109498,-0.8844508999999999,0.3605959999999999,-0.9129622,-0.2050642999999999,0.0486341999999999,Solomon Islands
2017,-0.1494384,-1.0855854,0.1156377,-0.9120505,-0.2008667999999999,0.0611211,Solomon Islands
2018,-0.1478206,-1.1009813,0.3816525,-0.9116756,-0.1622764,0.1438423,Solomon Islands
2019,0.0004546,-0.9726212,0.4195676,-0.7506683,-0.0826312,0.279918,Solomon Islands
2020,-0.0256466,-0.976087,0.5368126,-0.9113021,0.2111307999999999,0.1689189999999999,Solomon Islands
2021,-0.1748432,-1.1196101,0.4456004999999999,-1.057786,0.0153529999999999,0.3280919,Solomon Islands
2022,-0.1752124,-0.9101515,0.7315157,-1.059641,0.1473971,0.2604925999999999,Solomon Islands
2023,-0.1764808,-0.9093907,0.7318958,-1.0594433,0.1522162,0.2523343,Solomon Islands
2024,-0.1401036,-0.8686191999999999,0.7499116,-0.888466,0.1533565,0.3267325,Solomon Islands
1996,,,0.9604989,,0.9038562,1.0612553999999998,St. Vincent and Grenadines
1998,,,0.9624621,,0.8818861,1.0591908,St. Vincent and Grenadines
2000,,,0.9579328,,0.8674379,1.060353,St. Vincent and Grenadines
2002,,,0.2436254,,0.8855968,0.939505,St. Vincent and Grenadines
2003,,,0.5918958,,0.8778703999999999,0.930617,St. Vincent and Grenadines
2004,0.2092037,0.2202896999999999,0.9346896,0.0513514999999999,0.7232592999999999,0.6657048,St. Vincent and Grenadines
2005,0.9733442,0.7539939,1.1502148,0.5660953,0.9160204,1.0687231,St. Vincent and Grenadines
2006,0.9781067,0.7522179,1.1081368,0.4931566,0.9150857,1.1387324,St. Vincent and Grenadines
2007,0.9746953,0.8152667,0.7700767,0.579344,0.7413339999999999,1.1471895,St. Vincent and Grenadines
2008,0.9756021,0.8173615999999999,0.7695704,0.4064605,1.0276501,1.1462646,St. Vincent and Grenadines
2009,0.9755701,0.8246762999999999,0.9800499,0.4713157999999999,1.0261527,1.0651211,St. Vincent and Grenadines
2010,1.1598426,0.9931941,0.8287007,0.5584226,1.0475019,1.0671827,St. Vincent and Grenadines
2011,1.1581912,0.9922006,0.8234119,0.5588546,1.0513625,0.9653202,St. Vincent and Grenadines
2012,1.1547595,0.9924508,0.8687381,0.5541343,1.0498916,0.9636892,St. Vincent and Grenadines
2013,1.1550203,0.9927303,0.8211478,0.5534346,1.0157714,0.9612869,St. Vincent and Grenadines
2014,0.6052154,0.2995406,0.7556725,0.4360776999999999,0.7020185999999999,0.9638727,St. Vincent and Grenadines
2015,0.6766032,0.2974566999999999,0.9161633,0.2175717999999999,0.6227862,0.6076881,St. Vincent and Grenadines
2016,0.6777103999999999,0.5506037,0.9130972,0.2551022,0.6292069,0.5979297,St. Vincent and Grenadines
2017,0.7018791,0.5508389,0.7873576,0.1936017,0.6186657999999999,0.5884863,St. Vincent and Grenadines
2018,0.7531367,0.5521303,0.7900001,0.2393083,0.6131443999999999,0.5176746,St. Vincent and Grenadines
2019,0.7602069,0.5533891,0.9169085,0.2337241,0.6834679,0.6248617,St. Vincent and Grenadines
2020,0.7606733,0.2973715,1.0425879,0.1719049,0.6515481,0.6244985,St. Vincent and Grenadines
2021,0.7401118999999999,0.2995048999999999,1.0408786,0.141278,0.6474473,0.6155269,St. Vincent and Grenadines
2022,0.7243710999999999,0.5327234,1.0438207,0.0866513999999999,0.6160382,0.5755557,St. Vincent and Grenadines
2023,0.7112575,0.3287937999999999,1.044299,0.0957701,0.5500992,0.5634281999999999,St. Vincent and Grenadines
2024,0.7050204,0.2682296,1.0382485,0.1062005999999999,0.5017878,0.5028521,St. Vincent and Grenadines
1996,-0.8688327,-1.8223237,-2.5119284,-1.7948295,-1.2478356,-1.1879285,Burundi
1998,-0.8716083,-1.8314512,-2.6389993,-1.7724917,-1.2415435,-1.1144292999999998,Burundi
2000,-0.9095626,-1.8282942,-2.5068037999999997,-1.3811115,-1.244465,-1.2022764,Burundi
2002,-0.7006576,-1.9445053,-2.4576716,-1.4231073,-1.2884531,-0.9073603,Burundi
2003,-0.7026173,-1.95375,-2.4009377,-1.4326812999999998,-1.5551255,-0.7916686,Burundi
2004,-0.958209,-1.5282262,-2.411696,-1.2194663,-1.2613502,-0.8508783,Burundi
2005,-1.0594009,-1.3694248,-1.4998572,-1.1965385,-1.157865,-0.6034823,Burundi
2006,-1.0671328,-1.3396498,-1.2706416,-1.1055913,-1.0092849,-0.6608421,Burundi
2007,-1.1378989,-1.3584566,-1.1429842,-1.0994268,-1.0568974,-0.6752039999999999,Burundi
2008,-1.1482657,-1.2512833,-1.4451741,-1.0984439,-1.073482,-0.708043,Burundi
2009,-1.1815653,-1.0910389,-1.0572468,-1.0455569999999998,-1.2100316,-0.663872,Burundi
2010,-1.2408811,-1.2006202,-1.6874837,-1.0249273,-1.2592986,-0.9742471,Burundi
2011,-1.2549651,-1.1611384,-1.8431842,-0.9745078,-1.2594938,-0.9743506,Burundi
2012,-1.3979996,-1.1869228,-1.9079102,-0.9255712,-1.1556781,-1.0645581,Burundi
2013,-1.3468046,-0.8972943,-1.6757154,-0.975191,-1.1696059,-1.1037371,Burundi
2014,-1.2665737,-0.8758081,-1.061743,-0.8596113999999999,-1.1036389,-1.0633176,Burundi
2015,-1.2586575,-0.9257032,-2.0364508999999997,-0.8774099999999999,-1.3206989,-1.2657593,Burundi
2016,-1.2905502,-1.0721309,-2.106715,-0.8927645,-1.4032903,-1.4549059,Burundi
2017,-1.3126405,-0.9217583,-2.0904201,-0.8542464,-1.3274144,-1.4779632,Burundi
2018,-1.4646424999999998,-1.0293582,-1.6236794,-0.9758328,-1.3842373,-1.5664182999999998,Burundi
2019,-1.4706435,-0.9766193,-1.6692962999999998,-0.9261778,-1.3300858,-1.6236321,Burundi
2020,-1.3529714,-1.0934389,-1.4952681,-1.0171598,-1.3212119999999998,-1.4624906,Burundi
2021,-1.390618,-1.1242343,-1.3783559,-1.0000412,-1.3122824,-1.4381526999999998,Burundi
2022,-1.3235206,-1.1809945,-1.2808952999999998,-0.9203619,-1.3217137,-1.3992831,Burundi
2023,-1.2920545,-1.108269,-1.2840156,-0.882728,-1.3078558999999998,-1.3170799,Burundi
2024,-1.4624885,-1.0060869,-1.3763566,-0.8138576,-1.3028277,-1.4920981,Burundi
1996,,,,,0.9038562,1.0429193,St. Kitts and Nevis
1998,,,,,0.8818861,1.0408547,St. Kitts and Nevis
2000,,,,,0.8674379,1.0420169,St. Kitts and Nevis
2002,,,,,0.8855968,0.9761772,St. Kitts and Nevis
2003,,,0.9514154,,0.8778703999999999,0.8441993999999999,St. Kitts and Nevis
2004,0.1506398,0.2202896999999999,1.1734496,0.0584403999999999,0.7232592999999999,0.4766650999999999,St. Kitts and Nevis
2005,1.0449279,0.9774621,1.2433007,1.1274352,0.9222272,1.1652614,St. Kitts and Nevis
2006,1.0512639,0.9751875,1.24579,1.1247005,0.920795,1.1741494,St. Kitts and Nevis
2007,1.0467254,0.9786272,0.7853715,1.0012364,0.9236183,1.18826,St. Kitts and Nevis
2008,1.0479318,0.9813102,0.9072236,0.9991248,0.9210085,1.0706622,St. Kitts and Nevis
2009,1.0478893,0.9906783,1.3307327,0.996296,0.917858,1.1247378,St. Kitts and Nevis
2010,1.3318853,1.2694874,1.0581227,1.2863424,0.9578966,1.1771606,St. Kitts and Nevis
2011,1.3295291,1.2681327,0.9304755,1.2874157,0.9662649,1.1196267,St. Kitts and Nevis
2012,1.3246331,1.2684739,0.9299172,1.2756878,0.9630767,1.1019368,St. Kitts and Nevis
2013,1.3250051,1.2688549999999998,0.9282114,1.2739494999999998,1.0227841,1.0641595,St. Kitts and Nevis
2014,-0.0834636,0.4237531,0.6712051,0.1453016,0.1616380999999999,1.0671377,St. Kitts and Nevis
2015,0.4291419999999999,0.7651163,0.663933,0.558492,0.8033891999999999,0.7188112999999999,St. Kitts and Nevis
2016,0.4304457,0.7661041,0.6608668999999999,0.5598126999999999,0.8055131,0.7220511,St. Kitts and Nevis
2017,0.4660327999999999,0.7664249,0.6612426,0.488087,0.8522822,0.7066057,St. Kitts and Nevis
2018,0.4031973,0.7681859,0.6638851,0.4842924999999999,0.7421991,0.4519236,St. Kitts and Nevis
2019,0.324202,0.7699022999999999,0.6646782,0.4780259999999999,0.633226,0.4247828999999999,St. Kitts and Nevis
2020,0.3247511999999999,0.7650002,0.9164728,0.4753738999999999,0.6337014,0.439648,St. Kitts and Nevis
2021,0.352033,0.4237045,0.9147636,0.489946,0.5899268,0.4311381999999999,St. Kitts and Nevis
2022,0.3109783,0.691453,0.9177056,0.5342169999999999,0.571593,0.4283376,St. Kitts and Nevis
2023,0.3519798,0.6926238,0.918184,0.4958574,0.5632841,0.431477,St. Kitts and Nevis
2024,0.3480989,0.6913851999999999,0.9121334,0.4799757,0.5904494,0.4598773,St. Kitts and Nevis
1996,0.9918722,0.7382326,0.6380987,0.3941203,0.5417948,0.8076281,Uruguay
1998,0.9906064,0.4660373,0.8256736,0.7197775,0.5253211,0.8631764,Uruguay
2000,0.9103337,0.4115084,0.8244769,0.6882126,0.5142871,0.9213237,Uruguay
2002,1.0087146,0.5051998999999999,0.7788706,0.5083321,0.7154663,1.0075657999999998,Uruguay
2003,0.9941983,0.4907808999999999,0.6814346,0.2544708,0.670586,0.9820943,Uruguay
2004,0.7994106999999999,0.2761452,0.5115505,0.2591788,0.590963,0.9177831,Uruguay
2005,0.9349505,0.5531436,0.8238091,0.3255793999999999,0.6761607,0.9946959,Uruguay
2006,1.0023353,0.5439623,1.0267236,0.3849319,0.7584546,1.1101743,Uruguay
2007,1.0493699,0.5605234,1.0641961,0.3975364999999999,0.8025188,1.1244649,Uruguay
2008,1.1793592,0.629273,1.056881,0.4574726,0.8239641999999999,1.1383059,Uruguay
2009,1.196035,0.6581431999999999,1.0283689,0.3817668999999999,0.83241,1.1880175,Uruguay
2010,1.3461634,0.6600282,0.8893764,0.5530161,0.8721150999999999,1.2316568,Uruguay
2011,1.3457663,0.5985767,0.9289706,0.5344837,0.8008807,1.2041703,Uruguay
2012,1.3317592,0.4912679,0.8849499,0.673071,0.715336,1.1088877,Uruguay
2013,1.3468082,0.4841046,0.9211706,0.7567231999999999,0.7012586,1.1539198,Uruguay
2014,1.288067,0.6667986,1.1017263,0.7213547,0.8017721,1.150545,Uruguay
2015,1.2570517,0.6355429,1.0884414,0.6538176,0.8604208,1.2096941,Uruguay
2016,1.3854381999999998,0.5902569,1.1217056,0.7356691999999999,0.925682,1.2405464,Uruguay
2017,1.3464781,0.4897994,1.1129983,0.697186,0.8738129,1.2330619,Uruguay
2018,1.3627449,0.5413347,1.1130252,0.5998986,0.8658484999999999,1.2339937,Uruguay
2019,1.3889224999999998,0.6879853,1.1553614,0.6290701,0.880371,1.2429696,Uruguay
2020,1.5144744,0.7691696,1.1512208,0.6994509,0.8853538999999999,1.2549779,Uruguay
2021,1.6220519,0.8270962,1.1500797,0.7331802,0.9518641,1.2359324,Uruguay
2022,1.6139339,0.8993588,1.3035622,0.7251419,0.9765591,1.201455,Uruguay
2023,1.5493831,0.8539850999999999,1.181072,0.737625,0.9573597,1.2182526,Uruguay
2024,1.5279256,0.6904798999999999,1.2779376,0.6468484,0.9505638,1.2278086,Uruguay
1996,,,,,0.9038562,1.1315437,Palau
1998,,,,,0.8818861,1.129479,Palau
2000,,,,,0.8674379,1.1306413,Palau
2002,,,,,0.8855968,1.0816093,Palau
2003,,,0.9514154,,0.8778703999999999,1.0956413,Palau
2004,,,0.9474922,,0.8716771999999999,1.0910569,Palau
2005,,,0.9705879,,1.269863,1.1022322,Palau
2006,,,0.9803401,,1.2671381,1.1092372,Palau
2007,,,0.9964451,,1.2725098,1.1072089,Palau
2008,-0.1896166,-0.4651041999999999,0.9944616,-0.7374368,1.2066122,1.102069,Palau
2009,-0.1898956,-0.411693,1.5889495,-0.7486071999999999,1.2009170999999998,1.1023971,Palau
2010,-0.1851151,-0.5251718,1.5781203,-0.7481757,1.199235,1.1004922,Palau
2011,-0.1970895,-0.2839048999999999,1.5682717,-0.4692041999999999,1.2930723,1.090178,Palau
2012,-0.2219720999999999,-0.2824029999999999,1.5672321,-0.5026417,1.2876229,1.0873207,Palau
2013,-0.2200811,-0.2807256999999999,1.5640556,-0.5075978,1.2754423,1.0899834,Palau
2014,-0.2422591999999999,-0.212894,1.5750282,-0.5186405,1.2815924,1.0945132,Palau
2015,0.4974376,-0.3196826,0.9559309,0.3971071,1.351141,1.0956611,Palau
2016,0.4413945999999999,-0.3187426,0.951395,0.399389,1.3516492999999998,1.0860487,Palau
2017,0.4392161,-0.3184374,1.1385207,0.4018035,1.3504054,1.0848056,Palau
2018,0.4429213999999999,0.0107920999999999,1.14243,0.1940307,1.3124976,1.0430933,Palau
2019,0.4480263,0.0124256,1.1436032,0.4054877,1.1592619,1.0422789,Palau
2020,0.4493089999999999,-0.0189645999999999,1.1429587,0.4009049999999999,1.1608966,1.0411302,Palau
2021,0.4468111999999999,-0.0161962,1.1404301,0.3990616999999999,1.1551047,1.0331583,Palau
2022,0.4459534,-0.0433382,1.2446282,0.3941489999999999,1.171936,1.0305400999999998,Palau
2023,0.443007,-0.0418711,1.2451365,0.3946725,1.17116,1.0279492,Palau
2024,0.5049336999999999,0.0100272,1.2387076,0.4811763,1.1710347,1.0369618,Palau
1996,0.3828912,-0.6328733999999999,0.3461373,-1.0626392,-0.0988458,0.0216089,Suriname
1998,0.3808308999999999,-0.2550739999999999,0.4173262,-0.9100175,-0.1025181,0.0932302,Suriname
2000,0.590627,0.0841831,0.1772732,-0.9441599,-0.1049331,0.4010973,Suriname
2002,0.3269480999999999,0.0843471,0.445148,-0.7832787999999999,-0.14129,0.3478443,Suriname
2003,0.3254934,0.0759535,0.4323712999999999,-0.7832338999999999,-0.1425815,0.3422116,Suriname
2004,0.2578046,-0.0139317,0.1921968,-0.8560529,-0.1413675,0.3440457999999999,Suriname
2005,0.2853308,-0.0194842,0.3688499999999999,-0.6536769,-0.0141555999999999,0.3407079,Suriname
2006,0.139396,-0.2680752999999999,0.0370164,-0.5428746,-0.2073508999999999,0.4509206999999999,Suriname
2007,0.0924045999999999,-0.2772383,0.0767371999999999,-0.4818642999999999,-0.1900989,0.4956352,Suriname
2008,0.1073481,-0.1531152999999999,0.2012169,-0.464786,-0.1688461,0.5678925,Suriname
2009,-0.1101563,-0.0691151,0.2538588,-0.4536055,-0.1328508,0.4580609,Suriname
2010,-0.1624579,-0.0683329,0.1307885,-0.4704013999999999,-0.0810578,0.3738756,Suriname
2011,-0.1481547,-0.1072418,0.079854,-0.4169159,-0.0758264999999999,0.3853071999999999,Suriname
2012,-0.1383846,-0.0014192999999999,0.0654961999999999,-0.3865734999999999,-0.0675487,0.3753234,Suriname
2013,-0.1615538,-0.0111246,0.0569666999999999,-0.3517802,-0.0681876,0.369062,Suriname
2014,-0.3215014,-0.0642884,0.2245947999999999,-0.648578,-0.1298785,0.3487912999999999,Suriname
2015,-0.202065,-0.0652263,0.2981115,-0.6175389,-0.1964371,0.1592597999999999,Suriname
2016,-0.1787366,-0.0344665,0.1759261,-0.6416001,-0.2097569,0.1627668,Suriname
2017,-0.1954151999999999,-0.1271798999999999,0.1667452999999999,-0.6673958,-0.2413876999999999,0.0483853999999999,Suriname
2018,-0.2886333,-0.126515,0.1496981,-0.7248716,-0.2606915999999999,0.1093601999999999,Suriname
2019,-0.281896,-0.1395824,0.1321528,-0.6022128,-0.2485919999999999,0.1343228,Suriname
2020,-0.3026185,-0.1418392,0.4628889,-0.6956302999999999,-0.1850815999999999,0.1599841,Suriname
2021,-0.3115972999999999,-0.2989604999999999,0.3607899,-0.6285837,-0.1971687,0.0873419,Suriname
2022,-0.3089430999999999,-0.3711426,0.2466594,-0.7183594999999999,-0.2196339,0.1083446,Suriname
2023,-0.3292402,-0.3705232,0.3004618,-0.7306638,-0.1875599,0.1081854999999999,Suriname
2024,-0.3768745,-0.4542916999999999,0.4782277,-0.9187439,-0.2085757,0.0554087999999999,Suriname
1996,-0.7275475,-1.0785486,-0.8452373,-1.7261164999999998,-1.2657422,-1.7734550999999998,Libya
1998,-0.7288134,-1.3532658,-0.6428417,-1.7983015999999998,-1.2679096,-1.8582652,Libya
2000,-0.7325145,-1.3518124,-0.3492053,-1.5339076,-1.182786,-1.8581172,Libya
2002,-1.0539097,-1.4595055,-0.2474046,-1.6910017,-1.3801427,-1.8921898,Libya
2003,-1.0548034,-1.4645212,-0.1098149,-1.6909816,-1.2248297,-1.8592574,Libya
2004,-1.1162753,-1.2264938,-0.0114758,-1.3810190999999998,-1.1296781,-1.9052156,Libya
2005,-1.1957157,-1.3464635,0.2379930999999999,-1.3536844,-1.1693927,-1.8580118,Libya
2006,-1.1939274,-1.3287689,0.1965752999999999,-1.2786635,-1.1415494,-1.7668746,Libya
2007,-1.1569251,-1.4187378,0.4998891,-1.1435433,-1.069897,-1.7682143,Libya
2008,-1.1162314,-1.3014774,0.5158275999999999,-0.9755728,-1.0141289,-1.7716811,Libya
2009,-1.2049286,-1.2930174,0.5227168999999999,-1.1573267,-1.1792783999999998,-1.7649978,Libya
2010,-1.2258396,-1.2821058,-0.4787846,-1.2492866,-1.1938263,-1.8268971,Libya
2011,-1.250864,-1.2825394,-1.6341249,-1.4491899,-1.1904098,-1.5248663,Libya
2012,-1.1136811,-1.3979031,-1.5745603,-1.3472691,-1.0379947,-0.8508505,Libya
2013,-1.2916518,-1.3728325,-1.9032456,-1.5750015,-1.3948385,-0.8115608999999999,Libya
2014,-1.475239,-1.5663079,-2.2652694,-1.9460903,-1.5953619,-1.0752096,Libya
2015,-1.5959911999999998,-1.6501127,-2.2100778,-2.0211489,-1.7545590999999998,-1.165613,Libya
2016,-1.5977532,-1.666709,-2.2576529,-2.1039014,-1.6960655,-1.1997746,Libya
2017,-1.6097899,-1.5287142,-2.2943152,-1.9779852,-1.6097257,-1.2324321,Libya
2018,-1.5160133999999998,-1.5515532,-2.2839145999999997,-2.0627355,-1.5684814,-1.1886225,Libya
2019,-1.5465395,-1.5537488,-2.2589596999999997,-2.0416816,-1.6213786,-1.108952,Libya
2020,-1.5214215,-1.6327551,-2.2231779,-1.9895714,-1.6334673,-1.1145078,Libya
2021,-1.5502152,-1.4589466,-2.2069296,-1.9018167,-1.5627941,-1.2687345,Libya
2022,-1.5332986,-1.563716,-2.0039724999999997,-1.9030704,-1.7431898,-1.3168916,Libya
2023,-1.5426693,-1.447749,-2.0418754,-1.8217848,-1.6684728999999998,-1.3571083,Libya
2024,-1.5315957,-1.419488,-1.8964767,-1.7391073,-1.6980126,-1.3359995999999998,Libya
2010,-0.2141740999999999,,,,,,South Sudan
2011,-1.2275676,-1.5763106999999998,-1.5113698999999998,-1.5768821,-1.3454875,-1.2237753,South Sudan
2012,-1.3417825,-1.4942658,-1.4983578,-1.4227969,-1.1549676,-1.2686972,South Sudan
2013,-1.4236144,-1.6555038,-2.0671128,-1.5704737,-1.3517382,-1.4277138,South Sudan
2014,-1.7182797,-1.8301131,-2.5030889,-1.6687592999999998,-1.6791346,-1.517404,South Sudan
2015,-1.7707476999999998,-1.981766,-2.2792733,-1.6736197,-1.6930815,-1.573248,South Sudan
2016,-1.7919554,-2.0530041999999997,-2.33343,-1.7585046999999998,-1.7566012,-1.882177,South Sudan
2017,-1.7562035,-2.1382220999999997,-2.4455519999999997,-1.7947373999999998,-1.7533888,-1.8670114,South Sudan
2018,-1.8304337,-2.0765061,-2.3307387,-1.8857358,-1.8708086,-2.0437826,South Sudan
2019,-1.8861426,-2.0948219999999997,-2.3911458999999997,-1.8807648,-1.8722859,-2.035567,South Sudan
2020,-1.8068367,-2.1630865999999997,-2.1055063,-1.9522498,-1.9075678,-1.9356652,South Sudan
2021,-1.8234318,-2.2425859,-2.2194874,-1.9338545,-1.9778169,-1.942155,South Sudan
2022,-1.861122,-2.2168775,-1.6425543,-1.934717,-1.9298809,-1.9531527,South Sudan
2023,-1.8774177,-2.2060236,-1.5296708,-2.0014186,-2.0001705999999997,-1.855538,South Sudan
2024,-2.0647211,-2.1728459,-1.4896464,-1.9295182,-1.9725304,-1.8916509,South Sudan
1996,-1.4153174,-1.3618338,-0.1990548999999999,-1.6785698,-1.4877085,-1.8585661,Equatorial Guinea
1998,-1.4168214,-1.3673959999999998,-0.1985765,-1.7193668,-1.528694,-1.8622985,Equatorial Guinea
2000,-1.4212188,-1.3654721,-0.0046267999999999,-1.716091,-1.5294067,-1.847225,Equatorial Guinea
2002,-1.4243318,-1.3653191,-0.5037416,-1.513755,-1.3292709,-1.7087532,Equatorial Guinea
2003,-1.4253937,-1.373151,-0.2622451,-1.5137231,-1.33012,-1.7594416,Equatorial Guinea
2004,-1.4048334999999998,-1.374142,-0.4790063,-1.584987,-1.3254857,-1.7585404,Equatorial Guinea
2005,-1.5058021,-1.4036206,-0.6406556999999999,-1.6099789,-1.380881,-1.7299544999999998,Equatorial Guinea
2006,-1.3598299,-1.4051422,0.1001595,-1.568346,-1.2072542,-1.7044695,Equatorial Guinea
2007,-1.3616268,-1.4028412,0.1039401,-1.574244,-1.1413617,-1.8094794,Equatorial Guinea
2008,-1.3611491,-1.4010464,-0.0665767,-1.5833663999999998,-1.0988346,-1.8293464,Equatorial Guinea
2009,-1.2684339,-1.3669139,0.2160624,-1.5345535,-1.2340921,-1.7124453,Equatorial Guinea
2010,-1.2609948,-1.3172768,0.1280299,-1.5976619,-1.2288899,-1.7646289,Equatorial Guinea
2011,-1.261717,-1.3209115,-0.0605353999999999,-1.5790898999999998,-1.226947,-1.759199,Equatorial Guinea
2012,-1.2632177999999998,-1.3207353,-0.0777002,-1.6259788,-1.2725022,-1.7678557,Equatorial Guinea
2013,-1.3099628,-1.3530472999999998,-0.1980612,-1.6351215,-1.4111595,-1.7942882999999998,Equatorial Guinea
2014,-1.5899681,-0.9774502,-0.5596512,-1.5390838,-1.4834946999999998,-1.7526796999999998,Equatorial Guinea
2015,-1.5888102,-0.9975418,-0.5106021,-1.5095134,-1.5224093,-1.7571359,Equatorial Guinea
2016,-1.6329041,-0.9739752,-0.4049976999999999,-1.398269,-1.5650886,-1.7073452999999998,Equatorial Guinea
2017,-1.6336351999999998,-1.0052134,-0.3950453,-1.3973309,-1.5657288,-1.6995408,Equatorial Guinea
2018,-1.5191557,-0.9846747,-0.3808707,-1.4958505,-1.6273258,-1.7287651,Equatorial Guinea
2019,-1.5178173,-1.009579,-0.3400881,-1.443702,-1.58846,-1.707428,Equatorial Guinea
2020,-1.517481,-1.0623792,-0.380621,-1.4963872,-1.5279372999999998,-1.7200521,Equatorial Guinea
2021,-1.5181359,-1.041591,-0.3214725,-1.4969104,-1.528819,-1.7265335,Equatorial Guinea
2022,-1.5183607,-1.1757571999999998,-0.3481526,-1.2793839,-1.4839685,-1.738857,Equatorial Guinea
2023,-1.524639,-1.1523444,-0.2874757,-1.2792354,-1.480741,-1.7268865999999998,Equatorial Guinea
2024,-1.4730962,-1.1825117,-0.1409375,-1.3990487,-1.5403576,-1.7254261,Equatorial Guinea
