economy_name,year,wgi_control_corruption,wgi_gov_effectiveness,wgi_political_stability,wgi_regulatory_quality,wgi_rule_of_law,wgi_voice_accountability
Afghanistan,1996,-1.7175701,-2.3386312,-2.8176463,-2.4898792,-1.9170947,-2.235444
Afghanistan,1998,-1.6293354,-2.3477587,-2.8488906999999997,-2.4589907,-1.9102163,-2.3579466
Afghanistan,2000,-1.6374504,-2.3446016999999997,-2.8505004,-2.4505823,-1.9150642,-2.2978464
Afghanistan,2002,-1.5434271,-2.0988761,-2.4335707,-2.1301846,-1.9838064,-1.3640645999999998
Afghanistan,2003,-1.5453868,-2.1081208,-2.387388,-1.9591576,-1.9844041,-1.2674537
Afghanistan,2004,-1.50732,-1.156126,-2.1912579,-1.6058112,-1.7462939,-1.2310137
Afghanistan,2005,-1.5715003,-1.3907016,-2.133959,-1.6164082,-1.7624734,-1.1629637
Afghanistan,2006,-1.5221138,-1.6259661,-2.1468441,-1.491989,-1.8397413,-1.0452799
Afghanistan,2007,-1.5697208,-1.5929685999999998,-2.3604939,-1.5097036,-1.8394814,-0.9909814
Afghanistan,2008,-1.6125664,-1.6680317999999998,-2.5350862999999997,-1.5659451,-1.9500207,-1.1039311
Afghanistan,2009,-1.5631034,-1.5587942,-2.4492355,-1.5140426,-1.8479349,-1.3351522999999998
Afghanistan,2010,-1.6541671999999998,-1.5857412,-2.5309741999999997,-1.4285697,-1.8493765,-1.3979576
Afghanistan,2011,-1.5926582,-1.6043337,-2.5512555,-1.4373007,-1.9254815,-1.2883533
Afghanistan,2012,-1.635471,-1.4997935,-2.5040196,-1.2540947,-1.8835503,-1.2510408
Afghanistan,2013,-1.5860489,-1.5009937999999998,-2.699732,-1.282454,-1.7022041,-1.2481171
Afghanistan,2014,-1.5607981,-1.5246031999999998,-2.3186705,-1.1832846,-1.6376086,-1.2039387
Afghanistan,2015,-1.5195275,-1.4711716,-2.4812529999999997,-1.0671885,-1.6427748,-1.2099021
Afghanistan,2016,-1.5650115999999998,-1.4177301999999998,-2.4834928,-1.3608994,-1.580107,-1.2164992
Afghanistan,2017,-1.5435194,-1.4421872,-2.6139308999999997,-1.4164481,-1.5950991,-1.2397194
Afghanistan,2018,-1.5398439,-1.6312498,-2.5824048,-1.3029823,-1.6668738,-1.1858104
Afghanistan,2019,-1.5013636,-1.6540804999999998,-2.5893714,-1.2762178,-1.6571549,-1.1404758
Afghanistan,2020,-1.40089,-1.7167282,-2.5896897,-1.3026506,-1.6556645,-1.081484
Afghanistan,2021,-1.2220249,-1.7059035,-2.4506389,-1.4099446999999998,-1.7202682,-1.4279721
Afghanistan,2022,-1.1719937,-1.9646115,-2.4492487,-1.4229756,-1.8586889,-1.8416443
Afghanistan,2023,-1.1987543,-2.0924592,-2.3922828,-1.4305608,-1.896805,-2.0370816
Afghanistan,2024,-1.3087183,-1.9339966,-2.2052112,-1.538435,-1.9354887,-2.1483748
Albania,1996,-0.8375515,-0.9700687,-0.7225509,-0.7899984,-0.3946005999999999,-0.8260765999999999
Albania,1998,-0.563184,-0.9760298,-0.9457727,-0.9299176,-0.8718551999999999,-0.6636183999999999
Albania,2000,-0.9827702,-1.1093724,-1.2463975,-0.736177,-0.9694167,-0.5249370999999999
Albania,2002,-1.0003421,-0.6571054,-0.6545571,-0.4325555,-0.7542805,-0.2153127
Albania,2003,-1.0079715,-0.6637265,-0.43559,-0.4162418,-0.7576267999999999,-0.1267372
Albania,2004,-0.7554331,-0.4499558999999999,-0.6084853,-0.287862,-0.5144925,-0.0105244
Albania,2005,-0.8830283999999999,-0.6979426999999999,-0.6100173,-0.3556517999999999,-0.6642115,0.1006314
Albania,2006,-0.6947376,-0.6153929,-0.549163,-0.1313664,-0.6119228999999999,0.1202025999999999
Albania,2007,-0.6751999,-0.5171955,-0.1885591999999999,-0.0069108999999999,-0.5254485,0.0980996
Albania,2008,-0.6438129,-0.4824716,-0.0276847,0.0382242,-0.4726555999999999,0.1726
Albania,2009,-0.5744720999999999,-0.2900013999999999,-0.0272379,0.1276639,-0.4057361,0.1550401
Albania,2010,-0.5039222999999999,-0.2964483,-0.1725061,0.1073455,-0.3178041,0.1270914
Albania,2011,-0.6894267,-0.2490676999999999,-0.348045,0.053824,-0.2992653999999999,-0.0048785
Albania,2012,-0.8226266,-0.3393566,-0.3697641,-0.0835796999999999,-0.4022257999999999,-0.0572675
Albania,2013,-0.8155319999999999,-0.3564183999999999,-0.1931708,-0.0639441999999999,-0.4812225,-0.0615944
Albania,2014,-0.6758626,0.0801175,0.2608816,0.0565349999999999,-0.2764224999999999,0.0984136999999999
Albania,2015,-0.5865235,0.1835584999999999,0.1252711,0.0444083,-0.2267931,0.0763576
Albania,2016,-0.5061985,0.1974460999999999,0.1659700999999999,0.0642829999999999,-0.2061558,0.0737892
Albania,2017,-0.5663593,0.2560489999999999,0.1638298,0.1105236999999999,-0.2057486,0.1067553
Albania,2018,-0.5871088999999999,0.2684643,0.1502031999999999,0.1139598,-0.1743527,0.1354782
Albania,2019,-0.5384935,0.0266494,0.0043749999999999,0.0917374,-0.2914280999999999,0.0967645999999999
Albania,2020,-0.6594306,0.0187103,-0.0049854,-0.0195592999999999,-0.2567381999999999,0.0554688
Albania,2021,-0.60203,0.1116368,0.0239536,-0.0049463,-0.2015586,-0.0004042999999999
Albania,2022,-0.500456,0.1929668,0.0115424999999999,0.0155769,-0.1309656,0.024176
Albania,2023,-0.4640443999999999,0.293429,0.0246567,0.0632513,-0.1530110999999999,-0.0363936
Albania,2024,-0.4207600999999999,0.3123437,0.0204668,0.1357346999999999,-0.1185025,-0.0124167999999999
Algeria,1996,-0.6307227,-0.7486581999999999,-2.0349494,-0.8988005,-0.9458618,-1.1494732
Algeria,1998,-0.9889799,-0.7825479,-2.1232672999999997,-0.9709855,-1.1010212,-1.3934704999999998
Algeria,2000,-1.0443964,-1.0812973,-1.6027185,-0.8268561,-1.2303648,-1.2201219
Algeria,2002,-0.9941078,-0.7183695999999999,-1.7340249,-0.6972374,-0.6344911,-0.9687397
Algeria,2003,-0.8163111,-0.8617248,-1.6466235,-0.7089021999999999,-0.6343434,-1.0578764
Algeria,2004,-0.8390331,-0.6807829999999999,-1.3060631,-0.609134,-0.6302403999999999,-0.7740773
Algeria,2005,-0.6215313,-0.6847363,-0.8578446,-0.6243901,-0.7434341999999999,-0.7045427999999999
Algeria,2006,-0.4436557,-0.7349677,-1.055417,-0.5132168,-0.7722123,-0.7064358
Algeria,2007,-0.479348,-0.7517159,-1.0604958,-0.4402714,-0.7353577,-0.7409331
Algeria,2008,-0.5819677,-0.7243628,-0.9964923,-0.5662990999999999,-0.7542884999999999,-0.7790961
Algeria,2009,-0.6151584,-0.6983821,-1.1803406,-0.7719014,-0.7992988,-0.8581734999999999
Algeria,2010,-0.3918564,-0.6027467,-1.3176698999999998,-0.9696248,-0.7700849,-0.8855445
Algeria,2011,-0.4094732,-0.7223980999999999,-1.4362269,-1.134794,-0.833268,-0.8882416999999999
Algeria,2012,-0.4537430999999999,-0.6595196999999999,-1.2861441,-1.088001,-0.8202805999999999,-0.838695
Algeria,2013,-0.4058013,-0.5509556,-1.3382043,-0.7990613999999999,-0.7149392,-0.8264644
Algeria,2014,-0.6220502,-0.3152327,-1.1769102,-1.0284052,-0.8361166999999999,-0.7248832
Algeria,2015,-0.6299526,-0.3555636,-1.049624,-0.9107414,-0.8774318,-0.7257138999999999
Algeria,2016,-0.6412808,-0.4244363,-1.1245845,-0.9245888,-0.8605940999999999,-0.776438
Algeria,2017,-0.5404682,-0.5231578,-0.9295046,-0.945914,-0.8676221,-0.7899309999999999
Algeria,2018,-0.5385135999999999,-0.2892145,-0.6370211,-1.0402376,-0.8535828999999999,-0.8950813
Algeria,2019,-0.6205459999999999,-0.315897,-1.0625274999999998,-1.1291834,-0.8457302999999999,-1.0557838
Algeria,2020,-0.6356345999999999,-0.2693237,-0.8837332999999999,-1.0810329,-0.7746944,-1.067081
Algeria,2021,-0.6509952,-0.4641151,-0.9009933,-0.9720042,-0.7553319,-1.0429601
Algeria,2022,-0.6430769,-0.2671351,-0.8074555,-0.8782506,-0.798385,-1.073884
Algeria,2023,-0.6397452,-0.3555609999999999,-0.7317401,-0.7856434,-0.7329544,-1.0493737
Algeria,2024,-0.5933952,-0.2511914,-0.6935882,-0.7526468,-0.6967772,-1.0484061
American Samoa,2004,0.6637174,-0.0644599,0.4095694,0.0975081,0.5451769,0.263356
American Samoa,2005,0.8590846999999999,-0.2988564999999999,0.7112288,0.5798426,1.0437479,0.6088416
American Samoa,2006,0.3992333999999999,-0.3018027,0.7157169999999999,0.5760550999999999,1.0411164,0.6195371
American Samoa,2007,0.3933714,0.2189602,0.99494,0.5826494,1.046304,1.0616691
American Samoa,2008,0.3949296,0.2224353999999999,0.9940271,0.5797247999999999,1.0415086,1.0591373
American Samoa,2009,0.3948746999999999,0.2345697,1.0047762,0.5758069,1.0357197,1.0596387
American Samoa,2010,0.3958154,0.2368724999999999,0.9942908,0.5759582,1.0340099,1.056728
American Samoa,2011,0.3934592,0.2355177,0.9847551,0.5770316,1.0485488,1.0619652
American Samoa,2012,0.3885632,0.2358588999999999,0.9837485,0.5653036,1.0430097,1.0575993
American Samoa,2013,0.3889352,0.2362399999999999,0.9806728,0.5635652999999999,1.0306287,1.0511693
American Samoa,2014,1.1646295,0.7679579999999999,1.2631078999999998,0.1453016,1.3203479,1.0580907
American Samoa,2015,1.1685187,0.7651163,1.2607488,0.1563708,1.3258622,1.0598446
American Samoa,2016,1.1716528,0.7661041,1.2548747999999998,0.1589592,1.3267711,1.0576599
American Samoa,2017,1.7934572,0.7664249,1.2555945,-0.0750966,1.3245468,1.0557605
American Samoa,2018,1.7972711,0.7681859,1.2606571,-0.0739706,1.32674,
American Samoa,2019,1.8025255,0.7699022999999999,1.2471192,-0.0709177,1.3724833,1.3288373
American Samoa,2020,1.1797991,0.7650002,1.2465402,0.3974735,1.2020006,0.9550312
American Samoa,2021,1.1772281,0.7679093,1.2442687,0.3953827,1.1954792,0.941677
American Samoa,2022,1.1763452,0.7674713,1.2481785,0.3898105,1.1914695,0.937291
American Samoa,2023,1.1733125,0.7690129,1.2488142,0.3904042,1.1903787,0.9329508
American Samoa,2024,1.1762344,0.767382,1.2530285,0.3917487,1.0865813,0.9305775
Andorra,1996,1.3626213,0.7592137,1.2502075,1.4172329,0.9914351,1.5419543999999998
Andorra,1998,1.3581531999999998,0.7500861,1.2511111,1.4481214,0.9824423,1.5405979
Andorra,2000,1.3450898,0.7532430999999999,1.2490265,1.4565298,0.9765284,1.5413614999999998
Andorra,2002,1.3358417,0.7534943,1.2512043,1.6467614,0.9839612,1.4549379
Andorra,2003,1.332687,0.7406421999999999,1.3177029999999998,1.6468435,0.7855065999999999,1.3762606
Andorra,2004,0.9284646,0.8951416999999999,1.0449339,1.2599548,0.731683,1.2974308
Andorra,2005,1.3271197,0.7337585,1.3245166,1.6454186,1.0263124,1.4511701
Andorra,2006,1.3353033,1.2471197,1.3279824,1.6416309999999998,1.0247978,1.4602898
Andorra,2007,1.3294413,1.2515751,1.3337059,1.6482253999999998,1.3123172,1.4589572
Andorra,2008,1.3309995,1.2550503,1.333001,1.6453008,1.3095571,1.4578677999999998
Andorra,2009,1.3309446,1.2671846,1.3413014,1.6413829,1.3062251,1.4580835
Andorra,2010,1.3318853,1.2694874,1.3332046,1.6415342,1.305241,1.4568310999999998
Andorra,2011,1.3295291,1.2681327,1.3258412,1.8202037,1.4604526999999998,1.4590846
Andorra,2012,1.3246331,1.2684739,1.3250639,1.8084758,1.4572645,1.5094509
Andorra,2013,1.3250051,1.2688549999999998,1.3226889,1.8067375,1.4501381,1.5070081
Andorra,2014,1.1646295,1.8005729,1.3308928,1.0924802,1.6005796,1.3785606
Andorra,2015,1.1685187,1.7977313,1.3290711,1.1035494,1.6037534999999998,1.3792269
Andorra,2016,1.1716528,1.7987191,1.3245352,1.1061377,1.6042767,1.3368503
Andorra,2017,1.1694105,1.7990398,1.3250909,1.3456712,1.6029964,1.3522661
Andorra,2018,1.1732244,1.8008008,1.3290002,1.3467972,1.6178207999999998,0.9863455
Andorra,2019,1.1784788,1.8025173,1.5488693999999998,1.3498500999999998,1.6176246,1.0039275
Andorra,2020,1.1797991,1.7976151,1.5484064,1.1078572,1.6193172,0.9786021
Andorra,2021,1.1772281,1.8005243,1.5465903,1.1057664,1.61332,0.8695155999999999
Andorra,2022,1.1763452,1.1591046,1.5497162999999998,1.1001942,1.4108315,0.9489464
Andorra,2023,1.1733125,1.1602754,1.5502246,1.100788,1.4100336,0.7696602
Andorra,2024,1.1762344,1.1590368,1.5437957,1.1021324,1.4099047999999998,0.7892366
Angola,1996,-1.1160753,-0.5703424,-2.4803682,-1.6547732,-1.570214,-1.7462075
Angola,1998,-1.2767286,-1.1155748,-2.6136366,-1.6445273,-1.4626637999999998,-1.6379403
Angola,2000,-1.2804297,-1.1141214,-2.4455505,-1.8066,-1.4633035,-1.6785031
Angola,2002,-1.3041443,-1.2300935,-1.8157925,-1.6064493,-1.4961635,-1.3846520999999998
Angola,2003,-1.3231498,-1.4582043999999998,-1.2506923,-1.6437919,-1.6751143,-1.3097489999999998
Angola,2004,-1.2228664,-1.5316839,-1.1591344,-1.4291062,-1.4539069,-1.3167046999999998
Angola,2005,-1.2940835,-1.5412074,-0.9717695,-1.4091843,-1.3592364,-1.2088057
Angola,2006,-1.2967958,-1.4924701,-0.6714135,-1.0973468,-1.326343,-1.2631594
Angola,2007,-1.2804167,-1.4130186999999998,-0.7470711,-1.072509,-1.3309729,-1.2351851
Angola,2008,-1.2699259,-1.3238188,-0.4713481,-1.0819619,-1.2534243,-1.0776636
Angola,2009,-1.2724835,-1.0974384,-0.5268288999999999,-1.0724612,-1.2297726,-1.0942699
Angola,2010,-1.3270303,-0.9515013,-0.2720682,-1.085063,-1.2381936999999998,-1.1285907
Angola,2011,-1.3687643,-1.0097747,-0.4946625999999999,-1.1090351,-1.3083456,-1.108214
Angola,2012,-1.4394482,-1.0191994,-0.4414594,-1.0374151,-1.3438835999999998,-1.0591925
Angola,2013,-1.4609008,-1.0286328,-0.6100776,-1.0979742,-1.3625741,-1.0947921
Angola,2014,-1.4864394,-0.9400114,-0.5090269,-1.0271452,-1.3052002,-1.1303739
Angola,2015,-1.4857649,-0.9378237,-0.5591026,-1.0904945,-1.3086297,-1.1542998
Angola,2016,-1.4881942,-0.9493847,-0.4346279999999999,-1.1804234999999998,-1.3287764,-1.19498
Angola,2017,-1.4208093,-0.9681157,-0.5372144999999999,-1.1799885,-1.3317055,-1.131561
Angola,2018,-1.181782,-0.9784602,-0.4058117,-1.0624393,-1.1105522,-1.005668
Angola,2019,-0.9647988,-0.9116965,-0.4207038999999999,-0.9960854,-1.0519682,-0.9382176
Angola,2020,-0.8918322999999999,-1.0163604,-0.6427634,-1.0388818,-0.9475038,-0.9376898
Angola,2021,-0.6416506,-0.9347008,-0.7936068,-0.8486184,-1.0980135,-0.9985085
Angola,2022,-0.6031537,-0.8325718,-0.5414068,-0.8618821,-1.1625439,-1.0480912
Angola,2023,-0.6242518,-0.8287026,-0.3131654,-0.904342,-1.1944432,-1.0209359999999998
Angola,2024,-0.6225793,-0.7851908999999999,-0.5735964,-0.7730199999999999,-1.1697408,-1.0588932
Anguilla,2004,0.7015384,0.5613671,0.4534984999999999,0.8150678,0.7925669999999999,0.5331914
Anguilla,2005,1.3271197,1.7663734,1.1812157,1.2902266999999998,1.5539904999999998,0.8314560999999999
Anguilla,2006,1.3353033,1.7634272,1.184192,1.4640353,1.551359,1.064766
Anguilla,2007,1.3294413,1.7678826,1.1891071,1.4706297,1.5565466,1.0616691
Anguilla,2008,1.3309995,1.7713578,1.1885017,1.4677051,1.5517512,1.0591373
Anguilla,2009,1.3309446,1.7834921,1.1956297,1.4637871,1.290841,1.0596387
Anguilla,2010,1.3318853,1.7857949,1.5491647,1.4639385,1.2891313,1.056728
Anguilla,2011,1.3295291,1.7844401,1.5428413,1.4650118,1.3036701,1.0619652
Anguilla,2012,1.3246331,1.7847814,1.5421738,1.4532839,1.2981311,1.0575993
Anguilla,2013,1.3250051,1.7851624,1.5401342999999998,1.4515456,1.28575,1.0511693
Anguilla,2014,1.1646295,1.4563681,1.2267455,0.6188909,-0.0402989,1.0580907
Anguilla,2015,1.1685187,1.4535264,1.2251811,0.6299601,-0.0347847,1.0598446
Anguilla,2016,1.1716528,1.4545142,1.221286,0.8693432999999999,-0.0338758,1.0576599
Anguilla,2017,1.1694105,0.7664249,1.2217632,0.8720819,-0.0361000999999999,1.0557605
Anguilla,2018,1.1732244,0.7681859,1.2251203,0.8732078999999999,-0.0339069,
Anguilla,2019,1.1784788,0.7699022999999999,1.2261279,0.8762608,0.4193614,
Anguilla,2020,0.5557527999999999,0.7650002,1.3857910999999998,0.8710627999999999,0.4217835,
Anguilla,2021,0.5531818,0.7679093,1.3836197,0.868972,0.4132015,
Anguilla,2022,1.1763452,1.1116761,1.3873573,0.8633997999999999,0.4079249,
Anguilla,2023,1.1733125,1.1132177,1.387965,0.8639935,0.6332641,
Anguilla,2024,1.1762344,1.1115868,1.3802784,0.8653379999999999,0.6330323,
Antigua and Barbuda,1996,0.8945863,0.7592137,0.7065855,0.5292526,0.9792621,0.1882000999999999
Antigua and Barbuda,1998,0.8901182999999999,0.7500861,0.7074891,0.5601411,0.9702693,0.1868436
Antigua and Barbuda,2000,0.8770547999999999,0.7532430999999999,0.7054045,0.5685496,0.9643554,0.2879957999999999
Antigua and Barbuda,2002,0.8678068,0.7534943,0.7075823,0.5811854,0.9717882,0.2407239
Antigua and Barbuda,2003,0.8646520999999999,0.7406421999999999,0.7275619999999999,0.5812674999999999,0.9686256,0.1991905
Antigua and Barbuda,2004,0.6191511,0.5101852,0.9658169,0.237861,0.7525759,0.4459798
Antigua and Barbuda,2005,0.6825635999999999,0.5788557999999999,0.7787714,0.3477914,0.7833823,0.5814775999999999
Antigua and Barbuda,2006,1.0512639,0.5765812,0.7812606,0.3450567,0.920795,0.6442308999999999
Antigua and Barbuda,2007,1.0467254,0.580021,0.7853715,0.3498178999999999,0.9236183,0.5802615
Antigua and Barbuda,2008,1.0479318,0.5827038999999999,0.7848651999999999,0.3477062999999999,0.9210085,0.5836024
Antigua and Barbuda,2009,1.0478893,0.5920719999999999,0.7908269,0.3448775,0.917858,0.7244294
Antigua and Barbuda,2010,1.3318853,0.7531799,0.9357643,0.5759582,1.0247303,0.6468387
Antigua and Barbuda,2011,1.3295291,0.7518252,0.9304755,0.5770316,1.0330986,0.6490922
Antigua and Barbuda,2012,1.3246331,0.7521664,0.9299172,0.5653036,1.0299104,0.6980354
Antigua and Barbuda,2013,1.3250051,0.7525474999999999,0.9282114,0.5635652999999999,1.0227841,0.6907511
Antigua and Barbuda,2014,0.5405831,0.0795478999999999,0.93921,0.3820965,0.5532204,0.6982468
Antigua and Barbuda,2015,0.6366369,0.4209115,0.9161633,0.2063206,0.9093919,0.5959673
Antigua and Barbuda,2016,0.6379406,0.4218993,0.7403626,0.2076412,0.9071149,0.612667
Antigua and Barbuda,2017,0.1957295,-0.2661901,0.6146229999999999,0.218442,0.6556799999999999,0.5341477
Antigua and Barbuda,2018,0.2262187,-0.2644291,0.7900001,0.484595,0.581689,0.5037134
Antigua and Barbuda,2019,0.2193663,-0.2627125999999999,0.9169085,0.5787682,0.5895104999999999,0.5090714
Antigua and Barbuda,2020,0.2199154999999999,-0.6118196,0.9164728,0.576116,0.5899858,0.5086708999999999
Antigua and Barbuda,2021,0.1814889999999999,-0.6089105,0.9147636,0.5644068,0.5666971,0.5304723
Antigua and Barbuda,2022,0.2369303999999999,-0.0927924,1.0787211,0.4644715,0.6200291,0.5083016
Antigua and Barbuda,2023,0.2686526999999999,0.4312085,1.0791994,0.6218901,0.6185054,0.5184164
Antigua and Barbuda,2024,0.2843875999999999,0.4299697999999999,1.0731489,0.6346031999999999,0.6017732,0.5117735
Argentina,1996,-0.2248408999999999,0.1994573999999999,0.0293704999999999,0.235173,0.1293667,0.4329194999999999
Argentina,1998,-0.4174837999999999,0.0657575,-0.1305793999999999,0.3453943,0.0341532,0.3265416
Argentina,2000,-0.3051156,0.0107824,-0.0569482,-0.1029398,-0.160553,0.4422783999999999
Argentina,2002,-0.56214,-0.2252558999999999,-0.6587134,-0.9549711,-0.8048742999999999,0.3330067
Argentina,2003,-0.5482237999999999,-0.1358752,-0.2505519,-0.8463938999999999,-0.7831395999999999,0.4198369999999999
Argentina,2004,-0.4054833,-0.0238339999999999,-0.3284653999999999,-0.6710565,-0.6604823,0.4802196999999999
Argentina,2005,-0.3890799,0.0133479999999999,0.0832070999999999,-0.5984456,-0.4127937,0.510876
Argentina,2006,-0.3208517999999999,0.0518902,0.0814603,-0.6421161,-0.4448966,0.5096456
Argentina,2007,-0.4042866,0.0008548999999999,0.2041085,-0.6471966,-0.4644969,0.5040718
Argentina,2008,-0.4137763,-0.0710406,0.0112562,-0.6633654,-0.6782140999999999,0.4084075
Argentina,2009,-0.3970066,-0.0584798999999999,-0.1847801,-0.7799309999999999,-0.6305261,0.3882056
Argentina,2010,-0.3672971,0.0072362999999999,-0.0975562,-0.7577834,-0.5170484,0.4439986999999999
Argentina,2011,-0.3396354,0.0717304,0.1203533,-0.7069559,-0.4685103,0.3421553
Argentina,2012,-0.5168142,0.0013935,0.0804879,-0.8410325999999999,-0.5151067,0.3112012
Argentina,2013,-0.517294,-0.0162574999999999,0.0324742,-0.835456,-0.5758327,0.2479510999999999
Argentina,2014,-0.6660539,0.1781781999999999,-0.0132091,-1.012746,-0.7299737,0.3052787
Argentina,2015,-0.6451359999999999,0.1187015,-0.0308863,-0.7973254,-0.4673204999999999,0.3678174999999999
Argentina,2016,-0.2193628,0.3427634,0.1932708,-0.2527044,-0.2365898,0.4495505999999999
Argentina,2017,-0.1781415999999999,0.2956525,0.2394066,-0.1203619,-0.1725045999999999,0.5819915
Argentina,2018,-0.0057354,0.257748,0.1204378,-0.1901334999999999,-0.2022099,0.6297742
Argentina,2019,-0.0847054,0.2629574,0.0571577,-0.4491082999999999,-0.3381255999999999,0.5979723
Argentina,2020,-0.1344697,0.148927,0.0552500999999999,-0.5471843,-0.2905496999999999,0.5903064
Argentina,2021,-0.3273298,0.1125651,0.0921998,-0.5840242999999999,-0.303899,0.5235453999999999
Argentina,2022,-0.3402325,0.1085858,0.0576437999999999,-0.5792423,-0.2913485,0.4969087
Argentina,2023,-0.3540783999999999,0.0614730999999999,-0.0207671,-0.5065132,-0.2377737999999999,0.49616
Argentina,2024,-0.3257079,0.1837479,-0.1697459999999999,-0.2350259999999999,-0.2513801,0.385552
Armenia,1996,-0.5723184,-0.2734013,-1.1966684,-0.7676027999999999,-0.2632008,-0.8306424
Armenia,1998,-0.6439547999999999,-0.6388345,-0.8907326,-0.7898368,-0.0989389,-0.5641256
Armenia,2000,-0.8246565,-0.6449406999999999,-0.8270133,-0.7264838,-0.4442086999999999,-0.5752267
Armenia,2002,-0.9400415,-0.2957267,-0.2690225,-0.0563245,-0.344753,-0.4343828999999999
Armenia,2003,-0.941413,-0.3023479,0.0578823,0.1777389,-0.342697,-0.6085254999999999
Armenia,2004,-0.6721623999999999,-0.1956256999999999,-0.2215046,0.1844338999999999,-0.2470619999999999,-0.6534901
Armenia,2005,-0.5987762999999999,-0.2233106,-0.1159405999999999,0.1206063,-0.3330156999999999,-0.5677441
Armenia,2006,-0.6287834,-0.2399649999999999,-0.1845154,0.2208144,-0.4593738,-0.5324667
Armenia,2007,-0.7056118,-0.3655469,0.1764597,0.2437483999999999,-0.3905878,-0.4510215999999999
Armenia,2008,-0.7596162999999999,-0.2999247,-0.141342,0.3914686,-0.3348917999999999,-0.6966135
Armenia,2009,-0.7353936999999999,-0.0404606,0.1499281999999999,0.4085992,-0.4332737,-0.7647286
Armenia,2010,-0.6713720999999999,-0.1432718,0.0171223,0.3844423999999999,-0.4412636,-0.7272512999999999
Armenia,2011,-0.677393,-0.0113660999999999,-0.142543,0.3710118,-0.3869668,-0.5426552
Armenia,2012,-0.6183619,0.0313392,0.0562514,0.4081354,-0.3573175999999999,-0.4296658
Armenia,2013,-0.5341199,0.0697532,-0.0281785,0.3441588,-0.3019861,-0.4439759
Armenia,2014,-0.6390245,-0.1326293999999999,-0.2358315,0.1234002999999999,-0.4145072999999999,-0.3735727
Armenia,2015,-0.6231951,-0.1424065,-0.1392643999999999,0.2129025,-0.3963242999999999,-0.3535547
Armenia,2016,-0.5806762999999999,-0.1056077,-0.3896011,0.2424884,-0.3080558,-0.3894293
Armenia,2017,-0.5641041,-0.010591,-0.3015882,0.2658499,-0.3193061,-0.3415409
Armenia,2018,-0.1642391,-0.1730615999999999,-0.0038900999999999,0.2852478,-0.2186605999999999,0.2320021
Armenia,2019,-0.0523489,-0.2531827,0.0683699,0.2583707,-0.2479878999999999,0.2006866
Armenia,2020,0.1056078999999999,-0.3375702,-0.2935835,0.2080999,-0.0751786,0.2108734
Armenia,2021,0.0558397999999999,-0.3553578,-0.5019,0.1972098,-0.1028405,0.1047104
Armenia,2022,0.0574941999999999,-0.3306901,-0.3556235,0.0783259999999999,-0.2386468,0.0567692
Armenia,2023,0.1046117999999999,-0.163441,-0.5022441,0.0964411,-0.2107914,0.0614401
Armenia,2024,0.1446809,-0.3640294,-0.7232972999999999,0.137992,-0.1423943,0.1201848
Aruba,2004,0.9662856,0.8951416999999999,0.6292149,0.7433115,0.6070244,0.4432463
Aruba,2005,1.3271197,1.2500658999999998,1.3614598,1.1126306,0.7886266,1.0540705
Aruba,2006,1.3353033,1.2471197,1.3644361,1.1088431,0.7859951,1.064766
Aruba,2007,1.3294413,1.2515751,1.3693511,1.1154374,0.7911827,1.0616691
Aruba,2008,1.3309995,1.2550503,1.3687458,1.1125128,0.7863873,1.0591373
Aruba,2009,1.0315021,1.3983691,1.3267766,1.4683748,1.4164209,1.389796
Aruba,2010,1.0319006,1.0023954,1.2560673,1.4684441,1.4158901,1.3885303999999998
Aruba,2011,1.0309026,1.0015699,1.251139,1.4689355,1.3475874,1.3908076
Aruba,2012,1.0288289,1.0017778,1.3159088,1.4635658,1.3458678,1.3889093
Aruba,2013,1.0289865,1.0020099999999998,1.3143193,1.4627698999999998,1.3420242999999998,1.3861135999999998
Aruba,2014,0.8949794,0.6967705,1.2105482,1.2441605,1.0095673,1.3891228999999998
Aruba,2015,1.1609441,0.6950388,1.209329,1.3576467,1.2928771,1.3898855
Aruba,2016,1.1622716,0.6956408,1.2062931,1.3588318,1.2931593,1.3889356
Aruba,2017,1.1613217999999998,0.6958363,1.2066651,1.2660605,1.2924687,1.3881097999999998
Aruba,2018,1.1629372,0.9066629,1.3341522,0.9845005,1.2931496,1.4179056
Aruba,2019,1.1651628,0.9077089,1.3349373999999998,0.9858983,1.2930625,1.4172559
Aruba,2020,1.165722,0.9047216,1.3345061,0.9835183,1.2938144,1.4163396
Aruba,2021,0.8692192,0.9064944,1.3328137,0.9825611,1.2183341,0.9629543
Aruba,2022,0.8688452,1.0084741,1.3357267,0.9800098,1.2205245,0.9608656
Aruba,2023,0.8675607,0.6576185999999999,1.3362003,0.9802816,1.2201246,0.9587989
Aruba,2024,0.8687982,0.6567856,1.3302095,0.9808972,1.22006,0.9576687
Australia,1996,2.150333,1.6011521,1.503766,0.9279464,1.6900906999999998,1.4197298
Australia,1998,2.1506078,1.6647151999999998,1.3318200999999998,1.2531655,1.7275883,1.4214336
Australia,2000,2.0594099,1.7893043,1.4286336,1.6287637,1.7962338,1.4399376
Australia,2002,2.0158457,1.9223958,1.0955179,1.5665051,1.7540673999999998,1.4514589
Australia,2003,2.0294771,1.9394757,0.9329389,1.7471457,1.8156705,1.4561054999999998
Australia,2004,1.7734223999999998,1.7890482,0.9065585,1.8799852,1.7278127,1.4002296
Australia,2005,1.7797873,1.8033736,0.9817812,1.8022988,1.7177321,1.5657751
Australia,2006,1.7469891,1.7583757,1.0119464,1.8169421,1.7375788,1.5672518
Australia,2007,1.8662259,1.7472507,1.0920694,1.8241496,1.7300515,1.5924950999999998
Australia,2008,1.9874065,1.7344119999999998,1.1080839999999998,1.8514548,1.7172336,1.5921014999999998
Australia,2009,1.9724107,1.65062,0.9940821,1.7676719,1.6974855999999998,1.5932554
Australia,2010,1.9936736,1.7130227999999998,1.0028093,1.6844561999999998,1.5972921,1.6357193
Australia,2011,1.9689203,1.7037266999999998,0.9549761,1.8396635,1.575215,1.6451966999999998
Australia,2012,1.9635732,1.7045530999999998,0.9876022,1.9300031,1.6348948,1.707013
Australia,2013,1.7300795999999998,1.6221252,0.9563371,1.8805423,1.6356769,1.543246
Australia,2014,1.8631086,1.7947484,1.0196126,1.7469317,1.7323446999999998,1.5339542
Australia,2015,1.8544442,1.6762148,0.8032474,1.7397648,1.7177851,1.5545445
Australia,2016,1.7943998,1.6248454,0.9540785,1.8140649,1.7288287,1.5880705
Australia,2017,1.7942938,1.6442983999999998,0.7831479,1.8256736,1.6237004,1.6211893
Australia,2018,1.7686469,1.7247815,0.8840941999999999,1.828177,1.6358922,1.5700131
Australia,2019,1.7864413,1.6666492,0.8454141,1.8466041,1.6342612,1.4944488
Australia,2020,1.6038237,1.6054566,0.8859397,1.7684278999999998,1.5521387,1.4705869
Australia,2021,1.6770561,1.7024874,0.8536507,1.7860102999999998,1.5701838,1.4353311
Australia,2022,1.7288156,1.7675146,0.9015353,1.8002733,1.471946,1.4808101
Australia,2023,1.8057703,1.7818134,0.9254365,1.8131125,1.5031839,1.5142943
Australia,2024,1.8520196,1.8090452,0.7932693,1.7223205,1.4704014,1.5123301999999998
Austria,1996,1.9301227,1.7877178,1.4189751,1.3555332,1.8410601,1.4350143
Austria,1998,1.7673546,1.7780737,1.2576344,1.3091262,1.8028917,1.3776719
Austria,2000,1.6904066999999998,1.9747909,1.0727113,1.5939437,1.8998688,1.3898762999999998
Austria,2002,1.8696067,1.9624974,1.2527913,1.7379563,1.9114511,1.4136838
Austria,2003,1.9819108,1.8622422,1.0139604,1.7125602999999998,1.8656484,1.3862769
Austria,2004,1.9296819,1.8071699,0.9547247,1.6393033,1.8118478,1.3652313
Austria,2005,1.9511557,1.881578,1.0677694,1.7536505999999998,1.819162,1.323997
Austria,2006,1.9434385,1.7737448999999998,1.0633138,1.8071966,1.9195622,1.5999476
Austria,2007,1.9654354,1.7741679,1.3179972,1.8293257,1.9455459,1.6046687
Austria,2008,1.8526056,1.729943,1.3568437,1.68265,1.9199324,1.5791589
Austria,2009,1.8047422,1.628888,1.2902477,1.5818903,1.7888906999999998,1.6092717
Austria,2010,1.6674975,1.7509901,1.2601717,1.6301795,1.7638238,1.6082815
Austria,2011,1.5778123,1.5645026,1.2207576999999998,1.5512902,1.6684956,1.5482262
Austria,2012,1.3720899,1.5204181,1.3019271,1.5292054,1.7025891,1.5522565
Austria,2013,1.4466859,1.5738778999999998,1.287147,1.4173873,1.7373052999999998,1.5862519
Austria,2014,1.4211309,1.6929112,1.3377971,1.3187394,1.7758935,1.5285745
Austria,2015,1.4914799,1.6009156999999998,1.1389655,1.2822536,1.7816313,1.5465377
Austria,2016,1.5179793,1.658232,0.8951861999999999,1.3915836,1.7942460999999998,1.5055302
Austria,2017,1.5672465999999998,1.6138342,0.9266955,1.4202869,1.7738843,1.4702463
Austria,2018,1.6348091,1.6043579,0.8440814,1.530712,1.7989463,1.4643983
Austria,2019,1.607711,1.7527564999999998,0.7878107999999999,1.5588698,1.8098146,1.4551242
Austria,2020,1.6059221,1.9079985,0.8186312,1.4737069,1.7481079,1.5300268
Austria,2021,1.3601171,1.8163061,0.7543747,1.4481822,1.7167011,1.4910037
Austria,2022,1.3678343,1.7373291,0.6005165,1.4011869,1.6419642,1.4754309
Austria,2023,1.3200882,1.5790569,0.7016405,1.4120974,1.6577235,1.4328609
Austria,2024,1.2944468999999998,1.5145106,0.4915979,1.3510615,1.6777399,1.4054571
Azerbaijan,1996,-1.4799949,-1.3618338,-1.0281324,-1.2749156,-1.2189282,-1.3465846
Azerbaijan,1998,-1.309663,-1.3532658,-0.928979,-1.1202729,-1.0059309,-1.2524356
Azerbaijan,2000,-1.3814862,-1.3849617,-0.9438213,-0.8631614,-1.0982414,-1.2121626
Azerbaijan,2002,-1.391787,-1.1844661,-0.9031405,-0.7817506999999999,-0.8493320999999999,-0.9840978
Azerbaijan,2003,-1.2648083,-1.1894435,-0.9887094,-0.6355594999999999,-0.8414222,-0.9829957
Azerbaijan,2004,-1.2455967,-1.0690396,-1.1248397,-0.6217811999999999,-0.7462241,-1.0112244
Azerbaijan,2005,-1.1575898999999998,-0.9041952,-1.1496892,-0.542242,-0.7239405999999999,-1.033867
Azerbaijan,2006,-1.1420573,-0.8634636,-0.9866253,-0.488286,-0.7611566,-0.9707928
Azerbaijan,2007,-1.1661174,-0.8094254999999999,-0.5868985999999999,-0.4496343,-0.715959,-0.9457875
Azerbaijan,2008,-1.1747872,-0.8223916,-0.2808866,-0.3763567,-0.7537191,-0.9760022
Azerbaijan,2009,-1.1418298,-0.7260011,-0.351531,-0.3326616,-0.7673536,-0.9357633
Azerbaijan,2010,-1.2337448,-0.8597442,-0.3145012,-0.4634625,-0.7874494,-1.0195147
Azerbaijan,2011,-1.1630943,-0.7958643999999999,-0.6570897,-0.4419223,-0.7606134999999999,-1.026788
Azerbaijan,2012,-1.1735441,-0.8083243,-0.6838565999999999,-0.4893907999999999,-0.7516124,-1.0260348
Azerbaijan,2013,-1.0027032,-0.6064243,-0.4837639999999999,-0.3899694999999999,-0.6655226,-1.1753685
Azerbaijan,2014,-1.1217641,-0.4254637,-0.433564,-0.2770165,-0.6478778,-1.1592198
Azerbaijan,2015,-0.9367808,-0.3537251999999999,-0.4941808,-0.2618170999999999,-0.7053728,-1.1872655
Azerbaijan,2016,-0.7523065999999999,-0.1263081,-0.5043466,-0.2166787999999999,-0.6732404,-1.2208691
Azerbaijan,2017,-0.8585937,-0.1355347999999999,-0.4556352999999999,-0.1853699999999999,-0.7127751,-1.2346391
Azerbaijan,2018,-0.9065044,-0.1558709,-0.3567438,-0.2005079,-0.6533544,-1.2691213
Azerbaijan,2019,-0.7550887,-0.0555998,-0.3373117,-0.1045151,-0.6725504,-1.4597886999999998
Azerbaijan,2020,-0.7598072,-0.0570332999999999,-0.5087721,-0.1055885,-0.6182094,-1.4537297
Azerbaijan,2021,-0.7758132999999999,-0.0569922999999999,-0.4888287,-0.0594814,-0.6085851999999999,-1.433342
Azerbaijan,2022,-0.8302212,-0.0543532,-0.5420480999999999,-0.0606320999999999,-0.5484749,-1.4304325
Azerbaijan,2023,-0.8819591999999999,0.0656316,-0.4004143,0.0432245,-0.5160585,-1.5174941
Azerbaijan,2024,-0.7750777999999999,0.1661183,-0.1404058,0.1348932,-0.4853711,-1.5042391
"Bahamas, The",1996,1.3435747999999998,1.1462335,1.0179363,0.5528088,1.2490705,1.0988862
"Bahamas, The",1998,1.3407086,1.1402724,1.0185642,0.9769276,1.2450359,1.097874
"Bahamas, The",2000,1.3323283,1.1423342,1.0532862,1.0785338,1.2423826,1.1733596
"Bahamas, The",2002,1.3263956,1.1424982,0.8248435,1.3472868,1.4499564,1.1043705
"Bahamas, The",2003,1.3243719,1.1341046,0.7456716,1.2503186,1.4485375,0.9488048
"Bahamas, The",2004,1.1621103,0.9250596,0.6906112,1.0762152,1.411728,0.9736328
"Bahamas, The",2005,1.3208004,1.129609,0.8589462999999999,1.2495403,1.5326795,1.0325466
"Bahamas, The",2006,1.3260501999999998,1.1276848,0.7762724999999999,1.1782693,1.2402307,1.0326099
"Bahamas, The",2007,1.3222897,1.1305946,0.6841231999999999,1.1818715,1.3896651,1.11501
"Bahamas, The",2008,1.3232893,1.1328642,0.7048991,1.1802739,1.316341,1.114197
"Bahamas, The",2009,1.4838778,0.9769895,0.8432738,0.7563823,0.916767,0.9658878
"Bahamas, The",2010,1.4842,0.9780496,0.9175646,0.6386137,0.8743035,0.9652284
"Bahamas, The",2011,1.483393,0.977426,0.9777309,0.5800603,0.7880709,0.9349375
"Bahamas, The",2012,1.4817162,0.9775831,0.9992333,0.5761701,0.6533055999999999,0.9363269
"Bahamas, The",2013,1.4818436,0.9777585,0.9869744,0.4393560999999999,0.6510804,0.9324918
"Bahamas, The",2014,1.3095259,0.7471618999999999,0.8227481999999999,0.3567767,0.4786557999999999,0.9374454
"Bahamas, The",2015,1.0887958,0.7458537,0.7437355999999999,0.1858546999999999,0.4869107,0.6214276
"Bahamas, The",2016,1.0895206,0.7463084999999999,0.7974456999999999,0.2183789,0.4454825,0.5087193
"Bahamas, The",2017,1.0769219,0.7464561,0.8186671999999999,0.0716726,0.3770041,0.5292198
"Bahamas, The",2018,1.1027809,0.7472668,0.7130765,0.1415783,0.3814329999999999,0.5155607
"Bahamas, The",2019,1.2125503,0.748057,0.6927555,-0.0039803999999999,0.376965,0.6241479
"Bahamas, The",2020,1.2128533,0.5873396,0.7133518999999999,-0.0114288999999999,0.3141962,0.6238986999999999
"Bahamas, The",2021,1.2282597,0.5886789,0.7434332,-0.020375,0.3484926,0.6714211999999999
"Bahamas, The",2022,1.2330854999999998,0.7093343999999999,0.8592816,-0.0671185,0.272063,0.608717
"Bahamas, The",2023,1.2199692,0.7099538,1.0539708,-0.0942177999999999,0.2764352,0.5702299
"Bahamas, The",2024,1.2320893,0.7092986,1.0493095,-0.1072578999999999,0.2509955,0.5530661
Bahrain,1996,0.1076835,0.4726211999999999,-0.2912134,0.2681370999999999,0.1249887,-1.0912054
Bahrain,1998,0.1061531999999999,0.4684191,-0.1052593,0.5256756,0.3054841,-1.3121760999999998
Bahrain,2000,0.1016791,0.4698724999999999,0.1246273,0.5704864,0.303979,-1.203379
Bahrain,2002,0.5602165,0.3820288,0.4797753999999999,0.8018609999999999,0.3650006,-0.565435
Bahrain,2003,0.3727252,0.3777992,0.3424126999999999,0.8143363,0.2408171999999999,-0.5779901
Bahrain,2004,0.2241191,0.3772643,0.1508948,0.8293334,0.4436288,-0.6369454
Bahrain,2005,0.1496685999999999,0.2695947999999999,-0.0516002,0.8246032,0.2880170999999999,-0.6965431999999999
Bahrain,2006,0.10779,0.2778683,-0.2753885,0.8170927,0.1758485,-0.649917
Bahrain,2007,0.1042366,0.3484973,-0.1802755,0.9343915,0.2429346,-0.5923242
Bahrain,2008,0.0224365999999999,0.3002283,-0.2157338999999999,0.807801,0.2337553,-0.6070481999999999
Bahrain,2009,0.078316,0.3685138,-0.2010092,0.8294237,0.1965815,-0.6220273
Bahrain,2010,0.15202,0.3995029,-0.7371495,0.8816128999999999,0.1010185,-0.8267538999999999
Bahrain,2011,0.1964302,0.4333328999999999,-1.1775267,0.9001857999999999,-0.0253953,-1.1267284
Bahrain,2012,0.1663108999999999,0.3354940999999999,-1.0354447,0.8032498,-0.1376475,-1.1677957
Bahrain,2013,0.197016,0.3589139,-1.2920542,0.8199639999999999,-0.1232848999999999,-1.2165799
Bahrain,2014,-0.0204446,0.4256973,-1.0441426,0.6266024,-0.1310885,-1.1899239
Bahrain,2015,0.0385922,0.44791,-0.9584379,0.7369814,0.0118928,-1.0813101
Bahrain,2016,-0.0877355,0.4226534999999999,-0.9098072,0.5338814,-0.0230253,-1.178604
Bahrain,2017,-0.143222,0.4227561999999999,-1.0066263,0.4961675,-0.0275196999999999,-1.1949571
Bahrain,2018,-0.140961,0.4181683,-0.8677102,0.4964201,-0.0572436999999999,-1.2823194999999998
Bahrain,2019,-0.0835445,0.4361988,-0.603362,0.5202512,0.0073826,-1.2689416
Bahrain,2020,-0.0925165999999999,0.4205912,-0.5964745,0.5553823999999999,-0.1103765999999999,-1.2699073
Bahrain,2021,0.2100969999999999,0.7183115999999999,-0.5041164,0.7964884999999999,0.0190676,-1.3163724
Bahrain,2022,0.144834,0.7297568,-0.4825495999999999,0.8697952999999999,0.0328686,-1.3170489
Bahrain,2023,0.2380411999999999,0.7325206999999999,-0.5007436,0.9096095,0.1259217,-1.3369989
Bahrain,2024,0.2540661999999999,0.6002525,-0.2758672,0.9502434,0.1679372999999999,-1.3214713
Bangladesh,1996,-0.8720895999999999,-0.81117,-0.7319877,-1.1594086,-0.9202554,-0.3178901
Bangladesh,1998,-0.8733555,-0.5448568,-0.6596660999999999,-1.1507752,-0.9232084,-0.3487191
Bangladesh,2000,-1.1399628,-0.8710785,-0.8125629999999999,-1.1903623,-1.1178221,-0.4422507
Bangladesh,2002,-1.4493199,-0.8543124,-1.2449478,-1.122179,-1.123872,-0.6603344
Bangladesh,2003,-1.4630795,-1.0668967,-1.2322975,-1.0667105,-1.1776115,-0.7159456
Bangladesh,2004,-1.5156931,-0.906057,-1.3285917,-1.1173147,-1.036981,-0.6209494
Bangladesh,2005,-1.4632376,-0.894647,-1.7911255,-0.9816339,-0.9517502,-0.5562359
Bangladesh,2006,-1.4299077999999998,-0.9439661,-1.6643404,-0.8740542,-1.01093,-0.5125054
Bangladesh,2007,-1.1475412,-0.8728241,-1.5675758,-0.8672299,-0.8842511,-0.507764
Bangladesh,2008,-0.9484057,-0.844899,-1.476262,-0.8632719,-0.8298732999999999,-0.4683266
Bangladesh,2009,-0.9111494,-0.8145983,-1.5105305999999998,-0.8053009999999999,-0.8215673,-0.3228609
Bangladesh,2010,-1.0218466,-0.8070767999999999,-1.4437712,-0.8368896,-0.8477644,-0.3150938
Bangladesh,2011,-1.0523775,-0.8372577,-1.4544464,-0.8270946,-0.6998395,-0.4084443
Bangladesh,2012,-1.1213329,-0.7988014,-1.4690337,-0.978782,-0.9887756,-0.6126210999999999
Bangladesh,2013,-1.1326018,-0.7739056999999999,-1.771799,-0.9494963,-0.9749211,-0.7048021999999999
Bangladesh,2014,-1.1845563,-0.6851605,-1.0510112,-0.8964974,-0.8518574999999999,-0.7886759999999999
Bangladesh,2015,-1.0798121,-0.6547007,-1.331635,-0.7768094999999999,-0.8569260999999999,-0.8770251
Bangladesh,2016,-1.0667924,-0.5337691,-1.3416192,-0.7592301,-0.9068902,-0.9333668
Bangladesh,2017,-1.062185,-0.573203,-1.3289506,-0.7430899,-0.924305,-0.9168972
Bangladesh,2018,-1.0964787,-0.6193938,-1.0251718,-0.7854912,-0.9096266,-0.9623517
Bangladesh,2019,-1.1006451,-0.5970582,-0.996755,-0.8895369,-0.9419472,-0.9898354
Bangladesh,2020,-1.0760577999999998,-0.7213698,-1.0151848,-0.8942304,-0.8969166,-1.0048373
Bangladesh,2021,-1.0928915,-0.5638993999999999,-1.0535518,-0.8711764999999999,-0.9749149,-1.0567803999999998
Bangladesh,2022,-1.1783486,-0.62345,-1.0954422,-0.9240476,-0.9736413,-1.0722362
Bangladesh,2023,-1.1987203,-0.5574534,-1.0359445,-0.9009111,-0.9020256,-1.1354298
Bangladesh,2024,-1.1021569,-0.6189745999999999,-1.4629508999999998,-0.9500708,-0.9600594,-1.1608036
Barbados,1996,1.45897,0.7592137,0.8856216,1.3783183,0.7767276999999999,1.2326789
Barbados,1998,1.4561944999999998,0.7500861,0.8862397,1.4006562,1.1357849,1.2317797
Barbados,2000,1.4480795,0.7532430999999999,0.8841688999999999,1.4067368999999998,1.4963631,1.2337018
Barbados,2002,1.4423347,0.7534943,0.8856588,1.2326453,1.5000349,1.22965
Barbados,2003,1.440375,0.7406421999999999,0.7682747,1.2327046,1.4984726,1.0914085
Barbados,2004,1.1585946,0.6014911,0.9561667,0.8827743,1.3795153,0.9931673
Barbados,2005,1.3508259,1.3423683,1.0758617,1.2632409,1.5123335999999998,1.0123132
Barbados,2006,1.3885303,1.4131061,0.9369694,1.0234606,1.373603,1.0344394
Barbados,2007,1.3397259,1.3271495,1.0877484,1.1426371,1.4525439,1.0542798
Barbados,2008,1.3355369,1.5294458,1.16109,1.1039726,1.4920795999999998,1.0140337
Barbados,2009,1.2533661,1.3184236,1.2798948,0.7681543,1.1713505,1.2214201
Barbados,2010,1.3402326999999998,1.2232303,1.1818697,0.6270268999999999,1.1937698,1.1997637
Barbados,2011,1.514105,1.2759677,1.173978,0.7575873,1.2130279,1.1889203
Barbados,2012,1.4452466,1.2905411999999998,1.2347483,0.6839117,1.1685047,1.1635494
Barbados,2013,1.422247,1.2093535,1.216274,0.6885382999999999,1.1305025,1.1449136
Barbados,2014,0.9707469,1.164952,1.3382083,0.364218,1.0585348,1.1254913
Barbados,2015,1.207238,1.1636099,1.1290517,0.5798223,1.0869039,0.9763248
Barbados,2016,1.1460171,0.9780647,0.839715,0.539714,1.0487063,0.963913
Barbados,2017,1.1097987,0.9782162,0.8399905,0.449052,0.9602192,0.9132342
Barbados,2018,1.1350977,0.9790479,0.8002802999999999,0.4221576999999999,0.8225751,0.9455467
Barbados,2019,1.1451261,0.7790151,0.9758945,0.3609853999999999,0.7845979,0.918711
Barbados,2020,1.1695313,0.6105647,1.0680614,0.4014609999999999,0.7048546,0.9404741
Barbados,2021,1.1946829,0.6625554,1.0845669,0.4761062,0.7010659,0.9713716
Barbados,2022,1.1926841,0.7073037999999999,1.2066625,0.4039531,0.7169373,0.9892759
Barbados,2023,1.2089543,0.6052291,1.2767666,0.429255,0.7343145,0.9846694
Barbados,2024,1.2257724,0.6045699999999999,1.2722219,0.4405032,0.7277751,0.99396
Belarus,1996,-0.5706325,-0.7897088,0.0987897,-1.1986191,-0.5074489999999999,-0.9090817
Belarus,1998,0.0214909,-0.9760298,0.217824,-1.6673644,-0.7693011,-0.8266325999999999
Belarus,2000,-0.3594217,-1.3091068,0.2638464,-1.7238989999999998,-0.968429,-1.4120228
Belarus,2002,-0.5177246,-1.4137281,0.3395865999999999,-1.5130464,-0.9271452,-1.3011817
Belarus,2003,-0.5190961,-1.4203492,0.7235292999999999,-1.4471259,-0.9294786,-1.2762788
Belarus,2004,-0.3473571,-1.2599730999999998,0.0167691,-1.2155677,-0.7540338,-1.2217341
Belarus,2005,-0.2910817,-1.2876715,0.3382598,-1.2547914,-0.9278868,-1.3441087
Belarus,2006,-0.4982309,-0.9909852,0.1789590999999999,-1.6115017,-1.161576,-1.4304426
Belarus,2007,-0.5008739999999999,-0.9883947,0.3235627,-1.5355625,-1.0819694,-1.3718958
Belarus,2008,-0.4741790999999999,-1.0478556,0.443727,-1.219009,-0.9916046,-1.245918
Belarus,2009,-0.4726156999999999,-1.0481148999999998,0.3534137,-1.1954412,-0.9577197,-1.2220676
Belarus,2010,-0.5605517,-1.0551971,-0.0852672,-1.1710193,-0.9569971,-1.2410381
Belarus,2011,-0.4594805999999999,-1.0673804,-0.0818477,-1.3322808,-0.9978533,-1.2790985
Belarus,2012,-0.3105829,-1.0741204,0.0036241999999999,-1.0299101,-0.7380981,-1.235427
Belarus,2013,-0.2788276,-1.0027888,0.0177012,-1.0356233,-0.8222853,-1.273777
Belarus,2014,-0.1522547,-0.4791856,0.1349975,-0.8946824,-0.7472243,-1.1878352
Belarus,2015,-0.2405698,-0.3341196999999999,0.1165414999999999,-1.0025727,-0.7316988999999999,-1.1959493
Belarus,2016,-0.1462308,-0.3286362,0.2027723,-0.9142651,-0.7123954,-1.1130495
Belarus,2017,-0.1120128,-0.201457,0.0265510999999999,-0.8816836,-0.7599446999999999,-1.1785308
Belarus,2018,-0.1272022,-0.229958,0.2676564999999999,-0.7883245,-0.7330641999999999,-1.1010552999999998
Belarus,2019,0.0170373999999999,-0.2387162,0.4258145,-0.5076275,-0.7942370999999999,-1.2640856
Belarus,2020,-0.1014181,-0.6167824,-0.8182984999999999,-0.6830906,-0.8602112,-1.3757237
Belarus,2021,-0.2062736,-0.6825409,-0.6163723999999999,-0.7942597,-1.0672559,-1.5554859
Belarus,2022,-0.4150131999999999,-0.5969261,-0.6168791,-1.0760793,-1.1591441,-1.6426487
Belarus,2023,-0.5343536999999999,-0.5964060999999999,-0.3926064999999999,-1.175204,-1.2155307,-1.7258631999999998
Belarus,2024,-0.5781294,-0.7015463,-0.3773003,-1.2322689999999998,-1.2305997,-1.6904177
Belgium,1996,1.5008783,1.6779564,1.2649283999999998,1.0682539,1.3991182,1.458958
Belgium,1998,1.2384711,1.6348532999999998,1.1156818,1.0779163,1.1982433,1.4063934
Belgium,2000,1.450425,1.7838968,1.1723761,1.2455501,1.3343873,1.4437586
Belgium,2002,1.5594272999999998,1.9363037,1.1338998,1.4945849999999998,1.3025956,1.5102156
Belgium,2003,1.4560896,1.7075541,0.8724133,1.5002632,1.3120054,1.5361146
Belgium,2004,1.4030257,1.6404506,0.6781942999999999,1.384593,1.2416659,1.4527162
Belgium,2005,1.4715589999999998,1.6989455,0.8170464,1.412689,1.2874816,1.532389
Belgium,2006,1.4069022,1.5280568,0.8276559,1.453742,1.2165206,1.5303257
Belgium,2007,1.3866548,1.5124984,0.8536941,1.4648803,1.3582734,1.5789576
Belgium,2008,1.404707,1.5519592,0.7115581,1.2424396,1.3161972,1.5252466999999998
Belgium,2009,1.5580741,1.7446252,0.9641541,1.1712766,1.2276833,1.5416048999999998
Belgium,2010,1.4956315,1.659156,0.9164492,1.1312828,1.2316759,1.5232196
Belgium,2011,1.5664836,1.7960063,0.9302398,1.0640569,1.2689293,1.4154858
Belgium,2012,1.4862037,1.8013661,0.9449853,1.1007296,1.313828,1.4318518
Belgium,2013,1.5003187999999998,1.8156516,0.9488863,1.1209955,1.3339446,1.4682398
Belgium,2014,1.5150458,1.5482903,0.786586,0.9346005,1.3600975,1.4666488
Belgium,2015,1.5244457,1.5255063,0.6581707,1.1764063,1.4251797,1.5225951
Belgium,2016,1.5450402,1.3520474,0.4864269,1.3239138,1.4372251,1.5164105
Belgium,2017,1.4425342,1.1503596,0.3647602,1.2707575,1.3775309999999998,1.4607612
Belgium,2018,1.4543602999999998,1.2308189,0.4247020999999999,1.2683788,1.4207604,1.4858460999999998
Belgium,2019,1.4973857,1.1205718999999998,0.3774033,1.2890183,1.4493311,1.4474148
Belgium,2020,1.5662608,1.1695968,0.3686413,1.3238216,1.4533249,1.5200949
Belgium,2021,1.5502151,1.2282716,0.4619169999999999,1.3954035,1.4052126,1.5419159999999998
Belgium,2022,1.5774306,1.3103839,0.2465263999999999,1.4079657,1.3398087,1.5409176
Belgium,2023,1.467016,1.1646047,0.1994126,1.2914096,1.2719977,1.5152567
Belgium,2024,1.4687812,1.1947394999999998,0.1214526,1.2435483,1.282799,1.4972136
Belize,1996,-0.0414835999999999,-0.2734013,0.353597,0.2960568,0.3842312,0.8526353999999999
Belize,1998,-0.0459515999999999,-0.2825287999999999,0.3542946999999999,0.3183945999999999,-0.0285472999999999,0.8512789
Belize,2000,-0.0590150999999999,-0.2793718,0.0971477999999999,0.269679,0.3759698999999999,0.9478322
Belize,2002,-0.0682631,-0.2791206,0.340663,0.2788169,0.1820110999999999,0.7815435
Belize,2003,-0.0714178,-0.2919728,0.3686072999999999,0.2788762999999999,0.2884898999999999,0.8025011999999999
Belize,2004,-0.1006888,-0.392167,0.2908113,-0.0833187,0.0697154,0.7454733
Belize,2005,-0.1470838,-0.4764967,0.0640729999999999,0.0728263,0.3259933,0.7826078999999999
Belize,2006,-0.2711009,-0.4695149999999999,0.0840894,-0.256857,0.1247341999999999,0.5309127
Belize,2007,-0.2776753,-0.5193892999999999,0.1616149999999999,-0.2546231,0.0968209,0.4951088999999999
Belize,2008,0.0149956999999999,-0.5237277,0.1436564,-0.2426153999999999,0.0320223,0.4732598999999999
Belize,2009,0.2493632999999999,-0.5186637,-0.0105185,-0.2465423,-0.1107754,0.6984648
Belize,2010,0.1822509,-0.2767141999999999,0.0218801,-0.1986764,-0.0901010999999999,0.691136
Belize,2011,-0.0679632999999999,-0.2683306,0.0910169,-0.2862027,-0.3074698999999999,0.7131289
Belize,2012,-0.0752991,-0.268194,0.0905854,-0.3279258,-0.3308744999999999,0.7135193999999999
Belize,2013,-0.0751853,-0.2680415,0.0892671,-0.3284497999999999,-0.3329908,0.7334776
Belize,2014,-0.2871963999999999,-0.4369716999999999,0.0324879999999999,-0.5535223,-0.638328,0.3191867
Belize,2015,-0.2669244,-0.3941298,0.0315234,-0.5037448,-0.6138024999999999,0.229675
Belize,2016,-0.1234777,-0.4126499999999999,0.0271499999999999,-0.4649404,-0.5830991999999999,0.2287226
Belize,2017,-0.1991297,-0.4124914,0.0274571999999999,-0.5395473,-0.5418511,0.2557341999999999
Belize,2018,-0.1082321,-0.3950567,0.0296183,-0.6630634999999999,-0.5907692,0.0799134
Belize,2019,-0.075652,-0.3772395,0.1334022,-0.5749240999999999,-0.5612969,0.0770993
Belize,2020,-0.0753264999999999,-0.3797712,0.6026689,-0.5762528,-0.5207908,0.0837771
Belize,2021,-0.0899104999999999,-0.3782687999999999,0.3568756999999999,-0.6067267,-0.5276550999999999,0.0776529
Belize,2022,-0.0459141999999999,-0.1413048999999999,0.7353533,-0.617476,-0.4371369,0.1097776999999999
Belize,2023,-0.1159864999999999,-0.0642292,0.78967,-0.4930126999999999,-0.4007135,0.1210883
Belize,2024,-0.1604129,-0.129095,0.7847219,-0.450078,-0.39715,0.1039607999999999
Benin,1996,-0.7690646,-0.7897088,0.7918822999999999,-0.2724722,0.0875553,0.1522383
Benin,1998,-0.8270430999999999,-0.7988362999999999,0.6227043,-0.2501344,0.0782823,0.1924762
Benin,2000,-0.835158,-0.7956793,0.6165497999999999,-0.2440535999999999,-0.2843817999999999,0.1876677
Benin,2002,-0.8409028,-0.6357049,0.6190757,-0.555995,-0.3909663,-0.047625
Benin,2003,-0.8428625,-0.6449496,0.5773695,-0.5559617,-0.471632,0.0774113
Benin,2004,-0.5094063,-0.4463045,0.1768395999999999,-0.6079913,-0.3862887,0.1725577999999999
Benin,2005,-0.7047019,-0.6133987,0.4644931,-0.4866853,-0.403999,0.1422207
Benin,2006,-0.4278956,-0.6931451,0.6060890999999999,-0.4800831,-0.2922983,0.4204185
Benin,2007,-0.3382158,-0.6041193,0.4554712999999999,-0.4667465999999999,-0.2593314,0.3699314999999999
Benin,2008,-0.3572345,-0.5327602,0.477051,-0.5357423,-0.3488245,0.2686634
Benin,2009,-0.4479445999999999,-0.4612493,0.4200295,-0.4130317,-0.4072445999999999,0.3364321
Benin,2010,-0.4991988,-0.4821387,0.3130091,-0.4195411,-0.3935015,0.2966194
Benin,2011,-0.4955475,-0.4467531999999999,0.3444705999999999,-0.4622483,-0.4510183,0.0746324
Benin,2012,-0.677392,-0.5014158,0.3524209,-0.5416802,-0.4275103999999999,0.0527831999999999
Benin,2013,-0.5738601999999999,-0.5198363,0.3313874,-0.5705637,-0.4894608,0.0518878
Benin,2014,-0.6075837,-0.4471043999999999,0.1371161,-0.5574079,-0.4784921,0.0640877
Benin,2015,-0.5072447,-0.5410404,0.117506,-0.5384249999999999,-0.4157073,0.1082877999999999
Benin,2016,-0.4335683999999999,-0.4948066,0.2420032,-0.4684046,-0.3859257,0.2156686
Benin,2017,-0.402134,-0.46663,0.3155886,-0.457321,-0.3899186,0.2055497
Benin,2018,-0.2921421999999999,-0.362429,0.1649970999999999,-0.4519245999999999,-0.4319457,0.2256012999999999
Benin,2019,-0.2398967,-0.3133743,-0.1979767999999999,-0.4897407,-0.3953437999999999,-0.0206192
Benin,2020,-0.0352655,-0.1887935,-0.2831926999999999,-0.4363595999999999,-0.3934576999999999,-0.0674593
Benin,2021,-0.1642663,-0.2018892,-0.4106645,-0.3792796,-0.3852134,-0.3316053
Benin,2022,-0.1108108,-0.2149134999999999,-0.4373008,-0.2859729,-0.468466,-0.4376469999999999
Benin,2023,-0.1047671,-0.2163679999999999,-0.3096247,-0.2359682,-0.3909173999999999,-0.3371743
Benin,2024,-0.2407154,-0.1854211,-0.4030099,-0.2772623999999999,-0.4124793,-0.3804752999999999
Bermuda,1996,1.3626213,0.7592137,0.7065855,1.4172329,1.062318,1.0262091
Bermuda,1998,1.3581531999999998,0.7500861,0.7074891,1.4481214,1.0505702,1.0230566
Bermuda,2000,1.3450898,0.7532430999999999,0.7054045,1.4565298,1.0428445,0.8022168
Bermuda,2002,1.3358417,0.7534943,0.7075823,1.4691657,1.0525544,1.040955
Bermuda,2003,1.332687,0.7406421999999999,0.702405,1.4692477,1.048423,1.0437157
Bermuda,2004,1.0797485,0.6448107,0.6303306,1.1594961,0.7513352999999999,0.7490601
Bermuda,2005,1.3271197,0.7337585,0.7721070999999999,1.4678229,0.7886266,1.0540705
Bermuda,2006,1.3353033,0.7308121999999999,0.7750832999999999,1.4640353,0.7859951,1.064766
Bermuda,2007,1.3294413,0.7352677,0.7799984,1.4706297,0.7911827,1.0616691
Bermuda,2008,1.3309995,0.7387427999999999,0.779393,1.4677051,0.7863873,1.0591373
Bermuda,2009,1.3309446,0.7508771999999999,0.7865209999999999,1.4637871,0.7805983999999999,1.0596387
Bermuda,2010,1.3318853,0.7531799,0.959812,1.4639385,1.0340099,1.056728
Bermuda,2011,1.3295291,0.7518252,0.9534886,1.4650118,1.0485488,1.0619652
Bermuda,2012,1.3246331,0.7521664,0.9528211,1.4532839,1.0430097,1.0575993
Bermuda,2013,1.3250051,0.7525474999999999,0.9507816,1.4515456,1.0306287,1.0511693
Bermuda,2014,1.1646295,1.4563681,0.8176369,0.6188909,-0.0402989,1.0580907
Bermuda,2015,1.1685187,1.4535264,0.8160725,0.6299601,0.8723133,1.0598446
Bermuda,2016,1.1716528,1.4545142,0.8121773,0.8693432999999999,0.8732221,1.0576599
Bermuda,2017,1.1694105,1.454835,0.8126545,0.8720819,0.8709977999999999,1.0557605
Bermuda,2018,1.1732244,1.456596,0.9762284,0.8732078999999999,0.8731909999999999,
Bermuda,2019,1.1784788,1.4583123999999998,0.977236,0.8762608,0.8729102999999999,
Bermuda,2020,1.1797991,1.4534103,0.9766825,0.8710627999999999,0.6485582,
Bermuda,2021,1.1772281,1.4563194,0.974511,0.868972,0.6399760999999999,
Bermuda,2022,1.1763452,1.214283,0.9782486,0.8633997999999999,0.8013243,
Bermuda,2023,1.1733125,1.4768692,0.9788563,0.6271987,0.8002751,
Bermuda,2024,1.1762344,1.4756304999999998,0.9711697,0.6285431,0.8001056,
Bhutan,1996,0.7626075,0.2429062,0.4494235,-0.1811311,-0.2320111,-0.902348
Bhutan,1998,0.7464043,0.2337786,0.3223526,-0.1502426,-0.2028665999999999,-0.8920747
Bhutan,2000,0.4415811,0.2369357,0.4028657,-0.1418341,-0.1881204,-0.8502949999999999
Bhutan,2002,0.4776113999999999,0.2371867999999999,0.5323159,-0.1291983,-0.1606519,-0.9377048
Bhutan,2003,1.0675763,0.2243347,0.7701515999999999,0.2260756,-0.1614631,-0.9126844
Bhutan,2004,0.7450914,0.2677191,0.8706687,-0.6532395,0.0762533,-0.8495032
Bhutan,2005,0.9887151,0.3537186,1.2026354,-0.1572539,0.2231549,-0.5247472
Bhutan,2006,0.8146492,0.1891631,1.021296,-0.486986,0.0181825,-0.6184341999999999
Bhutan,2007,0.8441926999999999,0.2046584,0.4577683999999999,-0.4721196,0.1928519,-0.4488027
Bhutan,2008,0.8707560999999999,0.2599671,0.6582714,-0.5571404999999999,0.3622905999999999,-0.1895219
Bhutan,2009,0.7718472,0.4132293999999999,0.8300522,-0.841758,0.1869069,-0.1562125999999999
Bhutan,2010,0.7720446,0.4330688,0.7505364,-0.8672293999999999,0.1661013999999999,-0.1491192999999999
Bhutan,2011,0.7141101,0.4711814,0.7467368999999999,-0.8648393,0.2019467999999999,-0.1626838
Bhutan,2012,0.8135637,0.5172017,0.7756826,-0.8397388,0.1873332999999999,0.0959276999999999
Bhutan,2013,0.785208,0.6398364999999999,0.7771733,-0.8405889,0.2565264,0.1957274
Bhutan,2014,1.0904024,0.4198133,1.1573285,-0.7275480999999999,0.3487073,0.2050488999999999
Bhutan,2015,1.0788548,0.3649184,0.9981818,-0.4015772999999999,0.5171591999999999,0.2205871999999999
Bhutan,2016,1.169102,0.4406509999999999,1.1113941,-0.3443259999999999,0.5150738,0.2162485999999999
Bhutan,2017,1.4511885999999998,0.4832628,1.1177867,-0.1285626,0.6206244,0.2185623
Bhutan,2018,1.4519305999999998,0.5384772999999999,1.1151798,-0.0472384,0.6674477,0.4090063
Bhutan,2019,1.4640293,0.4846393,1.1641112999999998,-0.0695533,0.6618685999999999,0.4302342999999999
Bhutan,2020,1.3421241,0.4837443999999999,1.1154419,-0.0309429,0.6470186,0.337151
Bhutan,2021,1.3198694,0.5963822,0.9391838,-0.0451337,0.6782878,0.3423094
Bhutan,2022,1.357056,0.5347986,1.3224382,-0.1093577999999999,0.6837835,0.2660367
Bhutan,2023,1.3563935,0.5353028,1.3322654,-0.109245,0.7200012,0.3084163
Bhutan,2024,1.4722389,0.5808357,1.3541153,-0.0912943,0.7902665,0.4010655999999999
Bolivia,1996,-0.5750128999999999,-0.296272,-0.2283619999999999,0.0406637,-0.304672,0.0639740999999999
Bolivia,1998,-0.3936453,-0.0324037,-0.1789419,0.2300837,-0.2522387,0.2254082999999999
Bolivia,2000,-0.4524023,-0.4884996,-0.3559096,0.1111419,-0.4587099,0.2098423999999999
Bolivia,2002,-0.8366591999999999,-0.4897682,-0.345507,-0.1589549999999999,-0.3831379,0.0252085999999999
Bolivia,2003,-0.8453814,-0.5017882,-0.8846276999999999,-0.1149383,-0.3682174,-0.0799714
Bolivia,2004,-0.6249148,-0.5545755,-0.6014065,-0.1589524,-0.555608,-0.0983289
Bolivia,2005,-0.7617554,-0.4652254999999999,-0.8794390999999999,-0.3222565,-0.6036732,0.0909855
Bolivia,2006,-0.4523902999999999,-0.4843923,-0.6220956999999999,-0.6627217,-0.8814385,0.1494004
Bolivia,2007,-0.4800087999999999,-0.4495041999999999,-0.6320494999999999,-0.7718798,-0.8731148,0.0758027999999999
Bolivia,2008,-0.5457949,-0.4878087,-0.5339009,-0.8081727999999999,-1.0045966,0.0220860999999999
Bolivia,2009,-0.5487867,-0.3618236999999999,-0.2490392,-0.8805278,-1.1687051,0.0738735
Bolivia,2010,-0.4112377,-0.3055989,-0.2159855,-0.8393752,-1.0805326,0.0367525
Bolivia,2011,-0.5781748,-0.2672438,-0.2956719,-0.7999826999999999,-1.0144825,-0.0848776
Bolivia,2012,-0.698911,-0.2476484,-0.3812183999999999,-0.8690743,-1.0969326,-0.1628476999999999
Bolivia,2013,-0.5857827,-0.1627207,-0.256508,-0.8566482999999999,-1.1936901,-0.1734942
Bolivia,2014,-0.6409494,-0.3868723,-0.2978539,-0.8423377,-1.139505,-0.0995359
Bolivia,2015,-0.754699,-0.4320931,-0.1753278999999999,-0.8213682,-1.2376147,-0.1594334
Bolivia,2016,-0.7783732,-0.3327317999999999,-0.2594315,-0.8393587,-1.2512006,-0.1911694
Bolivia,2017,-0.8143488,-0.313079,-0.2207409,-0.8292552999999999,-1.2565518,-0.2279865999999999
Bolivia,2018,-0.8237458,-0.364265,-0.1913596,-0.8485465,-1.2847988,-0.3225177999999999
Bolivia,2019,-0.8232153,-0.4578656,-0.7539613,-0.9755809,-1.2449049,-0.4802862
Bolivia,2020,-0.8045643,-0.4718419,-0.3855901,-1.0510123,-1.2021414,-0.3793012
Bolivia,2021,-0.9489015,-0.4784584,-0.2859636,-1.117001,-1.1101906,-0.3237121
Bolivia,2022,-0.9824356,-0.4335715,-0.1706088999999999,-1.1373514999999998,-1.1775683,-0.3957318999999999
Bolivia,2023,-0.9556498,-0.4093864,-0.2898238999999999,-1.1594687,-1.2028195,-0.4295062
Bolivia,2024,-0.9975827,-0.6104172,-0.5460357,-1.2544304,-1.267722,-0.4397641
Bosnia and Herzegovina,1996,-0.5231485,-1.3618338,-0.7557254999999999,-1.3275195,-0.3076488,-0.1938932
Bosnia and Herzegovina,1998,-0.4897943999999999,-1.3673959999999998,-0.7579416,-1.183833,-0.6541091,-0.1014378
Bosnia and Herzegovina,2000,-0.6041293,-1.4050976,-0.7574485999999999,-0.8999830999999999,-0.6188623,-0.1429437999999999
Bosnia and Herzegovina,2002,-0.3714306,-1.3473427999999998,-0.3370286999999999,-0.7255292999999999,-0.4927902999999999,-0.0885147999999999
Bosnia and Herzegovina,2003,-0.3678075999999999,-1.3536094,-0.4836943999999999,-0.4894291999999999,-0.6034027,0.0582433
Bosnia and Herzegovina,2004,-0.4386067999999999,-0.7838016,-0.2817497,-0.3930802,-0.4637787,0.1911554999999999
Bosnia and Herzegovina,2005,-0.4170295,-0.7211271,-0.5961126,-0.3843051999999999,-0.5020603,0.2921538999999999
Bosnia and Herzegovina,2006,-0.3444413,-0.6810722,-0.3864629,-0.3026899999999999,-0.4335691,0.2329202
Bosnia and Herzegovina,2007,-0.4313474,-0.7722494,-0.4799679,-0.2740336,-0.4150683,0.1929178
Bosnia and Herzegovina,2008,-0.4488607,-0.6884490999999999,-0.4343012,-0.2079677999999999,-0.465867,0.0995933
Bosnia and Herzegovina,2009,-0.4251292,-0.6804741999999999,-0.5894529,-0.2086029999999999,-0.3864522999999999,0.0543793
Bosnia and Herzegovina,2010,-0.463675,-0.7085986999999999,-0.6337606,-0.2413666,-0.3711756,-0.061222
Bosnia and Herzegovina,2011,-0.5013970999999999,-0.7322155,-0.6699284,-0.2715825,-0.4173075,-0.1833150999999999
Bosnia and Herzegovina,2012,-0.405939,-0.5915425,-0.5906167999999999,-0.2052199999999999,-0.1318904,-0.1421039999999999
Bosnia and Herzegovina,2013,-0.3230858,-0.5381602,-0.4534621,-0.2013766,-0.1250350999999999,-0.1978231
Bosnia and Herzegovina,2014,-0.3542824,-0.2379291999999999,-0.0605189,-0.1859247,-0.0894811,-0.1598354
Bosnia and Herzegovina,2015,-0.4923931,-0.4626996,-0.2551002,-0.2509226,-0.2307844,-0.2121297999999999
Bosnia and Herzegovina,2016,-0.4684033999999999,-0.4139216,-0.3709896,-0.2439076,-0.2094745999999999,-0.2569385999999999
Bosnia and Herzegovina,2017,-0.5769795,-0.4707049,-0.3110983,-0.1684447,-0.3294168,-0.3830179999999999
Bosnia and Herzegovina,2018,-0.6404386,-0.6666,-0.2895156,-0.3157976,-0.3210995,-0.4378719
Bosnia and Herzegovina,2019,-0.6387532,-0.7937191,-0.3091938999999999,-0.3767077,-0.3905029,-0.4515923
Bosnia and Herzegovina,2020,-0.6246594999999999,-0.7051218,-0.2690285,-0.3741576,-0.3025925,-0.4512199
Bosnia and Herzegovina,2021,-0.6690056,-0.8403621,-0.3107015999999999,-0.3797619,-0.3074514,-0.4759813
Bosnia and Herzegovina,2022,-0.6800611999999999,-0.7459726,-0.2480563999999999,-0.3795221,-0.2897409999999999,-0.4739062
Bosnia and Herzegovina,2023,-0.5984163,-0.6453703,-0.1999229,-0.3476707,-0.3548804,-0.4437167999999999
Bosnia and Herzegovina,2024,-0.5128682,-0.6353163,-0.5010614,-0.3498488999999999,-0.319134,-0.3952516
Botswana,1996,0.9915488,0.2349301,1.1466125,0.4320019,0.5926621,0.6145082
Botswana,1998,0.990283,0.2307281,1.1680872,0.8544022,0.5904946999999999,0.5045923
Botswana,2000,0.9811381,0.2321814999999999,1.1550115,0.8571913,0.5903786999999999,0.4757638999999999
Botswana,2002,0.7836907,0.444301,0.8510502,0.9057581,0.6399536,0.5609991
Botswana,2003,1.2396807,0.6238241,1.1094733,0.8864772999999999,0.7788139,0.8098384
Botswana,2004,0.9443983,0.5092061,0.9068069,0.7209508,0.6737985999999999,0.7013758
Botswana,2005,1.170669,0.5932223,1.1343572,0.8046831,0.751192,0.6905469
Botswana,2006,0.9295641,0.3623225,1.2166136,0.6285938,0.6847205,0.6357818
Botswana,2007,0.9258834,0.5667941,1.2840151,0.6526476,0.7359892,0.5999034
Botswana,2008,1.0295129,0.5227345,1.2464399,0.7587681,0.776301,0.5873398
Botswana,2009,0.9356014,0.5628411,1.2494369,0.7844958999999999,0.7161835999999999,0.5813266
Botswana,2010,1.0119522,0.5312259,1.2771925,0.8006087,0.7341616999999999,0.5542748
Botswana,2011,1.0051672,0.5431636,1.2314867,0.7899782,0.7466632,0.5018226
Botswana,2012,1.0357782,0.5525088,1.2248637,0.8758155,0.7034965,0.5393273
Botswana,2013,0.9806396,0.5476863,1.187303,0.7803101,0.5939995,0.4264996
Botswana,2014,0.8215661999999999,0.5180867,1.1504976999999998,0.7233533999999999,0.5753425999999999,0.3462974
Botswana,2015,0.7957375,0.5694336999999999,1.1318799,0.6069256,0.4252987,0.2702248
Botswana,2016,0.8579361,0.5361602999999999,0.9837653,0.6279766999999999,0.3914359,0.2224214
Botswana,2017,0.7790808,0.4156168999999999,1.0166207,0.5386963,0.4037408999999999,0.2119983
Botswana,2018,0.851239,0.3467775999999999,0.9948159,0.5568633,0.4031783,0.2110871
Botswana,2019,0.8223153999999999,0.4033394999999999,1.1539103,0.4296886,0.4519148,0.2359357
Botswana,2020,0.7218389,0.3103769999999999,1.0835182,0.3891702999999999,0.33481,0.2262538999999999
Botswana,2021,0.7018975,0.4025631,1.0572186,0.459995,0.3719932999999999,0.1662642
Botswana,2022,0.6506622,0.4593722999999999,1.0798421,0.4849039,0.3434668999999999,0.1383421
Botswana,2023,0.6066870999999999,0.5409963,1.0127245,0.446548,0.3322692,0.1593032
Botswana,2024,0.6311414,0.4168892999999999,1.0322942,0.4019336,0.3120842,0.295265
Brazil,1996,0.1194143999999999,0.0175672999999999,-0.0325198,-0.1070223,-0.3408545,0.2728291
Brazil,1998,0.1677642,-0.1804286,-0.1033815999999999,0.0692395,-0.3697997999999999,0.2710228
Brazil,2000,0.1106033,-0.161961,0.3964531,0.0857225,-0.3664949999999999,0.2885598
Brazil,2002,0.0977714,-0.0536477,0.3357229,0.0920433,-0.3005311,0.4840152
Brazil,2003,0.0538006,-0.1177711999999999,0.1101752,0.1883429999999999,-0.3873300999999999,0.489488
Brazil,2004,-0.1041692999999999,-0.2171343999999999,-0.2198219,0.0364364,-0.2921475,0.4728433999999999
Brazil,2005,-0.2471615999999999,-0.3449277,-0.1740759,0.0948275,-0.3517713,0.5823979
Brazil,2006,-0.2132725999999999,-0.378799,-0.2563589,0.0008242,-0.3073782,0.6050008
Brazil,2007,-0.2877377,-0.3870143,-0.2225111,-0.0432525999999999,-0.3124145,0.5861991999999999
Brazil,2008,-0.0919325,-0.1188332,-0.1738442999999999,0.1558475,-0.2472762999999999,0.6354814
Brazil,2009,-0.0402027,-0.0252664999999999,0.1161688999999999,0.1497205999999999,-0.2053216,0.5739753
Brazil,2010,-0.0150966,-0.0076855,-0.1493446,0.1900321999999999,-0.0413875,0.6301766999999999
Brazil,2011,0.2097513,-0.0357455,-0.1721799,0.1885087,-0.0747892,0.5275116
Brazil,2012,-0.0113872,-0.0055523,-0.0995934,0.1894102,-0.0446889,0.5532977
Brazil,2013,-0.0608636,0.1384625,-0.3656427,0.1300154,-0.1345329999999999,0.4259615
Brazil,2014,-0.2351787,-0.0203333,-0.2414052,-0.0364999,-0.1419913,0.4250488
Brazil,2015,-0.3512683,-0.1018264,-0.4959054,-0.0963301999999999,-0.2252046999999999,0.461258
Brazil,2016,-0.3668176999999999,-0.1005394999999999,-0.5263958,-0.0962291,-0.1485678,0.4599637
Brazil,2017,-0.4693688,-0.1049895,-0.6021337999999999,-0.1063413999999999,-0.2808179,0.4292352
Brazil,2018,-0.407628,-0.2064205999999999,-0.6451903999999999,-0.2442919999999999,-0.4015041,0.2933228
Brazil,2019,-0.372764,0.0428329,-0.7221162999999999,-0.099421,-0.3861785,0.2046798
Brazil,2020,-0.3372315999999999,-0.0873994999999999,-0.4274215999999999,-0.1518853,-0.3921718999999999,0.166765
Brazil,2021,-0.404589,-0.0686133999999999,-0.3922756,-0.1510718,-0.4091435,0.0763533
Brazil,2022,-0.4562788,-0.2352194,-0.4157968999999999,-0.1989311,-0.4398335,0.0304374
Brazil,2023,-0.4515060999999999,-0.2666224,-0.5215740999999999,-0.2359869,-0.4830125999999999,0.2490433
Brazil,2024,-0.4088904,-0.2240029999999999,-0.5205702,-0.2945386,-0.446218,0.3164771
Brunei Darussalam,1996,0.7430806999999999,0.6637232,1.4318661,1.2229837,1.0524394,-0.9373843
Brunei Darussalam,1998,0.3793188999999999,0.4658817999999999,1.317516,0.5577641,0.7804884,-0.946946
Brunei Darussalam,2000,0.3709386,0.4679435999999999,1.3522379999999998,0.7352101,0.7763369,-0.9017593
Brunei Darussalam,2002,0.1845582999999999,0.4681075999999999,1.0153957999999998,1.2956322,0.7815546,-0.8024418999999999
Brunei Darussalam,2003,0.1825345,0.4597139999999999,1.0479687,1.1730273,0.7793346,-0.8619091
Brunei Darussalam,2004,0.2083064999999999,0.4073454999999999,1.0993465,0.7918227,0.6210766,-0.8784506999999999
Brunei Darussalam,2005,0.1789630999999999,0.4552183999999999,1.1115893,1.1720431999999998,0.1616575999999999,-0.7641212
Brunei Darussalam,2006,0.1842128999999999,0.6451745,1.1147081,1.1694272,0.1605095,-0.790858
Brunei Darussalam,2007,0.1804523999999999,0.6480843,1.1198586,1.1739818,0.3784568,-0.8301993
Brunei Darussalam,2008,0.2792377,0.6779864,1.1203026,0.949121,0.4440116,-0.7953142999999999
Brunei Darussalam,2009,0.9266343,0.7798183999999999,1.3123741,1.0232638,0.6593956999999999,-0.5939329999999999
Brunei Darussalam,2010,0.9284875,0.7436708999999999,1.2633781,1.0035146,0.6410918,-0.578133
Brunei Darussalam,2011,0.945319,0.7425023,0.9587232,1.0180884,0.6708763999999999,-0.5124769
Brunei Darussalam,2012,0.9671207,0.7478848,0.901649,0.9898506,0.6338541999999999,-0.4945562
Brunei Darussalam,2013,0.9963226,0.8076506,0.9634698,1.0783592,0.4689993999999999,-0.486417
Brunei Darussalam,2014,1.2036828,1.1383825,1.2566861,1.0142248,0.4540224,-0.4797516
Brunei Darussalam,2015,1.2048251,1.1373096,1.2031979,0.9482167,0.3745892999999999,-0.5638299999999999
Brunei Darussalam,2016,1.0855420999999998,0.9756594,1.0333017,0.7803650999999999,0.2656862,-0.6163268
Brunei Darussalam,2017,1.2166994,1.0134455,1.0788022,0.8630799,0.2936458999999999,-0.7580815
Brunei Darussalam,2018,1.2159731,1.0202584,1.1449838,0.8702445999999999,0.3405091,-0.7828674999999999
Brunei Darussalam,2019,1.1831673,1.0771038,1.0980607,0.8013123,0.2885456999999999,-0.7735434999999999
Brunei Darussalam,2020,1.183555,1.0752528,1.1645233,0.8099841999999999,0.5634205999999999,-0.7752730999999999
Brunei Darussalam,2021,1.1827999,1.0763513,1.1632013,0.86713,0.5616354,-0.817422
Brunei Darussalam,2022,1.1825406,0.9849534,1.175984,0.8654815,0.6385843999999999,-0.8095135999999999
Brunei Darussalam,2023,1.1816499,0.9854734,1.3348873,0.8078928,0.638307,-0.7935612
Brunei Darussalam,2024,1.1861774,0.8351987999999999,1.2027245,0.8869612,0.5876078,-0.7999315
Bulgaria,1996,-0.1917520999999999,-0.6031664999999999,-0.1108175,-0.5183842,-0.1951306,0.2553917
Bulgaria,1998,0.0438167,-0.3071658,0.5169467,0.1029515,-0.1508416,0.3358715
Bulgaria,2000,-0.1491298999999999,-0.3193332,0.4296798,0.1382475,-0.0907549,0.3310167
Bulgaria,2002,-0.0007995999999999,-0.0419982,0.40517,0.3857171,-0.0149214999999999,0.4131843
Bulgaria,2003,-0.0561659,-0.0474568,0.1952399,0.5244916,-0.2016277,0.4379845
Bulgaria,2004,0.1341795,-0.0150204,0.0520693999999999,0.5420783,-0.0941294999999999,0.4686663
Bulgaria,2005,0.0235430999999999,-0.0613292999999999,0.3053882,0.6353859,-0.1160971,0.5952839
Bulgaria,2006,0.1068728999999999,-0.1664398,0.3206462,0.5521691,-0.069945,0.6851174999999999
Bulgaria,2007,-0.061456,-0.1576116,0.3575005,0.5972288,-0.033193,0.7008671
Bulgaria,2008,-0.1116766,-0.2498712,0.4069274,0.6293099999999999,-0.1469503999999999,0.6183183
Bulgaria,2009,-0.2486441999999999,-0.0587278,0.3832437999999999,0.5008737,-0.1393653,0.5935034
Bulgaria,2010,-0.3206264,-0.2958077,0.3736482,0.4826726999999999,-0.2998251,0.5234556
Bulgaria,2011,-0.3558138999999999,-0.2805497999999999,0.3085566999999999,0.3293894,-0.3367214,0.325433
Bulgaria,2012,-0.3572623,-0.202198,0.3911291,0.3314825999999999,-0.2175182,0.3526623
Bulgaria,2013,-0.3480638,-0.1532468,0.1704694,0.2963471,-0.231316,0.2012594999999999
Bulgaria,2014,-0.3904198,-0.1542943,0.2420709999999999,0.3082609,-0.2149399,0.2195941
Bulgaria,2015,-0.4387083,-0.1097244999999999,0.1823905999999999,0.4178283,-0.2080985,0.2421524
Bulgaria,2016,-0.3444028,-0.0689038999999999,0.2073038999999999,0.5564144,-0.1981219,0.2331893
Bulgaria,2017,-0.3083772999999999,-0.0494362,0.4061393,0.5379574,-0.2333326,0.1264568999999999
Bulgaria,2018,-0.1893944,-0.0244659,0.592909,0.4816345999999999,-0.1406672,0.0730547
Bulgaria,2019,-0.1252922,0.0359426,0.5788167,0.4580562999999999,-0.1405825,0.1389293
Bulgaria,2020,-0.2584156999999999,-0.0577385999999999,0.4210468,0.3077122,-0.1505346,0.193102
Bulgaria,2021,-0.2260611,-0.0148069999999999,0.4063981,0.3229288999999999,-0.0377457,0.1902884
Bulgaria,2022,-0.1369351,-0.0737381,0.3269732999999999,0.2475956,-0.0998029,0.1982151999999999
Bulgaria,2023,-0.1501295,0.1061570999999999,0.3144686,0.351784,-0.0265936,0.2596074
Bulgaria,2024,-0.2400179999999999,0.0428203,0.0399268,0.2880341999999999,-0.0333423,0.2133864
Burkina Faso,1996,0.2221588,-0.9700687,-0.1410872,-0.6527381999999999,-0.5683809,-0.6519248999999999
Burkina Faso,1998,-0.039316,-0.9760298,-0.0511852999999999,-0.3643679999999999,-0.5720531999999999,-0.6455299
Burkina Faso,2000,-0.0198671999999999,-0.973968,0.0927698,-0.2601063,-0.6626527999999999,-0.4310342
Burkina Faso,2002,-0.0241316,-1.0826304,-0.2134057,-0.1921245,-0.8023621999999999,-0.4549922999999999
Burkina Faso,2003,-0.0366614,-1.0893194,0.0624281999999999,-0.279226,-0.7357604,-0.4770238
Burkina Faso,2004,-0.2919893,-0.7835675,-0.1499539,-0.6321985999999999,-0.5249337,-0.4119260999999999
Burkina Faso,2005,-0.3014107,-0.7423131,0.0426849,-0.6457592999999999,-0.5173694,-0.3559619
Burkina Faso,2006,-0.3297588999999999,-0.8342122,0.1098282,-0.5092890999999999,-0.4016298,-0.3016687999999999
Burkina Faso,2007,-0.3632132999999999,-0.7284371,0.3576735,-0.4141766,-0.3620362,-0.2817891999999999
Burkina Faso,2008,-0.3391636,-0.5880797999999999,0.1570962,-0.2003633,-0.3501666,-0.2617629999999999
Burkina Faso,2009,-0.3887860999999999,-0.550792,-0.0035975,-0.1701373,-0.2493720999999999,-0.2654879
Burkina Faso,2010,-0.3817261999999999,-0.518394,-0.3146407,-0.1581469999999999,-0.2252124999999999,-0.2390266999999999
Burkina Faso,2011,-0.3476653999999999,-0.5279818,-0.6837156,-0.1929470999999999,-0.4159968,-0.2511289
Burkina Faso,2012,-0.375203,-0.6191411,-0.6478491,-0.2465215999999999,-0.3619490999999999,-0.3031282999999999
Burkina Faso,2013,-0.4520066,-0.6252000999999999,-0.7949543,-0.2644979,-0.511934,-0.333495
Burkina Faso,2014,-0.4450109,-0.5627279,-0.6998293999999999,-0.3527308999999999,-0.5499377,-0.3914693999999999
Burkina Faso,2015,-0.3288238,-0.6531110999999999,-0.6795154,-0.4192478,-0.5251363,-0.2094657999999999
Burkina Faso,2016,-0.2212838,-0.5249351999999999,-0.9073878,-0.425305,-0.4865241999999999,-0.1019967
Burkina Faso,2017,-0.1525315,-0.5109374999999999,-0.8556655999999999,-0.4159011999999999,-0.4398187,-0.0466125
Burkina Faso,2018,-0.1575363,-0.4822963999999999,-0.96189,-0.4237638999999999,-0.406209,-0.0592664
Burkina Faso,2019,-0.2008751,-0.627609,-1.1957065999999998,-0.4675262,-0.4085225999999999,-0.1034561
Burkina Faso,2020,-0.2018274,-0.6308904,-1.4159765,-0.4990944,-0.4189160999999999,-0.2152963
Burkina Faso,2021,-0.2024751,-0.7464478999999999,-1.5801637,-0.4590282,-0.4010845999999999,-0.1726929999999999
Burkina Faso,2022,-0.2342071,-0.8714084999999999,-1.8210207,-0.4976739999999999,-0.6266501,-0.5932440999999999
Burkina Faso,2023,-0.2479719,-0.864281,-2.0423169,-0.4822862,-0.7145087,-0.6955842999999999
Burkina Faso,2024,-0.2525569,-0.8748674,-1.9063314,-0.5255615,-0.8838585999999999,-0.9644776
Burundi,1996,-0.8688327,-1.8223237,-2.5119284,-1.7948295,-1.2478356,-1.1879285
Burundi,1998,-0.8716083,-1.8314512,-2.6389993,-1.7724917,-1.2415435,-1.1144292999999998
Burundi,2000,-0.9095626,-1.8282942,-2.5068037999999997,-1.3811115,-1.244465,-1.2022764
Burundi,2002,-0.7006576,-1.9445053,-2.4576716,-1.4231073,-1.2884531,-0.9073603
Burundi,2003,-0.7026173,-1.95375,-2.4009377,-1.4326812999999998,-1.5551255,-0.7916686
Burundi,2004,-0.958209,-1.5282262,-2.411696,-1.2194663,-1.2613502,-0.8508783
Burundi,2005,-1.0594009,-1.3694248,-1.4998572,-1.1965385,-1.157865,-0.6034823
Burundi,2006,-1.0671328,-1.3396498,-1.2706416,-1.1055913,-1.0092849,-0.6608421
Burundi,2007,-1.1378989,-1.3584566,-1.1429842,-1.0994268,-1.0568974,-0.6752039999999999
Burundi,2008,-1.1482657,-1.2512833,-1.4451741,-1.0984439,-1.073482,-0.708043
Burundi,2009,-1.1815653,-1.0910389,-1.0572468,-1.0455569999999998,-1.2100316,-0.663872
Burundi,2010,-1.2408811,-1.2006202,-1.6874837,-1.0249273,-1.2592986,-0.9742471
Burundi,2011,-1.2549651,-1.1611384,-1.8431842,-0.9745078,-1.2594938,-0.9743506
Burundi,2012,-1.3979996,-1.1869228,-1.9079102,-0.9255712,-1.1556781,-1.0645581
Burundi,2013,-1.3468046,-0.8972943,-1.6757154,-0.975191,-1.1696059,-1.1037371
Burundi,2014,-1.2665737,-0.8758081,-1.061743,-0.8596113999999999,-1.1036389,-1.0633176
Burundi,2015,-1.2586575,-0.9257032,-2.0364508999999997,-0.8774099999999999,-1.3206989,-1.2657593
Burundi,2016,-1.2905502,-1.0721309,-2.106715,-0.8927645,-1.4032903,-1.4549059
Burundi,2017,-1.3126405,-0.9217583,-2.0904201,-0.8542464,-1.3274144,-1.4779632
Burundi,2018,-1.4646424999999998,-1.0293582,-1.6236794,-0.9758328,-1.3842373,-1.5664182999999998
Burundi,2019,-1.4706435,-0.9766193,-1.6692962999999998,-0.9261778,-1.3300858,-1.6236321
Burundi,2020,-1.3529714,-1.0934389,-1.4952681,-1.0171598,-1.3212119999999998,-1.4624906
Burundi,2021,-1.390618,-1.1242343,-1.3783559,-1.0000412,-1.3122824,-1.4381526999999998
Burundi,2022,-1.3235206,-1.1809945,-1.2808952999999998,-0.9203619,-1.3217137,-1.3992831
Burundi,2023,-1.2920545,-1.108269,-1.2840156,-0.882728,-1.3078558999999998,-1.3170799
Burundi,2024,-1.4624885,-1.0060869,-1.3763566,-0.8138576,-1.3028277,-1.4920981
Cabo Verde,1996,0.8518842,,1.1015198,-0.5076558999999999,1.0866875,0.8488498999999999
Cabo Verde,1998,0.8461358999999999,,1.102961,-0.4561125,0.8111488,0.8425185
Cabo Verde,2000,0.9189392,,1.2012572,-0.0192876999999999,0.8077814999999999,0.7524135
Cabo Verde,2002,0.2984645999999999,-0.3020433999999999,0.8035321999999999,-0.2349156999999999,0.3926199999999999,0.5327913
Cabo Verde,2003,0.2967351,-0.3144310999999999,0.9080428,-0.2348563,0.3911002,0.5155295
Cabo Verde,2004,0.2245774999999999,-0.3541323999999999,0.8746419999999999,-0.4541275999999999,0.2364353,0.6130066
Cabo Verde,2005,0.5718588,-0.2222417,0.859853,-0.3681731,0.6051481,0.8096272
Cabo Verde,2006,0.7083824,0.1384059,0.9522799,-0.3004314999999999,0.7694095999999999,0.8898438
Cabo Verde,2007,0.7952378,0.2908064999999999,0.9138623,-0.1996339999999999,0.7692416,0.9542277
Cabo Verde,2008,0.8879288999999999,0.1812377,0.8489607,-0.1384274,0.7338142999999999,0.9688992
Cabo Verde,2009,0.88572,0.1808894999999999,1.0097317,-0.0620019,0.6853671,0.9290999
Cabo Verde,2010,0.8461885,0.107822,1.0110449,-0.1195222,0.5682754,0.8673590999999999
Cabo Verde,2011,0.9223281,0.1311091,1.0171202,-0.0077972,0.5883838,0.9363257
Cabo Verde,2012,0.8821601,0.1117572,0.8408258,-0.0338918999999999,0.6063501,0.8977301999999999
Cabo Verde,2013,0.8253651,0.0741599999999999,0.8049926,-0.1824181,0.596241,0.8296579
Cabo Verde,2014,0.8877993,0.1923467999999999,0.6455105999999999,-0.1956659,0.6666181999999999,0.7736702999999999
Cabo Verde,2015,0.8889539999999999,0.3232931,0.8435225,-0.213468,0.6784724999999999,0.7695004
Cabo Verde,2016,0.8563504,0.2898293999999999,0.827822,-0.1817907,0.6852921,0.7230402
Cabo Verde,2017,0.8080691999999999,0.3194131,0.7203252,-0.1391468,0.701514,0.7340745
Cabo Verde,2018,0.8724586,0.345416,0.8387813,-0.2070296999999999,0.7400744,0.8471925
Cabo Verde,2019,0.8894291999999999,0.383949,0.8393375,-0.054116,0.7683293999999999,0.8082604
Cabo Verde,2020,0.8002642999999999,0.3949940999999999,0.839032,0.0022026999999999,0.6687900999999999,0.7194834999999999
Cabo Verde,2021,0.8975963,0.2774591,0.8339009,0.0657809,0.4863826,0.7321187
Cabo Verde,2022,0.856269,0.3600121,0.8359641,0.0965552,0.4774863,0.7456206
Cabo Verde,2023,0.8619302999999999,0.361672,0.8691911,0.0966797,0.4224839999999999,0.7369363
Cabo Verde,2024,0.9407675,0.4151952,0.7695825,0.0451434,0.424201,0.7910794999999999
Cambodia,1996,-0.9042563,-1.0472033,-1.3124206,-0.3476790999999999,-1.2491542,-1.1596215
Cambodia,1998,-0.9057603,-1.0527655,-1.3628292,-0.3356456,-1.2536106,-1.228846
Cambodia,2000,-0.9101576,-1.0508417,-1.0009785,-0.3323699,-1.2001402,-1.1783773
Cambodia,2002,-0.9132706,-1.1388613,-0.9341163,-0.2523816,-1.2761676,-1.0599539
Cambodia,2003,-0.9440919,-1.1451886,-0.9692824,-0.2523591,-1.29082,-0.9768335
Cambodia,2004,-1.0053897,-1.0660651,-0.7441669,-0.4080071999999999,-1.2330613,-0.9237124
Cambodia,2005,-1.166689,-1.2866826,-0.6598807999999999,-0.5046565,-1.3171246,-0.9591426
Cambodia,2006,-1.1364746,-1.1887831,-0.5438366,-0.5256455999999999,-1.3170465,-0.8682572
Cambodia,2007,-1.0513221,-0.9474048,-0.5980652,-0.4484834,-1.2296536,-0.8769558
Cambodia,2008,-1.1588469,-1.0035669,-0.460177,-0.4508525,-1.2423688,-0.9185408
Cambodia,2009,-1.1931259,-0.8036430999999999,-0.5824764,-0.4303625,-1.2243761,-0.9479399
Cambodia,2010,-1.19379,-0.814118,-0.3874276,-0.4119897999999999,-1.233226,-0.9953629
Cambodia,2011,-1.3007746,-0.7478372999999999,-0.3236001,-0.6605772999999999,-1.1516075,-1.0464565
Cambodia,2012,-1.1374421,-0.7009489,-0.3771587999999999,-0.5165398999999999,-1.0805729,-1.022324
Cambodia,2013,-1.1373777,-0.8143031,-0.3707293,-0.4911396999999999,-1.1547168,-1.0291663
Cambodia,2014,-1.2606479,-0.5981221,-0.2628078,-0.6121749,-1.1952691,-1.0752484
Cambodia,2015,-1.2799007999999998,-0.5898441,-0.1585169,-0.6326758,-1.2627563,-1.2074577
Cambodia,2016,-1.3323199,-0.572328,-0.0778582999999999,-0.5672758999999999,-1.2323005,-1.2192126
Cambodia,2017,-1.3304853,-0.4673244,-0.1538527999999999,-0.6039964999999999,-1.1879588,-1.2106905
Cambodia,2018,-1.4286146,-0.4851255,-0.1054427,-0.5908086,-1.2191229,-1.5176701
Cambodia,2019,-1.3389044,-0.5152334,-0.1935314,-0.6492291,-1.1306816,-1.4922674
Cambodia,2020,-1.1175106,-0.5904535,-0.2401873,-0.696444,-1.1462953,-1.3831133
Cambodia,2021,-1.0917539,-0.643403,-0.1486895,-0.6885401,-1.1477048,-1.4431473
Cambodia,2022,-1.1129555,-0.4625515,-0.0739156,-0.6946692,-1.1151898,-1.5049448
Cambodia,2023,-1.1216382,-0.4160661,0.1346422,-0.6762372999999999,-1.099508,-1.5290134
Cambodia,2024,-1.2328592,-0.2935012999999999,0.1284232,-0.6313721,-1.0562612,-1.6706563
Cameroon,1996,-1.1922875,-0.8080335,-1.0798005,-1.4580139,-1.37748,-1.444529
Cameroon,1998,-1.1553371,-1.053063,-0.7679168,-0.8993762999999999,-1.1637989,-1.5300117
Cameroon,2000,-1.1590382,-1.0516097,-0.5362139,-0.8125437999999999,-1.2720614,-1.5185251
Cameroon,2002,-1.3592621,-1.2050191,-0.8576954,-1.1092138,-1.2992569,-1.3431666
Cameroon,2003,-1.0642977,-1.2859289,-0.6465010999999999,-1.1127486,-1.229768,-1.2786546
Cameroon,2004,-1.1561621,-1.048838,-0.5565186,-0.8070934999999999,-0.9888373,-1.089285
Cameroon,2005,-1.2320786,-1.0799827,-0.3681294,-0.7980533999999999,-1.2073948,-1.0611092
Cameroon,2006,-0.8518878999999999,-1.0844884,-0.2662983,-0.79836,-1.1748767,-0.9501019
Cameroon,2007,-0.8274568,-0.9545798,-0.3436526,-0.7119493,-1.0838637,-0.92765
Cameroon,2008,-0.7677497,-0.894691,-0.5919129,-0.7086798999999999,-1.0250358,-0.9440496
Cameroon,2009,-0.7867759,-0.8292826,-0.4490608,-0.7374784999999999,-1.0514621,-0.9970658
Cameroon,2010,-0.9239071,-0.8190524,-0.6655279,-0.7502651,-1.0110913,-1.0311765
Cameroon,2011,-1.0477201,-0.8421702999999999,-0.7430462999999999,-0.8149314999999999,-1.0550838,-1.0194629
Cameroon,2012,-1.2340704,-0.8326177,-0.7987418,-0.9033095,-1.1055169,-1.0898972
Cameroon,2013,-1.1694764,-0.7950543999999999,-0.8313341999999999,-0.9187625,-1.1695624999999998,-1.0759872
Cameroon,2014,-1.1800614,-0.5751345999999999,-0.9216987,-0.8083541,-1.0563501,-0.9633286
Cameroon,2015,-1.0952851,-0.6267228,-1.0831153,-0.7586864,-1.0900712,-0.9796946
Cameroon,2016,-1.1306679,-0.6124980999999999,-1.1424059,-0.7135794,-1.0885148999999998,-1.0603877
Cameroon,2017,-1.1579943,-0.6251,-1.1934513,-0.7908965,-1.1183069,-1.1012762
Cameroon,2018,-1.1162626,-0.6780214,-1.4691248,-0.7746014999999999,-1.1423927,-1.2208867
Cameroon,2019,-1.1336941,-0.7379684,-1.6172731,-0.7732119,-1.1892427,-1.2525607
Cameroon,2020,-1.057706,-0.8271415,-1.6215792,-0.7462458,-1.2272568,-1.2003042
Cameroon,2021,-1.115647,-0.7877107999999999,-1.5786829999999998,-0.8167198999999999,-1.2194535,-1.2449272999999998
Cameroon,2022,-1.1102965,-0.7843452,-1.6950827,-0.7549412999999999,-1.2120562,-1.243908
Cameroon,2023,-1.1264261,-0.7787016999999999,-1.6104201,-0.7393913999999999,-1.2400721,-1.2426857
Cameroon,2024,-1.2242854,-0.8007886999999999,-1.556804,-0.7286714999999999,-1.2537215,-1.2417667
Canada,1996,2.1795226,1.7771104,1.2923304,1.1846908,1.7544174,1.6107296999999998
Canada,1998,2.1829869,1.8073898,1.1657222,1.4848652999999998,1.7449391,1.6030653
Canada,2000,2.0626992,1.9204677,1.2454208,1.6251002,1.795216,1.6195961
Canada,2002,1.8937597,1.9763346,1.1691336,1.7568887,1.7764337,1.6296891
Canada,2003,1.9616148,1.9080933,1.08017,1.6789119,1.7053055,1.6264147999999998
Canada,2004,1.7241736,1.8705174,0.7763304999999999,1.6899655,1.6925466999999998,1.5737451
Canada,2005,1.9162476,1.861353,0.9387293,1.7709616,1.6650238,1.5072614
Canada,2006,1.9761934,1.7978845,0.9917855,1.7177452,1.8025964,1.5633388
Canada,2007,1.9344584,1.820534,1.0422531,1.6474877,1.7329158,1.5813123
Canada,2008,1.9424897,1.8470855,1.0954521,1.6723661,1.6967660999999998,1.5424223
Canada,2009,1.9677562,1.7892317,1.3795674999999998,1.6450966,1.6338411,1.4946237999999998
Canada,2010,1.941867,1.8008050999999998,1.0176806,1.6328448,1.6001704,1.4115941
Canada,2011,1.8892441,1.8561632,1.0765359,1.5988620999999998,1.5766277,1.4253065
Canada,2012,1.8407404,1.9358475,1.0932951,1.7284567,1.6013849,1.4470402
Canada,2013,1.8292063,1.8530136,1.0153332,1.7532264,1.5897423,1.463503
Canada,2014,1.8178559,1.9138517,1.1626132999999998,1.6824306999999998,1.6432198999999998,1.4204968999999998
Canada,2015,1.8679741,1.8766375,1.1827978,1.6588804,1.7204594,1.5823155999999998
Canada,2016,1.9407326,1.8665128,1.1623092,1.7705122999999998,1.7286564,1.5977173999999998
Canada,2017,1.8841224,1.9509261,1.0192144,1.8439556,1.7126572999999998,1.6335494
Canada,2018,1.8073526,1.8344901,0.9371514,1.642282,1.7028344,1.6209737
Canada,2019,1.7955073,1.8495246,0.9041813,1.6826483,1.682264,1.5957418
Canada,2020,1.6422133,1.6877631,0.9455077,1.5928787999999998,1.5585901,1.5974088
Canada,2021,1.6156132,1.6828189999999998,0.7604154,1.6316738,1.5493331,1.4726848
Canada,2022,1.651994,1.8072447,0.5074459,1.6322148,1.5052580999999998,1.4766713
Canada,2023,1.6263584,1.7452668999999998,0.6267803,1.572456,1.4361681,1.5113422
Canada,2024,1.6319089,1.7591249,0.5984769,1.3622118,1.4608299,1.5036041999999998
Cayman Islands,1996,1.3626213,1.7918286,0.7065855,1.2396368,1.3174393,1.4714379
Cayman Islands,1998,1.3581531999999998,1.782701,0.7074891,1.2705253,1.3056915,1.4682855
Cayman Islands,2000,1.3450898,1.7858581,0.7054045,1.4565298,1.2979657999999998,1.4700601
Cayman Islands,2002,1.3358417,1.7861091999999998,0.7075823,1.6467614,1.3076757,1.4861839
Cayman Islands,2003,1.332687,1.2569496,0.702405,1.4692477,1.048423,0.8211012999999999
Cayman Islands,2004,1.0419275,0.8951416999999999,1.0685696,1.1451449,0.7925669999999999,0.5511804
Cayman Islands,2005,1.3271197,1.2500658999999998,1.1812157,1.4678229,0.7886266,0.8314560999999999
Cayman Islands,2006,1.3353033,1.2471197,1.184192,1.4640353,1.0411164,0.8421516
Cayman Islands,2007,1.3294413,1.2515751,1.1891071,1.4706297,1.046304,0.8390546999999999
Cayman Islands,2008,0.8629646,1.2550503,1.1885017,1.2901089,1.0415086,0.8365229
Cayman Islands,2009,1.0315021,1.0009922,1.3168772,1.2676128,0.8338918999999999,0.7088253
Cayman Islands,2010,1.0319006,1.0023954,1.246168,1.2676821,0.8333611,0.7075597
Cayman Islands,2011,1.2291407,1.0015699,1.2412396,1.2681736,0.8378745,0.7098367999999999
Cayman Islands,2012,1.227067,1.0017778,1.2407194,1.2628039,0.836155,0.7079386
Cayman Islands,2013,1.2272246,1.0020099999999998,1.2391298,1.262008,0.8323113999999999,0.7051428
Cayman Islands,2014,0.8949794,1.1162778,1.2758384,0.9620849,0.4998544,0.7081522
Cayman Islands,2015,0.8966267,1.1145462,1.2746191,0.967153,0.7831642,0.7089148
Cayman Islands,2016,0.6025402999999999,1.1151481,0.9743726,0.9683381,0.7834464,0.7079649
Cayman Islands,2017,0.6015906,1.1153436,0.974877,0.969592,0.7827559,0.707139
Cayman Islands,2018,0.6032059,1.1164167,0.978425,1.0785257,0.7834367,0.5238535
Cayman Islands,2019,0.6054315,1.1174627,1.275357,1.0799235,0.7833496,0.5232038
Cayman Islands,2020,0.6059907,0.9047216,1.2749256,1.0775435,0.7841015,0.5222875
Cayman Islands,2021,0.6049017,1.1162482,1.4633939,1.0765863,0.8542533999999999,0.9629543
Cayman Islands,2022,0.6045278,1.1842956999999998,1.4663069,1.074035,0.8305979,0.9608656
Cayman Islands,2023,0.6032432999999999,1.1850832,1.4667806,1.0743068,0.8301978999999999,0.9587989
Cayman Islands,2024,0.6044807999999999,1.1842501,1.4607897,1.0749224,0.8301333999999999,0.9576687
Central African Republic,1996,-1.2343655999999998,-1.3060162,-1.8630763,-1.4243032,-1.2167888999999998,-1.0138840999999998
Central African Republic,1998,-1.2371411,-1.3151438,-1.8641344,-1.3934147,-1.2241608,-0.9622846
Central African Republic,2000,-1.2601757,-1.3119868,-1.7988239,-1.3850063,-1.2263368,-0.9317667
Central African Republic,2002,-0.9751802,-1.7274889999999998,-1.9592333,-1.4143077,-0.9179072,-1.1128204
Central African Republic,2003,-1.1427486,-1.7367336999999998,-1.7807906,-1.5586561,-1.4675735,-1.4419471
Central African Republic,2004,-1.3134547,-1.6558153,-1.5073251,-1.1684303,-1.3221006,-1.0997424
Central African Republic,2005,-1.2806541,-1.7555964,-1.4370565,-1.3252678,-1.4008998,-1.089414
Central African Republic,2006,-1.1206776,-1.67014,-1.7256437999999998,-1.3418318,-1.4945807,-1.0171558
Central African Republic,2007,-1.0493179,-1.6327306,-1.7222041,-1.2969965,-1.4794971,-0.9799673
Central African Republic,2008,-1.1470045,-1.6332668,-1.7034314,-1.2974471,-1.447707,-0.9345123
Central African Republic,2009,-1.0963308,-1.5246398,-1.3308075,-1.1709528,-1.350346,-1.0130057
Central African Republic,2010,-0.9798396,-1.4094240999999998,-1.7167201,-1.1011777,-1.3182623,-1.1109098
Central African Republic,2011,-0.9803047,-1.4041863,-1.5684755,-1.1159256,-1.3336277,-1.0581363
Central African Republic,2012,-0.9511,-1.4247717,-1.8710274,-1.1406329,-1.4283661,-1.0844806
Central African Republic,2013,-1.1350883,-1.5187178,-2.1491589,-1.4160967,-1.8659188,-1.3458993
Central African Republic,2014,-1.2510310999999998,-1.6249509,-2.4862537,-1.5184462,-1.8093264,-1.183112
Central African Republic,2015,-1.3662253,-1.6179466999999998,-1.8904664,-1.5173593,-1.7074828,-1.1507213
Central African Republic,2016,-1.3081853,-1.5617326,-1.698431,-1.4327731,-1.6889029,-1.08091
Central African Republic,2017,-1.1807818,-1.5629537999999998,-1.8265104,-1.4177784,-1.6052805,-1.0753709
Central African Republic,2018,-1.22089,-1.5339025,-1.8936363,-1.3677627,-1.553388,-0.991608
Central African Republic,2019,-1.2014247999999998,-1.5816743,-1.8528537,-1.3673824,-1.5839953,-1.0322464
Central African Republic,2020,-1.2524048,-1.6123187,-2.3306101,-1.365152,-1.5623816,-1.2261003
Central African Republic,2021,-1.316273,-1.5775561,-2.1689304,-1.3937882,-1.5476834,-1.2527095
Central African Republic,2022,-1.3173981,-1.5903191,-1.9022515,-1.3694826999999998,-1.6673355,-1.2634566
Central African Republic,2023,-1.3816342,-1.5707645,-1.8741718,-1.3283436,-1.7248503,-1.3209367
Central African Republic,2024,-1.3099708,-1.57655,-1.8329469,-1.268058,-1.7147975,-1.311266
Chad,1996,-1.2927463,-0.7897088,-1.3245123,-1.2810969,-1.0856135,-1.2688876999999998
Chad,1998,-1.2955219,-0.7988362999999999,-1.4936904,-1.2587591,-1.090056,-1.2527431
Chad,2000,-1.3036368,-0.7956793,-1.4881329,-1.2526783,-1.0929775,-1.2392991
Chad,2002,-1.3093816,-1.2017311,-1.7385005999999998,-1.0419419,-1.1607173,-1.1207038
Chad,2003,-1.4853792,-1.6085619999999998,-1.4914337,-1.1759627,-1.4535722,-1.2311396
Chad,2004,-1.3069672,-1.2722611,-1.5041461,-0.99722,-1.1953347,-1.1891184
Chad,2005,-1.4441465,-1.3765091,-1.4912872,-1.2715808,-1.5151886,-1.2666674
Chad,2006,-1.2943601,-1.4484387,-1.7693476,-1.2042054,-1.555775,-1.3860775
Chad,2007,-1.3736274,-1.4351661,-1.7217825999999998,-1.2038333,-1.5230352,-1.4175753
Chad,2008,-1.5391258,-1.4822531,-1.8243844,-1.2303822,-1.5673711,-1.3823234
Chad,2009,-1.4957,-1.3361595,-1.0699072,-1.1806962,-1.5384267,-1.3620962
Chad,2010,-1.3954646,-1.2969073,-1.0897466999999998,-1.2069765,-1.5453464,-1.3228554
Chad,2011,-1.3655434,-1.2335999,-1.1533318,-1.2004469,-1.5398843999999998,-1.2662324
Chad,2012,-1.376467,-1.3185711999999998,-1.1726684,-1.2158533,-1.5565184,-1.2414207
Chad,2013,-1.4313551,-1.2533334,-1.1891301,-1.2243702,-1.5512159,-1.2594363
Chad,2014,-1.4777283,-1.2514726,-1.3290695,-1.1659712,-1.3726839,-1.1722919
Chad,2015,-1.5175651,-1.232359,-1.1227573,-1.150013,-1.3612518,-1.1956684
Chad,2016,-1.5029281,-1.1872693,-1.3417072,-1.14236,-1.4004476,-1.268907
Chad,2017,-1.4572612,-1.10043,-1.3677159,-1.0916494,-1.3185396,-1.2692214
Chad,2018,-1.4604180999999998,-1.178056,-1.3603311,-1.124001,-1.3574545999999998,-1.3206115
Chad,2019,-1.4780052,-1.26227,-1.4521212,-1.151166,-1.3211830999999998,-1.3019227
Chad,2020,-1.4821997999999998,-1.2291822,-1.4524146,-1.1473695,-1.3334326,-1.3268961
Chad,2021,-1.4920803,-1.2404592,-1.689273,-1.0888251,-1.3430721,-1.4563133
Chad,2022,-1.4663578,-1.1754288,-1.6491593,-1.0433507,-1.3819125,-1.4100369
Chad,2023,-1.4887819999999998,-1.2154601,-1.6839155,-1.083941,-1.454847,-1.378485
Chad,2024,-1.3909131,-1.1005006,-1.7789322,-1.0878516,-1.4446512,-1.5187583
Chile,1996,1.5906957,1.002894,0.6700495,1.2894181,1.1908862999999998,0.960643
Chile,1998,1.3713894,0.8947771999999999,0.2125076,1.2496037,1.1108542,0.7839996
Chile,2000,1.5375504,0.9391959,0.5944803,1.4074448,1.3164479,1.0475315
Chile,2002,1.5532108,1.1052274,0.9746238,1.4956102,1.3264631,1.1727888
Chile,2003,1.175906,1.1599142,0.7887046999999999,1.5852046,1.2934139,1.1271467
Chile,2004,1.2679675,1.1459329,0.635196,1.4889358,1.2850333,1.1582869
Chile,2005,1.5020745,1.3054961,0.9212744,1.6182059,1.3290335,1.3084365
Chile,2006,1.4713301,1.2768856,0.8696697,1.5971585,1.2897733,1.3059517
Chile,2007,1.3963517,1.2860486,0.7570082,1.5927258,1.2923772999999998,1.3140093
Chile,2008,1.3947927,1.1968363,0.7488142999999999,1.5972845,1.2487989,1.244017
Chile,2009,1.4205225,1.2743821,0.8581561,1.5580218,1.2523741,1.2749544
Chile,2010,1.5074067,1.155394,0.9018874,1.4678973,1.2297551,1.259344
Chile,2011,1.5441989,1.2408511,0.5996883,1.4886587999999998,1.1056868,1.1506042
Chile,2012,1.4796889,1.2838887,0.592861,1.5473793,1.1356496,1.1457118
Chile,2013,1.4311564,1.2255779,0.574319,1.5014762,1.0732241,1.1428919
Chile,2014,1.3860663,1.1023819,0.7184817,1.3238527999999998,1.057621,1.1535631
Chile,2015,1.1438485,1.0506453,0.6780588,1.2230295,1.0033345,1.126836
Chile,2016,1.1036472,0.9734877,0.5937207,1.2761322,0.9892533,1.1140561
Chile,2017,1.1123641,0.9620758,0.5894191,1.2402076,0.9674315,1.1097074
Chile,2018,1.1121229,1.0356277,0.6742085,1.1753875,0.9580736,1.117223
Chile,2019,1.1570367,1.0469727,0.1657238999999999,1.0772532,0.9142445,1.0810035999999998
Chile,2020,1.2156268,0.8727629,0.1362587999999999,0.8902664,0.7392409,1.0554867
Chile,2021,1.1463006,0.8697585,0.146317,0.8736894,0.7564837,0.9953359
Chile,2022,1.1452970999999998,0.8753580999999999,-0.004406,0.8278002999999999,0.7437613,1.0098662
Chile,2023,1.0318341,0.9969509,0.0876667,0.8474902999999999,0.6647803,1.0282277
Chile,2024,1.1057968,0.964461,0.1213566,0.7807061,0.6910552999999999,0.994188
China,1996,-0.3307815,-0.3128288999999999,-0.1153939,-0.3310381,-0.5345321,-1.5975164
China,1998,-0.4335183999999999,-0.4381683999999999,-0.3548565999999999,-0.3920847999999999,-0.4966817999999999,-1.6117797
China,2000,-0.5104071,-0.4964127,-0.2665282,-0.2763203999999999,-0.6100298,-1.5932923
China,2002,-0.5858007,-0.5173673999999999,-0.4590725,-0.6181034,-0.6505266,-1.6349929
China,2003,-0.5215173,-0.5050608999999999,-0.5750816,-0.5718516,-0.7507446,-1.5929088999999998
China,2004,-0.6390924,-0.3548072,-0.4494343999999999,-0.3199809,-0.7216823,-1.5572199
China,2005,-0.667396,-0.4690918,-0.5590294,-0.2755885999999999,-0.8350576,-1.4771405
China,2006,-0.6865856,-0.3960377,-0.5305461,-0.1592207,-0.8515222,-1.4501031
China,2007,-0.614178,-0.2451268999999999,-0.5003284,-0.1438419,-0.72761,-1.4652921
China,2008,-0.5068522999999999,-0.1403096,-0.5532334999999999,-0.0727936,-0.6949801999999999,-1.4917954
China,2009,-0.5795465,-0.1483199999999999,-0.3106434999999999,-0.1393260999999999,-0.7010099,-1.4838711999999998
China,2010,-0.5891592,-0.1269778,-0.6176124,-0.1275767,-0.7004332,-1.4951521
China,2011,-0.4401164999999999,-0.104167,-0.6326472,-0.0991737999999999,-0.5970818,-1.3691389
China,2012,-0.5068203,-0.1320097999999999,-0.6177714,-0.2489079,-0.6914988999999999,-1.455172
China,2013,-0.4580204,-0.1410284,-0.5627312,-0.2625719999999999,-0.7950212999999999,-1.4723262
China,2014,-0.3014404,0.4896285999999999,-0.5238560999999999,-0.1691285,-0.6904443,-1.3647981
China,2015,-0.1750814,0.5336101,-0.5462433,-0.1789518,-0.6620808,-1.3924056
China,2016,-0.092968,0.5431889999999999,-0.5014417999999999,-0.1479137999999999,-0.6211726,-1.3897969
China,2017,-0.0492492,0.5787616999999999,-0.203288,-0.0708427,-0.5354403,-1.3804523
China,2018,-0.0701512,0.5311035,-0.2370035999999999,-0.0905581,-0.5204445,-1.4520217
China,2019,-0.0496157999999999,0.6706546999999999,-0.1385886999999999,-0.0619233999999999,-0.5515574,-1.5025339
China,2020,0.0531166999999999,0.5674971999999999,-0.3026612999999999,-0.0666201,-0.5093696,-1.5422682
China,2021,0.0556852,0.6669455999999999,-0.259168,-0.0246937,-0.5386195,-1.6136948999999998
China,2022,0.0432332,0.5292387,-0.2490581999999999,-0.0908271,-0.5638643999999999,-1.6167147
China,2023,0.1138225,0.7776287,-0.1744514999999999,-0.0818839,-0.5522606999999999,-1.6467018999999998
China,2024,0.0886811,0.8957841999999999,-0.1533363999999999,-0.0712903,-0.5793197999999999,-1.6531931
Colombia,1996,-0.5147524,-0.0528413,-2.0040205,-0.3002389,-0.8696204,-0.6150076999999999
Colombia,1998,-0.5918542,-0.4557812,-2.1730509,-0.3396647,-0.797549,-0.5647694
Colombia,2000,-0.6209161999999999,-0.4859849,-2.1081402,-0.2420244,-1.051231,-0.5922271
Colombia,2002,-0.2334001,-0.7687469,-2.3753425,-0.0425074,-0.8070425999999999,-0.4840006
Colombia,2003,-0.1782410999999999,-0.4180993,-2.3338791999999997,-0.0177115999999999,-0.7606776,-0.4809283
Colombia,2004,-0.0738815999999999,-0.2488421999999999,-1.987788,-0.0323592,-0.5322335,-0.2483938
Colombia,2005,-0.1001814999999999,-0.3124671,-1.9999771,0.0559857999999999,-0.5597229,-0.2388351
Colombia,2006,-0.2025515,-0.2040904999999999,-1.833559,0.0977446,-0.5528143999999999,-0.1726639999999999
Colombia,2007,-0.2642695,-0.1895281,-1.616164,0.1335010999999999,-0.4394776999999999,-0.1246963
Colombia,2008,-0.2301046,-0.1818918,-1.6443009,0.2356723,-0.4087231,-0.1170257
Colombia,2009,-0.2895662,-0.2490387,-1.5641906,0.0558238999999999,-0.4629502,-0.1398022
Colombia,2010,-0.3761084999999999,-0.1486694,-1.3306958,0.056311,-0.3609874999999999,-0.1461791
Colombia,2011,-0.2066749,-0.0530657,-1.1659142,0.2180915,-0.3902442,-0.0089158
Colombia,2012,-0.4099866,-0.1049843999999999,-1.3314327,0.221908,-0.4476642999999999,-0.0525201
Colombia,2013,-0.4412340999999999,-0.0488964999999999,-1.2990938,0.2360812,-0.4836865999999999,-0.112052
Colombia,2014,-0.3713217,-0.2072724,-0.9953313,0.2562706999999999,-0.4114652,-0.0568228999999999
Colombia,2015,-0.3173369,-0.134012,-0.9555119,0.3094831999999999,-0.3995338,0.0168067
Colombia,2016,-0.3694889,-0.1150665999999999,-0.8735480999999999,0.2729461999999999,-0.3488186,0.0341417
Colombia,2017,-0.410863,-0.1489232,-0.7799484999999999,0.1683573,-0.3653829,0.020767
Colombia,2018,-0.3185939,-0.1139280999999999,-0.6655618999999999,0.1088539999999999,-0.4220108999999999,0.0817099999999999
Colombia,2019,-0.272275,-0.0738128,-0.9052968,0.2323351,-0.4527570999999999,0.0805217999999999
Colombia,2020,-0.2564638999999999,-0.082969,-0.6819314,0.1608389999999999,-0.4824955999999999,0.0627933
Colombia,2021,-0.2697452999999999,-0.0318011,-1.0147831,0.2365791,-0.506983,-0.0098546
Colombia,2022,-0.2564002999999999,0.0015825,-0.809182,0.1864212999999999,-0.5296476,0.0288542
Colombia,2023,-0.3090048999999999,-0.0421246,-0.7993485,0.1365735,-0.5648803,0.0303931
Colombia,2024,-0.2937197,-0.1110990999999999,-0.9708732,0.0133922,-0.5597434,0.034564
Comoros,1996,-0.9078179,-1.8223237,-0.0505752,-1.6018993,-1.0622657,-0.5818247999999999
Comoros,1998,-0.980716,-1.8314512,-0.0499571,-1.5710107999999998,-0.9921516,-0.6450203999999999
Comoros,2000,-0.9709273,-1.3119868,-0.5814672,-1.3850063,-1.4149714,-1.0625451
Comoros,2002,-0.6501245,-0.7954281,-0.1633341999999999,-1.0171786,-0.9198794,-0.4764200999999999
Comoros,2003,-0.6520842,-1.3245877,-0.9681148,-1.3722884,-0.907331,-0.5653184
Comoros,2004,-0.7728661,-1.4426344,-0.5216092999999999,-1.5151211999999998,-1.2322838,-0.6096043999999999
Comoros,2005,-0.8390561999999999,-1.6013118,-0.6919084,-1.5217653999999998,-0.9672455,-0.6491414
Comoros,2006,-0.6322253999999999,-1.5923588,-0.3925696999999999,-1.4136606,-0.9650362,-0.40496
Comoros,2007,-0.634343,-1.5906167,-0.9965116,-1.3710517,-0.9635136,-0.5213913
Comoros,2008,-0.7797098,-1.6707387,-0.9971069,-1.4944894,-1.0346068,-0.5199969999999999
Comoros,2009,-0.8052283,-1.6389712,-0.5059956999999999,-1.5317309,-1.1495004,-0.5694667
Comoros,2010,-0.7950790999999999,-1.6305278,-0.4825094,-1.4802115,-1.0378139,-0.5873859
Comoros,2011,-0.7945742,-1.6969104,-0.5277008,-1.4683113,-1.0345801,-0.5184542
Comoros,2012,-0.7798117,-1.5902603,-0.3950629,-1.4250109,-1.0292356,-0.5483186
Comoros,2013,-0.8220641,-1.527998,-0.2395935,-1.3969175,-0.9649467,-0.6218030999999999
Comoros,2014,-0.8060681,-1.3214626,-0.0153216999999999,-1.2510772,-0.8098073,-0.5966585999999999
Comoros,2015,-0.8467167,-1.4105773,-0.0966781999999999,-1.2404562,-0.7631998,-0.6770906999999999
Comoros,2016,-0.8635472,-1.3535015,-0.2599683,-1.223077,-0.7360739,-0.7086507999999999
Comoros,2017,-0.9443349,-1.2955426,-0.1999982,-1.222602,-0.8244279999999999,-0.7061069999999999
Comoros,2018,-1.023535,-1.313442,-0.407626,-1.2410959,-0.9141433,-0.8163125
Comoros,2019,-1.2697513,-1.3431514999999998,-0.4550338,-1.2136277,-0.981524,-1.1947881
Comoros,2020,-1.3224110999999998,-1.3748589999999998,-0.4562829,-1.2775189,-1.0663536,-1.2150822
Comoros,2021,-1.4088014,-1.5520366,-0.3981267,-1.330504,-1.1021442,-1.2828313999999998
Comoros,2022,-1.3372071,-1.3767923,-0.374766,-1.2493257,-1.1797092999999998,-1.288717
Comoros,2023,-1.1528366,-1.2489279,-0.3743498,-1.2848742,-1.134272,-1.2811985
Comoros,2024,-1.1407826,-1.2085975,-0.2212742999999999,-1.2486088,-1.1308597,-1.2379665
"Congo, Dem. Rep.",1996,-1.8280343,-1.6444592999999998,-2.6723956,-2.0546183,-1.7535603,-1.9463394
"Congo, Dem. Rep.",1998,-1.5961528,-2.0341809,-2.7083762,-2.5860504,-2.0820764,-1.8484519
"Congo, Dem. Rep.",2000,-1.6021766,-2.0321191,-2.550118,-2.5814572,-2.0582513,-1.7841048
"Congo, Dem. Rep.",2002,-1.606441,-2.1492711,-2.2607758,-2.1119395,-1.9719326,-1.7679492
"Congo, Dem. Rep.",2003,-1.6067882,-2.15596,-2.0947308,-1.9532297,-2.0461906,-1.6746035
"Congo, Dem. Rep.",2004,-1.529402,-1.8129762,-2.2158548,-1.584863,-1.6727156,-1.5999346
"Congo, Dem. Rep.",2005,-1.5329034,-1.7346249,-2.074788,-1.4232756,-1.6100879,-1.4809664
"Congo, Dem. Rep.",2006,-1.5096436,-1.596995,-2.0531045999999997,-1.3213475,-1.617117,-1.1694025
"Congo, Dem. Rep.",2007,-1.3983526,-1.6286105,-2.0273686,-1.3241062,-1.596726,-1.1385582
"Congo, Dem. Rep.",2008,-1.3199679,-1.6446415,-1.9414955,-1.3709836,-1.5849997,-1.2902976
"Congo, Dem. Rep.",2009,-1.3936551,-1.6494137,-1.5312258,-1.4234993,-1.6152253,-1.3198477
"Congo, Dem. Rep.",2010,-1.4190912999999998,-1.6776721,-2.0298993,-1.4561432,-1.6164088,-1.3365794
"Congo, Dem. Rep.",2011,-1.3953591,-1.6387841,-2.1644541,-1.4304309,-1.6378424,-1.4405557999999998
"Congo, Dem. Rep.",2012,-1.3730997,-1.5733358,-2.2167966999999997,-1.4086777,-1.6723684,-1.4460664
"Congo, Dem. Rep.",2013,-1.3705987,-1.369127,-2.2257153,-1.2472691,-1.6163831,-1.4381305
"Congo, Dem. Rep.",2014,-1.4371692,-1.4008887,-2.2481931,-1.2192687,-1.5509733,-1.3481529
"Congo, Dem. Rep.",2015,-1.3932852,-1.4727107,-2.0107421999999997,-1.265019,-1.5700316,-1.3123683
"Congo, Dem. Rep.",2016,-1.4189706,-1.3846284,-2.2189353,-1.207594,-1.5272327,-1.4094321
"Congo, Dem. Rep.",2017,-1.4338617,-1.4588280999999998,-2.2633783999999997,-1.281525,-1.5995942,-1.471641
"Congo, Dem. Rep.",2018,-1.5315596,-1.5190922,-1.8967124,-1.2952622,-1.656956,-1.3529201
"Congo, Dem. Rep.",2019,-1.5570273,-1.57826,-1.6467983,-1.3641956,-1.649235,-1.1787403
"Congo, Dem. Rep.",2020,-1.4573026,-1.6808836,-1.8062929,-1.3686959,-1.6143214,-1.1257361
"Congo, Dem. Rep.",2021,-1.5041724,-1.7049550999999998,-1.6314631,-1.3231263,-1.5312264999999998,-1.1423478
"Congo, Dem. Rep.",2022,-1.5102589,-1.7341162,-1.8455557,-1.3074062,-1.5809744,-1.1441353
"Congo, Dem. Rep.",2023,-1.4890974,-1.6579503999999998,-1.9812287,-1.2580246,-1.6055435999999998,-1.1255596
"Congo, Dem. Rep.",2024,-1.5153396,-1.6934449,-2.1191762,-1.2848458,-1.6266053,-1.213613
"Congo, Rep.",1996,-0.7452266,-1.307264,-1.9134952,-1.4920822,-0.912102,-0.9092907
"Congo, Rep.",1998,-0.6783636,-1.3132251,-2.0608401,-1.6109577,-1.6004965,-1.6686769
"Congo, Rep.",2000,-0.4962551999999999,-1.3111633,-1.7228409999999998,-1.3348674,-1.266919,-1.5559516999999998
"Congo, Rep.",2002,-1.0193486,-1.3109993,-1.8087564,-0.9134471,-1.1310975,-1.0833132
"Congo, Rep.",2003,-1.0208033,-1.3193929,-1.2440365,-1.113389,-1.132389,-1.0243266
"Congo, Rep.",2004,-0.9621535,-1.1452811,-1.1974359,-0.967939,-1.0295985,-1.0668275
"Congo, Rep.",2005,-1.1076439,-1.285593,-1.2677906,-1.197862,-1.4389458,-1.1568319
"Congo, Rep.",2006,-1.1397101,-1.2884306,-0.8804342,-1.1127562,-1.2465113,-1.183521
"Congo, Rep.",2007,-1.1032439,-1.3116546999999998,-0.8429129,-1.0866382,-1.1855387,-1.1978107999999998
"Congo, Rep.",2008,-1.2084292,-1.1272144,-0.7986814999999999,-1.1425067,-1.1704647,-1.1524466
"Congo, Rep.",2009,-1.2084391,-1.12546,-0.3817436999999999,-1.1476222,-1.2134292,-1.1381865
"Congo, Rep.",2010,-1.1727804,-1.1177022,-0.532351,-1.1313015,-1.2170422,-1.0975082
"Congo, Rep.",2011,-1.1227079,-1.1032115999999998,-0.6251959,-1.1564755,-1.2164845,-1.0979268
"Congo, Rep.",2012,-1.2236744,-1.0475415,-0.6683922999999999,-1.1262868,-1.1966054,-1.1414271
"Congo, Rep.",2013,-1.1924841,-1.1096762,-0.5775904,-1.0833788,-1.182882,-1.1074311
"Congo, Rep.",2014,-1.2753339,-0.929383,-0.4742736999999999,-1.0410129,-1.1269949,-1.1230949
"Congo, Rep.",2015,-1.2818737,-0.8351827,-0.7582165,-0.9831998,-1.0761749,-1.0367267
"Congo, Rep.",2016,-1.2697622,-0.8123243,-0.760806,-1.0632459,-1.1470002,-1.1355417
"Congo, Rep.",2017,-1.3044744,-0.8685556,-0.7695685,-1.18652,-1.1856071,-1.1395448
"Congo, Rep.",2018,-1.3693693999999998,-0.9770525,-0.6896411,-1.1717606,-1.2048968,-1.2112094
"Congo, Rep.",2019,-1.4947169,-0.9420603,-0.5963817,-1.2153336,-1.2224066999999998,-1.2846968
"Congo, Rep.",2020,-1.3702576,-1.1735413,-0.5758284,-1.3205808,-1.2489371,-1.2242845
"Congo, Rep.",2021,-1.3431645,-1.1895932,-0.5174198999999999,-1.1613755,-1.2333168,-1.2723726
"Congo, Rep.",2022,-1.3638515999999998,-1.1313765,-0.1445911,-1.2181294,-1.2067389,-1.2699351
"Congo, Rep.",2023,-1.4043963,-1.1669408,-0.1994603999999999,-1.1865166,-1.1829206,-1.2822094
"Congo, Rep.",2024,-1.423569,-1.110638,-0.2584147,-1.1515624,-1.1785603,-1.3147808
Cook Islands,2005,0.4088508999999999,0.3782608999999999,,0.5044991,0.5615340999999999,0.0706115
Cook Islands,2006,0.4504414,0.3652925999999999,,0.4937004,0.5521051,0.1230415
Cook Islands,2007,0.7297425,0.5085185999999999,,0.3745462,0.2810233,0.1691494
Cook Islands,2008,0.7376615,0.5238151999999999,,0.3662077999999999,0.2638409,0.1567386
Cook Islands,2009,-0.0125322,-0.3673689,1.6013433,-0.5064938,-0.3903983,-0.0441415999999999
Cook Islands,2010,0.1672639,-0.4916804999999999,1.5857688,-0.5506151,-0.4376712,-0.0551421
Cook Islands,2011,0.1624393999999999,-0.4670791999999999,1.5716047,-0.5491562999999999,-0.3779455,-0.0353488
Cook Islands,2012,-0.1645849,-0.7884165,1.5701094999999998,-0.8754016,-0.7065176,-0.1790399
Cook Islands,2013,-0.1637744,-0.7876084999999999,1.5655411,-0.8782915,-0.7442137999999999,-0.2034465
Cook Islands,2014,-0.17328,-0.7549338999999999,1.5813217,-0.8847303999999999,-0.7251806,-0.1771749
Cook Islands,2015,-0.1648083,-0.7609589,,-0.8663282,-0.7083915,-0.1705173999999999
Cook Islands,2018,,,0.9824054,,0.9806873,0.7716622999999999
Cook Islands,2019,,,1.1021535,,1.0985605,0.8481749
Cook Islands,2020,,,1.1883308,,1.1914175,0.9117293
Cook Islands,2021,,,1.2207442,,1.2138301,0.9822008
Cook Islands,2022,0.1263752,0.0321933,1.194571,-0.2207362,0.8009974999999999,0.5848707
Cook Islands,2023,0.1109623,0.0389790999999999,1.1960811,-0.2190434,0.7985852,0.5805374
Cook Islands,2024,0.4349044999999999,0.5262603,1.1769798,0.060701,0.9340503,0.595611
Costa Rica,1996,0.9596452,-0.0237363,0.7332818999999999,0.1989256999999999,0.5214281,1.0999987
Costa Rica,1998,0.9585323,-0.0271567,0.8557680999999999,0.5021363,0.4535106,1.1072572
Costa Rica,2000,1.0244953,0.1089203,0.6698023,0.7404727999999999,0.4845927,1.085921
Costa Rica,2002,0.4588683999999999,0.2004916,0.9303167,0.3237584,0.6006589999999999,1.1280853
Costa Rica,2003,0.4825793,0.1932721,0.6002004,0.3996287,0.5568333,1.0817593
Costa Rica,2004,0.3790831,0.2661532,0.6926827,0.5795471999999999,0.5530801,1.0488429
Costa Rica,2005,0.3850864,0.2312005999999999,0.8271662999999999,0.6683093999999999,0.6186680999999999,1.0234028
Costa Rica,2006,0.39918,0.1677131999999999,0.8662238999999999,0.5506422,0.5369891,1.051927
Costa Rica,2007,0.4565308999999999,0.2444248,0.8132129,0.6107519,0.5276824,1.0639641
Costa Rica,2008,0.4877144,0.2763826,0.5795087,0.7521591999999999,0.5507059,1.0271486
Costa Rica,2009,0.6186572,0.4024005,0.7203643,0.7307018,0.6269671,1.0597232
Costa Rica,2010,0.6993258,0.4026744,0.7938234,0.6253571,0.6499221,1.1191398
Costa Rica,2011,0.6579069,0.3641095,0.6316858,0.5711371,0.4626020999999999,1.110229
Costa Rica,2012,0.670503,0.4335446,0.655542,0.6859128,0.4471084999999999,1.0972617
Costa Rica,2013,0.6633217,0.3382817999999999,0.6591343,0.7356994,0.4576894999999999,1.08912
Costa Rica,2014,0.7809898,0.3669615,0.6803966,0.524805,0.5463937,1.1415848
Costa Rica,2015,0.7699693999999999,0.3596650999999999,0.7458992,0.6166595,0.5212515999999999,1.1586172
Costa Rica,2016,0.8034365,0.315527,0.7331118999999999,0.6548876,0.5143500999999999,1.1385771999999998
Costa Rica,2017,0.5853520999999999,0.3339142,0.7405908,0.5457847,0.54111,1.1764736
Costa Rica,2018,0.6496945,0.3528681999999999,0.6346653999999999,0.6513804,0.518591,1.2067174
Costa Rica,2019,0.7249661,0.3043656999999999,0.6261253999999999,0.6689887,0.5808637,1.1972153
Costa Rica,2020,0.756375,0.2258032999999999,0.9250217,0.5391412999999999,0.6316984999999999,1.2021175
Costa Rica,2021,0.5909559999999999,0.2714874,1.0171458,0.5605960999999999,0.6104539,1.126743
Costa Rica,2022,0.5669805,0.1212347999999999,1.1460641,0.5923862999999999,0.6675589,1.1110038
Costa Rica,2023,0.6775627,0.3340947999999999,1.1842629,0.5745298999999999,0.6431262999999999,1.0983992
Costa Rica,2024,0.6792372,0.2868974999999999,1.1756544,0.5818279,0.6167412,1.0114744
Croatia,1996,-0.7276258999999999,-0.335196,-0.1963056,-0.3030773,-0.6749124999999999,-0.4850348
Croatia,1998,-0.6953575,-0.3071658,0.0201128,-0.3353018,-0.4238443,-0.5315006999999999
Croatia,2000,0.0998038,0.1833786999999999,0.3448157,-0.2766578,-0.0283145,0.2517176
Croatia,2002,0.4509738,0.2060399,0.6641828,0.1337803,-0.0688662,0.4551808
Croatia,2003,0.3959679,0.1631364,0.6065075,0.2966067,0.091612,0.5097517
Croatia,2004,0.2661675,0.3693341,0.5895756,0.3767628999999999,0.1522539,0.6667267
Croatia,2005,0.1969274,0.3549029999999999,0.5543108,0.4102091,0.1339108,0.6485609
Croatia,2006,0.1368044,0.302513,0.719055,0.320862,0.0338278,0.6467006
Croatia,2007,0.1000877,0.3753871,0.777978,0.3734092,0.1519812999999999,0.657198
Croatia,2008,0.0657437,0.3957849,0.7411694999999999,0.3535157,0.0856242,0.576001
Croatia,2009,0.0500969999999999,0.4213095,0.7434322,0.3771578,0.1083553999999999,0.6129851
Croatia,2010,0.1141187999999999,0.2868905,0.6992294,0.3131223999999999,0.2139766,0.5866916
Croatia,2011,0.1086579,0.240585,0.6832233999999999,0.2745086,0.2402089999999999,0.5073076
Croatia,2012,0.0944764999999999,0.4012631,0.6651026,0.2064495999999999,0.2676949999999999,0.5744859999999999
Croatia,2013,0.1136039,0.4156062,0.6983074,0.2263801,0.2615986999999999,0.5132639999999999
Croatia,2014,0.1153811,0.4256343999999999,0.6331008,0.1190738,0.3591069,0.5360017
Croatia,2015,0.1722604999999999,0.2567445,0.611397,0.1462805999999999,0.333543,0.5836676
Croatia,2016,0.1085584999999999,0.2649439,0.6354525999999999,0.180344,0.3047754,0.5260745
Croatia,2017,0.0456235,0.404068,0.6251591,0.2956415,0.3433336999999999,0.4559301999999999
Croatia,2018,0.0249186,0.4927546,0.7689201999999999,0.3955931,0.2554052,0.3876269
Croatia,2019,0.0249751,0.4191078,0.7476170999999999,0.3847799999999999,0.3100199999999999,0.4375103999999999
Croatia,2020,0.1356925,0.5056587,0.6477440999999999,0.2017786,0.3486941,0.5711056
Croatia,2021,0.0954983,0.7557995,0.6364386,0.3318001,0.4127964,0.5908861
Croatia,2022,0.1067785,0.7162335999999999,0.7321186,0.2993308,0.4345096,0.5940068
Croatia,2023,0.1137079999999999,0.7487410999999999,0.6832484,0.4438307999999999,0.4257868999999999,0.6291782
Croatia,2024,0.1486813,0.7097625,0.5814089,0.2858764,0.3774834999999999,0.6486643
Cuba,1996,-0.0339506,-1.048861,0.2587992,-1.3307203,-1.0893701,-1.4011374
Cuba,1998,-0.194604,-0.7825479,0.2436073,-1.3347866,-1.0044649,-1.4805905
Cuba,2000,-0.1983050999999999,-0.4808917,0.3752008,-1.2479540999999998,-1.1156078,-1.5049134
Cuba,2002,-0.1212313999999999,-0.804966,0.3966228,-1.3912185,-1.2185891,-1.520452
Cuba,2003,-0.1221251999999999,-0.8099816999999999,0.2949967,-1.5224175,-1.2204636,-1.5270269
Cuba,2004,-0.2082438999999999,-0.580456,0.2992425999999999,-1.6534352,-1.1353475,-1.6879273
Cuba,2005,-0.1442033,-0.8989727999999999,0.4196157,-1.4526301,-1.2164285,-1.6912789
Cuba,2006,0.4536368,-0.4655686,0.4911177,-1.4641993,-0.8728691,-1.5820151999999998
Cuba,2007,0.4523842999999999,-0.464055,0.4217554,-1.4627264,-0.7788672999999999,-1.5387505
Cuba,2008,0.530215,-0.4304076,0.4445078999999999,-1.4237116,-0.856016,-1.5412803
Cuba,2009,0.5302032999999999,-0.4262852,0.4583653,-1.452883,-0.8558167,-1.5419817
Cuba,2010,0.4889155999999999,-0.5959660999999999,0.4544143,-1.6241742,-0.9527566,-1.5192541
Cuba,2011,0.4883787,-0.5964777,0.2361692,-1.6239119,-0.9101838,-1.500579
Cuba,2012,0.4572964,-0.4747673,0.2398597999999999,-1.3823719,-0.8796389,-1.499154
Cuba,2013,0.3160505999999999,-0.4746378,0.3041157,-1.3468561,-0.8771996,-1.4698658999999998
Cuba,2014,0.2926138,-0.0016531,0.5757985999999999,-1.0973937,-0.8454438,-1.4282708
Cuba,2015,0.2903657,-0.0026184999999999,0.5847165999999999,-0.9848517,-0.8805666999999999,-1.3981281
Cuba,2016,0.0053057999999999,-0.0350921,0.6142617,-1.1406888,-0.8469491,-1.4103612
Cuba,2017,0.0402953,-0.0638778,0.5729674,-1.1400770999999998,-0.8740228999999999,-1.4159595
Cuba,2018,-0.0111422,-0.211616,0.5676310999999999,-1.2250246,-0.8329432,-1.2856792
Cuba,2019,-0.1433557,-0.1082032,0.6592456999999999,-1.2243427,-0.7580682,-1.1895935
Cuba,2020,-0.1430736,-0.1099187,0.6687382,-1.2255038,-0.5749692,-1.1899555
Cuba,2021,-0.2211207,-0.0976359,0.4994387999999999,-1.1730802,-0.6486658,-1.2291961
Cuba,2022,-0.2238752,0.0198019,0.4974927999999999,-1.1673033,-0.4977926,-1.2297456
Cuba,2023,-0.1628482,-0.0018924999999999,0.4305506999999999,-1.2309526,-0.5659906,-1.2493934
Cuba,2024,-0.2262769999999999,-0.2695183,0.3155266,-1.4371482,-0.6235716,-1.2685712999999998
Cyprus,1996,1.5416274,1.1785967,0.519701,0.9022325,0.8595763,1.0321297
Cyprus,1998,1.1833703,1.3096522,0.46828,0.9251782,0.9938342,0.8487325
Cyprus,2000,1.1796692,1.3111056,0.7090873,0.7774177,1.1744652,0.9356312
Cyprus,2002,1.1770490999999998,1.5489123,0.3958958999999999,1.1794514,1.1440428,1.040261
Cyprus,2003,1.111154,1.2427928,0.4053342,1.1794786,1.0555501,1.0187495
Cyprus,2004,0.9137833,1.1952669,0.3179887,1.1809581,0.9963481,0.9189302
Cyprus,2005,0.9555973,1.299176,0.5638795999999999,1.3793495999999998,1.111577,1.0520447
Cyprus,2006,1.1392607,1.2048195,0.6425719,1.5065795,1.278593,1.2038865
Cyprus,2007,1.0857157,1.2334071,0.6930853,1.5150845,1.2944833,1.2178939
Cyprus,2008,1.1824327,1.3890009,0.8007249,1.4877748,1.3619801,1.2417074
Cyprus,2009,1.0785962999999998,1.3244041,0.7902511,1.4052045,1.1809079999999998,1.2066633
Cyprus,2010,1.1061312,1.4784399,0.7665588,1.4438510999999998,1.1894709,1.1474284
Cyprus,2011,1.0124343999999998,1.4990644,0.7840771,1.2151122,0.9579583,1.1525291
Cyprus,2012,1.0052242,1.4850489999999998,0.7933209,1.0369259,0.9610401,1.1030943
Cyprus,2013,0.9856079,1.4722986,0.7163623,0.8202721,0.8635980999999999,1.0462418
Cyprus,2014,0.7530793,1.1190613,0.7031147,0.9876497,0.8227871999999999,1.0347024
Cyprus,2015,0.6824205,1.0770285,0.6831374,0.9934827,0.835657,1.0108417
Cyprus,2016,0.7247771,1.0483689,0.7672285,0.98056,0.834571,1.0198642
Cyprus,2017,0.8179827,1.1146166,0.6738103,0.9695105,0.9252619,1.0417544
Cyprus,2018,0.6608594999999999,0.860738,0.6561041,0.9434584,0.8521443999999999,1.0535864
Cyprus,2019,0.6807343,0.9974556,0.7399068999999999,1.0395499,0.8580536999999999,1.0941113
Cyprus,2020,0.4663521,1.0026015,0.4538116,0.8979193999999999,0.7472668,1.0583368
Cyprus,2021,0.4905518,0.86,0.4791733999999999,0.8484872999999999,0.7712279,0.9075915
Cyprus,2022,0.5652889,0.9509266,0.3811356999999999,0.7331312999999999,0.7642266,0.8916138
Cyprus,2023,0.4826822,0.9314768,0.3935928999999999,0.7722603,0.7591158,0.8987685
Cyprus,2024,0.5324784,0.8696373,0.3858612999999999,0.7395817,0.6891912,0.8873327999999999
Czechia,1996,0.8082923999999999,0.6593897,1.1043612,0.4601161,0.7981957,0.9847754
Czechia,1998,0.7763005,0.5470419,0.9228074,0.5138107,0.7319665,0.8849334
Czechia,2000,0.2594751999999999,0.5125501,0.6071485,0.4962214,0.5742693,0.7215866
Czechia,2002,0.4083160999999999,0.8849792999999999,0.9775056,1.0712985,0.8537916999999999,0.8877290999999999
Czechia,2003,0.5110948,0.8087247,0.9056461,1.1756611,0.8614141999999999,0.9352353
Czechia,2004,0.4510277,0.7384194,0.7067447,1.0252511,0.6805682,0.8370086999999999
Czechia,2005,0.5643395,0.9422649,1.0432999,1.1663188,0.8532405,0.9652086
Czechia,2006,0.538493,0.8055260999999999,1.0736057,1.1629233,0.7556684,1.0001102
Czechia,2007,0.4278635999999999,0.6145105,1.0971281,1.1204236,0.7260533,0.9560787
Czechia,2008,0.4165926,0.7918796,1.1254325,1.1737593,0.7329477,1.0133712
Czechia,2009,0.3950890999999999,0.8451827,1.0713838,1.1533862,0.7387095,1.0008507
Czechia,2010,0.3937064999999999,0.713873,1.0992693999999998,1.1026865,0.7330604,0.960342
Czechia,2011,0.4745101,0.7416914,1.1297603,1.0263037,0.8440616999999999,0.9199571
Czechia,2012,0.4104377999999999,0.7285974,1.1228486,0.9257526,0.8309207,0.8854643
Czechia,2013,0.3827776,0.6929877,1.1188359,0.947901,0.8587857,0.9119659
Czechia,2014,0.5091331,0.9017758,1.1241036,0.812549,0.9570647,0.9617226
Czechia,2015,0.5929255999999999,0.9304102,1.100576,0.9885827,1.0475127,0.9870659
Czechia,2016,0.6247693999999999,1.0079335,1.0617374,0.9408369,1.0846322,0.9821893
Czechia,2017,0.7473854999999999,1.0284233,1.0199948,1.1404044,1.13083,0.8284651
Czechia,2018,0.6140583,1.0258091,1.0436452,1.1466245,1.0403101,0.7634217999999999
Czechia,2019,0.6034081,0.971418,1.0363667,1.1215213,1.116394,0.8885219999999999
Czechia,2020,0.6341667999999999,1.0855924,0.9082209,1.0899444,1.1245931999999998,1.0021327
Czechia,2021,0.7300087,1.1010113,0.9968819,1.2403943,1.1669833,1.0405404
Czechia,2022,0.8031752999999999,1.1951482,0.9957469,1.3279348,1.1392733,1.0848262
Czechia,2023,0.8499213,1.2354239,1.0704669,1.2275231,1.1605869,1.139348
Czechia,2024,0.9310659,1.1773279,0.9719006,1.2319075,1.1881307,1.2546961
Côte d’Ivoire,1996,0.0688334,0.2677542,-0.0382555,-0.7691152,-0.806346,-0.940671
Côte d’Ivoire,1998,-0.4870276,-0.3071658,-0.3327894999999999,-0.4291456999999999,-0.9789926,-0.9934396
Côte d’Ivoire,2000,-0.7462823,-1.1469455,-1.2897456,-1.1396102,-1.2604893,-1.3448981
Côte d’Ivoire,2002,-0.7625117,-1.3137544,-2.2833426,-0.5689951999999999,-1.3787812,-1.3188531
Côte d’Ivoire,2003,-0.8817182,-1.3187700999999998,-2.0672136,-0.6557761999999999,-1.3797079,-1.3283264
Côte d’Ivoire,2004,-1.167954,-1.6168878,-2.2064965,-1.1803905,-1.4491895,-1.4467678
Côte d’Ivoire,2005,-1.2702551,-1.5345441,-2.3486525,-1.115689,-1.5406218,-1.4000496
Côte d’Ivoire,2006,-1.143042,-1.3783377,-1.907647,-0.9511916,-1.4317381999999998,-1.214029
Côte d’Ivoire,2007,-1.0556439,-1.4015618,-1.9248477,-0.9659769,-1.4040723,-1.1765373
Côte d’Ivoire,2008,-0.9172218,-1.3605844,-1.8314441,-0.9337031,-1.3937418,-1.1206325
Côte d’Ivoire,2009,-0.9153277,-1.1486226,-0.9605993,-0.8970193,-1.2252638,-1.0596368
Côte d’Ivoire,2010,-1.0057030999999998,-1.2514065,-1.8498938,-0.9544514,-1.2583646,-1.0250035
Côte d’Ivoire,2011,-0.9073893,-1.20852,-1.6395136,-0.9415677,-1.3422528,-1.0268298
Côte d’Ivoire,2012,-0.835052,-1.0666458,-1.5191192,-0.797894,-1.0393026,-0.838305
Côte d’Ivoire,2013,-0.7559365,-0.9238056,-1.2086343,-0.7101269,-0.9376194,-0.8051769
Côte d’Ivoire,2014,-0.4250952,-0.7218401999999999,-1.0370019,-0.5486818,-0.6596147,-0.6838095
Côte d’Ivoire,2015,-0.4307488,-0.5999604,-0.7838544,-0.4458059,-0.6916479,-0.6026505999999999
Côte d’Ivoire,2016,-0.4714186999999999,-0.6103531999999999,-0.8652379,-0.4435669,-0.6799723999999999,-0.6283040999999999
Côte d’Ivoire,2017,-0.4649251,-0.5958625,-1.0411412,-0.4052154,-0.6942497999999999,-0.5960906
Côte d’Ivoire,2018,-0.4831689999999999,-0.5079239,-0.9182691,-0.297267,-0.6230846,-0.4807617999999999
Côte d’Ivoire,2019,-0.5301004,-0.4891341999999999,-1.0134615,-0.3160613,-0.5998994999999999,-0.4642219999999999
Côte d’Ivoire,2020,-0.4863208,-0.4875808,-1.1671279,-0.3211994999999999,-0.618331,-0.6668069999999999
Côte d’Ivoire,2021,-0.4468769999999999,-0.5005974,-0.8955877999999999,-0.289141,-0.6527655,-0.7085168
Côte d’Ivoire,2022,-0.3703059999999999,-0.354842,-0.7163174999999999,-0.2155259,-0.6021757,-0.6597367
Côte d’Ivoire,2023,-0.3616761,-0.3185096,-0.7874489,-0.1888771,-0.6022948,-0.6434413
Côte d’Ivoire,2024,-0.2850472,-0.3157177,-0.8438331,-0.1669572,-0.5781440999999999,-0.6166747
Denmark,1996,2.3558581,1.7792325,1.4390170999999998,1.5163505,1.8641662,1.6513007
Denmark,1998,2.3843202,1.8439552,1.4364017999999998,1.599314,1.8488546,1.6441903999999998
Denmark,2000,2.3121609999999997,1.9471575,1.4284228,1.8353988,1.9694159,1.6699640999999998
Denmark,2002,2.2855282999999997,2.1922798,1.3888443,1.9732043,1.9653105,1.7276096
Denmark,2003,2.3034255999999997,2.1441789,1.2107071,2.0385773,1.9649673,1.7547856
Denmark,2004,2.2298815999999997,2.0993907,1.0083333,1.966761,1.9118759,1.7364084
Denmark,2005,2.2532202999999997,2.0614768,1.1357606,2.0111821,1.7652875,1.71092
Denmark,2006,2.3453032,2.1627643,1.0918283,2.1622319,1.9849289,1.8013603
Denmark,2007,2.3189895,2.2040873999999997,1.2633404,2.1560402,2.010769,1.7382375
Denmark,2008,2.3017254,2.1465669,1.2312618,2.0346156,1.9533876,1.7950252
Denmark,2009,2.3099939,2.1667207,1.2068063999999998,2.0312873,1.8734484,1.8171371
Denmark,2010,2.2632106,1.920097,1.1703202,1.9388202,1.8409141,1.7535682
Denmark,2011,2.3322647,2.0426979,1.1550939999999998,1.9897696,1.8953729,1.7539873
Denmark,2012,2.2582709999999997,1.9667251,1.0433934,1.8221563,1.9226675,1.8432156
Denmark,2013,2.2419070999999997,1.9589905,1.0203721,1.8256852,1.8977246,1.8219441
Denmark,2014,2.1516341,1.8095293,1.1307994,1.6614901,1.9105598,1.6861879
Denmark,2015,2.1589365,1.7943827,1.0198991,1.7644765,1.9817984,1.8029116
Denmark,2016,2.1677475,1.8352349,0.9320841,1.7589174,1.9474066,1.8008604
Denmark,2017,2.1877812,1.8254188,0.9149035,1.7913698,1.9374557,1.6950847
Denmark,2018,2.1580954,1.920528,1.0018359,1.8428455,1.9248352,1.7815998
Denmark,2019,2.1562325,1.9444854,0.8984987,1.9335346,2.0201937,1.7878967
Denmark,2020,2.2645808,1.9999488,0.8682976,1.9761315,1.9748465,1.8719672
Denmark,2021,2.2948313,2.1905145,0.8409468999999999,1.9974993,2.0133921,1.9120246
Denmark,2022,2.3022376,2.0983389,0.8416401,2.020588,2.0023268,1.9129484
Denmark,2023,2.3171626,1.9559634,0.9005936,1.9894408,2.0143499,1.9213047
Denmark,2024,2.2874751,1.9128986,0.7688761,1.9307059,2.0043149,1.8949405
Djibouti,1996,-0.6200614999999999,-1.3060162,-0.7563097,-0.9146377,-0.6797124999999999,-1.0403167
Djibouti,1998,-0.6288049,-1.3151438,-0.9402984,-0.8922998999999999,-0.6777143,-1.1458797
Djibouti,2000,-0.6190162,-1.3119868,-0.5423309,-0.7577862,-0.6800991,-1.020599
Djibouti,2002,-0.624761,-0.7954281,-0.3636812,-0.6202151,-0.9439884,-0.8833770999999999
Djibouti,2003,-0.6267207,-0.8082803,-0.7653435,-0.6201557,-0.9460874,-0.722042
Djibouti,2004,-0.422042,-0.7162118,-0.269924,-0.719135,-0.9142364,-0.7996793999999999
Djibouti,2005,-0.6593770999999999,-0.8400325,-0.7121643999999999,-0.6615989,-0.9938395,-1.0023845999999998
Djibouti,2006,-0.6564207,-1.0430659,-0.1371762,-0.6857023999999999,-0.9469968,-0.9707541
Djibouti,2007,-0.4894592,-0.8772624,-0.0004149,-0.6700554,-0.8951939,-1.0597085
Djibouti,2008,-0.283894,-0.8117514,0.3064746,-0.6944948999999999,-0.7633622,-1.076732
Djibouti,2009,-0.4886708999999999,-0.7338482,0.5407181999999999,-0.7093655999999999,-0.7589431,-1.0543523
Djibouti,2010,-0.5264958,-0.7292417999999999,0.3584284,-0.7631836,-0.7820756,-1.075547
Djibouti,2011,-0.5260663,-0.7251154999999999,0.1177782,-0.7534194,-0.864629,-1.2197109
Djibouti,2012,-0.5478799,-0.7689657999999999,0.1173704,-0.6897757999999999,-0.8653527999999999,-1.257943
Djibouti,2013,-0.6208513999999999,-0.7216376,-0.2955231,-0.7531861999999999,-0.917468,-1.3687557
Djibouti,2014,-0.7346191,-0.6905333,-0.3843552,-0.7204568,-1.0251459,-1.3474302
Djibouti,2015,-0.7297315999999999,-0.7524266,-0.4931800999999999,-0.7293921,-1.0027773,-1.3363074
Djibouti,2016,-0.7112911,-0.7128753999999999,-0.7074408,-0.7157207999999999,-1.0026644,-1.2586587
Djibouti,2017,-0.7643067,-0.7792344999999999,-0.7552217,-0.6812526,-1.0102169,-1.2859353
Djibouti,2018,-0.8215555999999999,-0.7720106999999999,-0.2967174999999999,-0.7398709,-0.9865925,-1.2354091
Djibouti,2019,-0.9286163,-0.6529552,-0.3842768,-0.7729077999999999,-1.0072723,-1.2626714
Djibouti,2020,-0.8140782999999999,-0.6750073999999999,-0.4591955,-0.8309677999999999,-1.0447412,-1.1935356
Djibouti,2021,-0.9086172,-0.6477012999999999,-0.5273642,-0.7686696,-1.0311038,-1.1996692
Djibouti,2022,-0.9087909,-0.5581809,-0.4774121,-0.7693637999999999,-1.0215603,-1.2068256
Djibouti,2023,-0.9050527,-0.536184,-0.4640183,-0.7883492999999999,-1.0395038,-1.2245151
Djibouti,2024,-0.8908098,-0.4930443,-0.5563593,-0.8527958999999999,-1.0103987,-1.2450001
Dominica,1996,0.8945863,0.7592137,0.7065855,0.7068487999999999,0.7839701,1.0624225
Dominica,1998,0.8901182999999999,0.7500861,0.7074891,0.7377372999999999,0.7749773,1.0610659999999998
Dominica,2000,0.8770547999999999,0.7532430999999999,0.4335934999999999,0.9237418,0.7690634,1.0618296
Dominica,2002,0.8678068,0.7534943,0.4357713,0.9363777,0.7764962,1.0155615
Dominica,2003,0.8646520999999999,0.7406421999999999,0.5176706999999999,0.9364598,0.7733336,0.9635435
Dominica,2004,0.5605873,0.3813429,0.8561786,0.403647,0.6206522999999999,0.9058973
Dominica,2005,0.7009683,0.3823937,0.8478312,0.3518486,0.8253988999999999,1.002855
Dominica,2006,0.7057308,0.3806177,0.9726788,0.4931566,0.8244642,0.9216003
Dominica,2007,0.7023193999999999,0.5040295,0.8544313,0.579344,0.9087971,0.9703292
Dominica,2008,0.7032262,0.5061243,0.9762833,0.4506076,0.8314205,0.9694043
Dominica,2009,0.7031942999999999,0.5134390999999999,0.982245,0.4713157999999999,0.8920823999999999,0.9561635
Dominica,2010,0.8317948,0.6879945,1.098788,0.5839169,0.9098685,0.9459527
Dominica,2011,0.8301434,0.6135665,1.0934992,0.4752437,0.8499179,0.9479093
Dominica,2012,0.8267116999999999,0.6138167,1.092941,0.521512,0.8484471,0.917842
Dominica,2013,0.8269725,0.6140962,1.0912351,0.5208123,0.8451595,0.9115175
Dominica,2014,0.6052154,0.1205518999999999,1.1473784,0.3779611,0.6962779,0.9141033
Dominica,2015,0.6194166999999999,0.1184679999999999,1.1120789,0.2329832,0.7343046999999999,0.5437181999999999
Dominica,2016,0.6205238,0.0457580999999999,0.9362782,0.2337346,0.7305425,0.5435555
Dominica,2017,0.6212599999999999,-0.4588519,1.1093885,0.174223,0.6990632,0.5288349999999999
Dominica,2018,0.5097887999999999,-0.4575605,1.112031,0.159295,0.6138951,0.4330705999999999
Dominica,2019,0.4981334999999999,-0.4563017,0.9867091,0.1189288,0.6025771999999999,0.4072503999999999
Dominica,2020,0.4019084,-0.3864624,1.2385037,0.1541986,0.5984586,0.3358446
Dominica,2021,0.3994373,-0.384329,1.2367945,0.1493074999999999,0.5368851,0.3267127999999999
Dominica,2022,0.3990363999999999,-0.0222235,1.2397365,0.1471657999999999,0.5641307999999999,0.3185418
Dominica,2023,0.4140289,0.3883874,1.2402149,0.1538033,0.5395542999999999,0.3029358
Dominica,2024,0.5329662,0.1490421999999999,1.2341643,0.0598246,0.3974621,0.3798229999999999
Dominican Republic,1996,-0.169797,-0.3029637,-0.1942482999999999,-0.5596561,-0.5997454,-0.2211242
Dominican Republic,1998,-0.5424540999999999,-0.8778836999999999,-0.4523922999999999,-0.0691373,-0.6675732999999999,-0.275426
Dominican Republic,2000,-0.5461552,-0.8764303,-0.132575,0.0017705,-0.7152811,-0.1448147
Dominican Republic,2002,-0.588125,-0.8441521999999999,-0.1599129,-0.3065061,-0.7124813,-0.0160976
Dominican Republic,2003,-0.8571186,-0.8381869,-0.5957007,-0.3997662999999999,-0.7899149,-0.1083343
Dominican Republic,2004,-0.7185712999999999,-0.797519,-0.4531782,-0.4212814,-0.6325628,-0.0170919
Dominican Republic,2005,-0.8517184,-0.8364096,-0.3912303,-0.3099229,-0.5602289,-0.0183932999999999
Dominican Republic,2006,-0.6553867,-0.6870847,-0.1540857,-0.1685648,-0.4579742,0.0893593
Dominican Republic,2007,-0.7510177,-0.7085351,-0.0800328,-0.1633439,-0.4770225999999999,0.0577381
Dominican Republic,2008,-0.7442643999999999,-0.6984304,-0.0283211,-0.1349632,-0.5682262,0.0414292
Dominican Republic,2009,-0.7202043,-0.6709237,-0.0590302,-0.1389206,-0.6085762,0.0383822
Dominican Republic,2010,-0.7609997,-0.7108721,-0.0570436999999999,-0.0661851,-0.6582939999999999,0.0337112
Dominican Republic,2011,-0.7070725,-0.6735468,-0.0597805999999999,-0.1878076,-0.6041963,-0.0206158
Dominican Republic,2012,-0.7816871,-0.5008992999999999,0.0313943999999999,-0.1849073,-0.5862733,0.0500891
Dominican Republic,2013,-0.7708868999999999,-0.4176139,-0.0097174,-0.1742221,-0.5420109,-0.0140626
Dominican Republic,2014,-0.7555381999999999,-0.1120342,0.0549568999999999,-0.1490567,-0.413435,0.0457756
Dominican Republic,2015,-0.7903907,-0.3030552999999999,0.1170524,-0.0898717,-0.5344359,-0.0123257
Dominican Republic,2016,-0.794053,-0.2432638999999999,0.1555826,-0.065041,-0.5326099,-0.0169925
Dominican Republic,2017,-0.8010554999999999,-0.3142265999999999,0.0918722,-0.1071549,-0.5595468,-0.0263768
Dominican Republic,2018,-0.8443735,-0.3568186,0.0030759,-0.1446846,-0.5483264,-0.0353179
Dominican Republic,2019,-0.8021284999999999,-0.2994856999999999,0.0515230999999999,-0.1017681,-0.4801078,0.0033897999999999
Dominican Republic,2020,-0.7065551999999999,-0.3603632,0.2361203999999999,-0.0974015999999999,-0.3813297,0.0633816
Dominican Republic,2021,-0.545258,-0.1501487,0.3502986999999999,-0.0103431,-0.3243436,0.0897951999999999
Dominican Republic,2022,-0.4221725999999999,-0.1210712999999999,0.4914554,-0.0598314999999999,-0.2774196,0.1170494
Dominican Republic,2023,-0.429853,0.045792,0.4655668,0.0485043999999999,-0.2411598999999999,0.1485631
Dominican Republic,2024,-0.2654917,0.0746487,0.5893402,0.2073279999999999,-0.1822626,0.2011502
Ecuador,1996,-0.5325772,-0.8312202,-0.8752059,-0.4950283,-0.4051692,-0.1631172
Ecuador,1998,-0.7156859,-0.5379366999999999,-0.4434826,-0.1012523999999999,-0.5390699999999999,-0.1103441
Ecuador,2000,-0.7563515,-1.0664178,-0.7547319,-0.7136521,-0.8265146,-0.3498255999999999
Ecuador,2002,-0.8039929,-1.0787578,-0.8515978999999999,-0.8296019,-0.7765755,-0.1439229
Ecuador,2003,-0.6704346,-1.0385274,-1.072906,-0.7609294999999999,-0.6931491,-0.1090056
Ecuador,2004,-0.7760231999999999,-0.911567,-0.91787,-0.7975237,-0.6776494,-0.1412869
Ecuador,2005,-0.8397298999999999,-0.926587,-0.8556619,-0.8610709,-0.7801857999999999,-0.1617977
Ecuador,2006,-0.8151132,-0.902354,-0.7680718,-0.9164806,-1.00964,-0.1342305
Ecuador,2007,-0.7886171,-0.83636,-0.6732855999999999,-0.9445398,-0.9510888,-0.0516943999999999
Ecuador,2008,-0.7162225999999999,-0.7597484999999999,-0.5596679999999999,-1.1198786,-1.1123748,-0.1418374
Ecuador,2009,-0.7037348,-0.4783123999999999,-0.5221507,-1.2985597,-1.1370281,-0.1331631999999999
Ecuador,2010,-0.7117287999999999,-0.4838765,-0.6609602,-1.2560471,-1.0787288,-0.1711153
Ecuador,2011,-0.6696297999999999,-0.3010584,-0.7429017,-1.1368099,-1.0913867,-0.183273
Ecuador,2012,-0.6136706,-0.2920187999999999,-0.6607451999999999,-0.9981981,-1.0775133,-0.3397139999999999
Ecuador,2013,-0.5841109999999999,-0.1859129,-0.2633528,-0.8297139,-0.9942102,-0.3577029
Ecuador,2014,-0.7552215,-0.1076037,-0.0167487,-0.7603968999999999,-1.0146122,-0.3170604999999999
Ecuador,2015,-0.7228483,-0.1938129999999999,-0.1822625,-0.9664965,-1.0655454,-0.4061724
Ecuador,2016,-0.7661053999999999,-0.1531976,-0.1672879,-0.8667598,-0.9659864,-0.3716661
Ecuador,2017,-0.7757227999999999,-0.1425924999999999,-0.1273984,-0.937257,-0.8823998,-0.3261625999999999
Ecuador,2018,-0.6184242999999999,-0.213034,-0.0672488,-0.8243339,-0.7671005,-0.1611409
Ecuador,2019,-0.5273627,-0.1952962999999999,-0.209832,-0.7315769999999999,-0.6485634,-0.1418141
Ecuador,2020,-0.5183859,-0.3435074999999999,-0.1513823,-0.7359599,-0.5676359,-0.1590886
Ecuador,2021,-0.6326965,-0.1107469,-0.1983083,-0.5551263,-0.4314709,-0.0753616999999999
Ecuador,2022,-0.655353,0.0016248999999999,-0.2336288,-0.4783493,-0.5794902,-0.0898423
Ecuador,2023,-0.719996,-0.1625338999999999,-0.3543579,-0.5994798,-0.8586497999999999,-0.1241577
Ecuador,2024,-0.7756801999999999,-0.2196127,-0.7210909,-0.6464312,-0.9650369,-0.1051406
"Egypt, Arab Rep.",1996,-0.2903698,0.0724351,-0.7883503,-0.3276597,0.0157875,-1.1471164
"Egypt, Arab Rep.",1998,-0.5478542,-0.2224136,-0.3972691,-0.3008312999999999,-0.1827629999999999,-1.1757084
"Egypt, Arab Rep.",2000,-0.5521491,-0.2541717,-0.4457866,-0.3139849,-0.1178374,-1.2298814
"Egypt, Arab Rep.",2002,-0.6106491,-0.728812,-0.6231042,-0.5474032999999999,-0.1273754,-1.1042357
"Egypt, Arab Rep.",2003,-0.630474,-0.6388484999999999,-0.8097073,-0.5819430999999999,-0.1323011,-1.1214899
"Egypt, Arab Rep.",2004,-0.6297096999999999,-0.5720178,-0.8807908999999999,-0.5956608999999999,-0.1250357,-1.1000972
"Egypt, Arab Rep.",2005,-0.6190665,-0.6310496999999999,-0.6948124,-0.4997625,-0.2134851999999999,-1.0742112
"Egypt, Arab Rep.",2006,-0.5725119,-0.6146271999999999,-0.676554,-0.3747774,-0.284285,-1.0415775
"Egypt, Arab Rep.",2007,-0.5368286999999999,-0.5786331,-0.4507884,-0.1790641999999999,-0.274528,-1.0421615
"Egypt, Arab Rep.",2008,-0.5715378999999999,-0.5179342,-0.4316049999999999,-0.1092085999999999,-0.2146515,-1.0898866
"Egypt, Arab Rep.",2009,-0.4952858,-0.3337177,-0.5708605999999999,-0.0191401,-0.2094603,-1.0111207
"Egypt, Arab Rep.",2010,-0.608266,-0.4820937999999999,-1.0007352,-0.0846898,-0.2849681,-1.0903918
"Egypt, Arab Rep.",2011,-0.5611174,-0.493349,-1.6888455999999998,-0.2206717,-0.51085,-1.0149758
"Egypt, Arab Rep.",2012,-0.5175138,-0.5323164,-1.5894566,-0.5120719,-0.5396816,-0.7796626
"Egypt, Arab Rep.",2013,-0.5658677,-0.7648362999999999,-1.8070331,-0.7386307999999999,-0.795294,-1.0853614
"Egypt, Arab Rep.",2014,-0.5762579999999999,-0.6440127999999999,-1.5091298,-0.7425351,-0.8397026999999999,-1.2061889
"Egypt, Arab Rep.",2015,-0.5639736,-0.5216722,-1.5178167,-0.7363711,-0.8381446,-1.2767461999999998
"Egypt, Arab Rep.",2016,-0.4472655,-0.4409503999999999,-1.5399732,-0.7670926,-0.8445636,-1.341413
"Egypt, Arab Rep.",2017,-0.4059653,-0.4068951999999999,-1.4711477,-0.7082554,-0.7746141999999999,-1.3321122
"Egypt, Arab Rep.",2018,-0.4749757,-0.4058854999999999,-1.2620095999999998,-0.7426752999999999,-0.7397560999999999,-1.5263923
"Egypt, Arab Rep.",2019,-0.6521091999999999,-0.1186416999999999,-1.1969208999999998,-0.7028437,-0.7493879999999999,-1.5713115
"Egypt, Arab Rep.",2020,-0.7914606,-0.2343558999999999,-1.1172787,-0.6355909,-0.7898805999999999,-1.587094
"Egypt, Arab Rep.",2021,-0.7873199,-0.2251022999999999,-1.066781,-0.5701379,-0.8185251,-1.6579735999999998
"Egypt, Arab Rep.",2022,-0.7776624,-0.1434309,-0.9542974,-0.6685017,-0.7728130999999999,-1.6315045
"Egypt, Arab Rep.",2023,-0.8169044999999999,-0.0397463,-0.8993232999999999,-0.5731672,-0.7776875,-1.6026342
"Egypt, Arab Rep.",2024,-0.8269898,-0.0970579,-0.9779235,-0.4994693999999999,-0.7515398999999999,-1.6006344
El Salvador,1996,-0.8811521,-1.1084762,-0.417817,-0.373254,-0.8525657,-0.4460696999999999
El Salvador,1998,-0.742136,-0.8917004,-0.2625484,-0.0558404999999999,-0.6994999,-0.400395
El Salvador,2000,-0.7200272,-0.962052,-0.0182977,-0.1212081,-0.8667495,-0.3754531
El Salvador,2002,-0.7260707,-0.8887993999999999,-0.0263441999999999,-0.0238134999999999,-0.7051921,-0.083174
El Salvador,2003,-0.5478229,-0.8359755,-0.312913,0.0454783,-0.6786222,-0.0619054
El Salvador,2004,-0.3835688,-0.4755758,-0.1469142,0.4169353,-0.4679104,-0.0537792
El Salvador,2005,-0.4242744,-0.5234141,-0.0697981,0.4294158999999999,-0.4984013,-0.0607406
El Salvador,2006,-0.3764327999999999,-0.4228256999999999,-0.2097959999999999,0.2227931,-0.6545692,0.0675239
El Salvador,2007,-0.4139309,-0.4204939,-0.0096099999999999,0.2663139,-0.6893201999999999,0.0332668999999999
El Salvador,2008,-0.4101059999999999,-0.4518894,0.0563549999999999,0.3961521,-0.6714141,0.0481141
El Salvador,2009,-0.2532086,-0.3350992,-0.1546506,0.5413163,-0.6923528,0.0191930999999999
El Salvador,2010,-0.2559994,-0.2079514999999999,0.0373531,0.4860596,-0.7999777,0.032629
El Salvador,2011,-0.168123,-0.2858874,0.0229261999999999,0.4552316999999999,-0.6816525,-0.0157832
El Salvador,2012,-0.4128275999999999,-0.2629505,0.1962334999999999,0.2304693,-0.8105369,-0.1160274999999999
El Salvador,2013,-0.3454095,-0.2285247,-0.1174817,0.2347388,-0.6813551999999999,-0.0962094999999999
El Salvador,2014,-0.4848632,-0.1173206,-0.1004167,0.1904278999999999,-0.6097108,0.0477758
El Salvador,2015,-0.5236225999999999,-0.3051905,-0.1411131,0.1043313999999999,-0.7675683,-0.0514586999999999
El Salvador,2016,-0.5627985,-0.3247184999999999,-0.2511021,-0.0119876,-0.7459281,-0.0424607
El Salvador,2017,-0.5282498,-0.3512048,-0.3360373,-0.063322,-0.8610369,-0.0652348
El Salvador,2018,-0.579658,-0.3651057,-0.4200645999999999,-0.0241538,-0.8317230999999999,-0.1297251999999999
El Salvador,2019,-0.5208324,-0.3446971,-0.2138062,-0.0559227999999999,-0.7489712,-0.0355093
El Salvador,2020,-0.5107438,-0.1427333,-0.1497936,-0.0750467,-0.6910565,-0.093384
El Salvador,2021,-0.5616664,-0.2484854,-0.2220070999999999,-0.2893204,-0.83512,-0.3341369999999999
El Salvador,2022,-0.680151,-0.387094,-0.0998814,-0.3858311,-0.9646984,-0.5778968999999999
El Salvador,2023,-0.6099566,-0.0947816,0.0822243,-0.3189964,-0.7070755999999999,-0.6318902
El Salvador,2024,-0.5765882,-0.1831795,0.0061325999999999,-0.1762422,-0.7133592,-0.7884205
Equatorial Guinea,1996,-1.4153174,-1.3618338,-0.1990548999999999,-1.6785698,-1.4877085,-1.8585661
Equatorial Guinea,1998,-1.4168214,-1.3673959999999998,-0.1985765,-1.7193668,-1.528694,-1.8622985
Equatorial Guinea,2000,-1.4212188,-1.3654721,-0.0046267999999999,-1.716091,-1.5294067,-1.847225
Equatorial Guinea,2002,-1.4243318,-1.3653191,-0.5037416,-1.513755,-1.3292709,-1.7087532
Equatorial Guinea,2003,-1.4253937,-1.373151,-0.2622451,-1.5137231,-1.33012,-1.7594416
Equatorial Guinea,2004,-1.4048334999999998,-1.374142,-0.4790063,-1.584987,-1.3254857,-1.7585404
Equatorial Guinea,2005,-1.5058021,-1.4036206,-0.6406556999999999,-1.6099789,-1.380881,-1.7299544999999998
Equatorial Guinea,2006,-1.3598299,-1.4051422,0.1001595,-1.568346,-1.2072542,-1.7044695
Equatorial Guinea,2007,-1.3616268,-1.4028412,0.1039401,-1.574244,-1.1413617,-1.8094794
Equatorial Guinea,2008,-1.3611491,-1.4010464,-0.0665767,-1.5833663999999998,-1.0988346,-1.8293464
Equatorial Guinea,2009,-1.2684339,-1.3669139,0.2160624,-1.5345535,-1.2340921,-1.7124453
Equatorial Guinea,2010,-1.2609948,-1.3172768,0.1280299,-1.5976619,-1.2288899,-1.7646289
Equatorial Guinea,2011,-1.261717,-1.3209115,-0.0605353999999999,-1.5790898999999998,-1.226947,-1.759199
Equatorial Guinea,2012,-1.2632177999999998,-1.3207353,-0.0777002,-1.6259788,-1.2725022,-1.7678557
Equatorial Guinea,2013,-1.3099628,-1.3530472999999998,-0.1980612,-1.6351215,-1.4111595,-1.7942882999999998
Equatorial Guinea,2014,-1.5899681,-0.9774502,-0.5596512,-1.5390838,-1.4834946999999998,-1.7526796999999998
Equatorial Guinea,2015,-1.5888102,-0.9975418,-0.5106021,-1.5095134,-1.5224093,-1.7571359
Equatorial Guinea,2016,-1.6329041,-0.9739752,-0.4049976999999999,-1.398269,-1.5650886,-1.7073452999999998
Equatorial Guinea,2017,-1.6336351999999998,-1.0052134,-0.3950453,-1.3973309,-1.5657288,-1.6995408
Equatorial Guinea,2018,-1.5191557,-0.9846747,-0.3808707,-1.4958505,-1.6273258,-1.7287651
Equatorial Guinea,2019,-1.5178173,-1.009579,-0.3400881,-1.443702,-1.58846,-1.707428
Equatorial Guinea,2020,-1.517481,-1.0623792,-0.380621,-1.4963872,-1.5279372999999998,-1.7200521
Equatorial Guinea,2021,-1.5181359,-1.041591,-0.3214725,-1.4969104,-1.528819,-1.7265335
Equatorial Guinea,2022,-1.5183607,-1.1757571999999998,-0.3481526,-1.2793839,-1.4839685,-1.738857
Equatorial Guinea,2023,-1.524639,-1.1523444,-0.2874757,-1.2792354,-1.480741,-1.7268865999999998
Equatorial Guinea,2024,-1.4730962,-1.1825117,-0.1409375,-1.3990487,-1.5403576,-1.7254261
Eritrea,1996,0.5000207,-1.3060162,-1.6951360999999998,-1.4243032,-0.7583386999999999,-1.5147614
Eritrea,1998,0.4972452,-1.3151438,-1.7583227,-1.3934147,-0.7808514999999999,-1.4019288
Eritrea,2000,0.4891301999999999,-1.3119868,-1.7330086,-1.3850063,-0.9662757,-1.8072904
Eritrea,2002,0.0850292,-0.9332579,-0.7069428,-1.347227,-1.013834,-2.104777
Eritrea,2003,-0.0183844999999999,-0.9425026,-0.9830762,-1.3471875,-1.024274,-2.1249408
Eritrea,2004,-0.2128555999999999,-1.0685702,-0.8200001,-1.4023085,-1.1741721,-1.9725093
Eritrea,2005,-0.4150293,-0.9143152,-0.9271517,-1.4663613,-1.1703443999999998,-2.1474598
Eritrea,2006,-0.4748534,-1.1331014,-0.8838642,-1.6974664,-1.2616976,-2.0453604
Eritrea,2007,-0.5423481,-1.1318599,-0.9933451,-1.724751,-1.3537548,-2.1195866999999997
Eritrea,2008,-0.6362941,-1.141717,-0.7912203,-1.7256451,-1.4175907,-2.2386542
Eritrea,2009,-0.6866557999999999,-1.1515328,-0.6668708999999999,-1.7900528,-1.4371889,-2.252429
Eritrea,2010,-0.7200413999999999,-1.1909988,-0.8910469,-1.8738187,-1.5184043,-2.2680878
Eritrea,2011,-0.7517438,-1.2937716,-0.8949954,-1.8736789,-1.5167327,-2.2744375
Eritrea,2012,-0.8728256999999999,-1.3263806,-0.9125405,-1.8952942,-1.5149893,-2.361104
Eritrea,2013,-0.9908114,-1.3919184,-0.9835097,-1.9571541,-1.570103,-2.3429253
Eritrea,2014,-1.124763,-1.2490594,-0.6517847999999999,-1.9053624,-1.676812,-2.3198236999999997
Eritrea,2015,-1.3519275,-1.2742181,-0.7893504,-1.8843157,-1.6533883,-2.3126683999999997
Eritrea,2016,-1.3528165,-1.2669749,-0.7487988,-1.9243858,-1.6534478,-2.2514852
Eritrea,2017,-1.320663,-1.2739169,-0.8341841999999999,-1.9095327,-1.633707,-2.256531
Eritrea,2018,-1.4338129,-1.4237759,-0.9260353,-1.9132827,-1.6817801,-2.1458016
Eritrea,2019,-1.4238042,-1.4628029,-0.9764301,-1.9646637,-1.6886873,-2.1503856
Eritrea,2020,-1.3612091,-1.3975653,-1.0705711,-1.9570422,-1.6238593,-2.1319483999999997
Eritrea,2021,-1.3685134,-1.394653,-1.027079,-1.9888015,-1.6516587,-2.1460385
Eritrea,2022,-1.3644356,-1.3434874,-1.0696541,-1.9894957,-1.7694664,-2.1228333
Eritrea,2023,-1.4131414,-1.3802453,-0.7897784,-2.0283618,-1.7971465999999998,-2.1972027
Eritrea,2024,-1.6331361,-1.4561788999999998,-0.7086146,-2.0353648,-1.8026292,-2.2897811999999997
Estonia,1996,0.4859292999999999,0.3768113999999999,0.7453453,0.8318428,0.6733108999999999,0.9347185
Estonia,1998,0.93994,0.2010404999999999,0.7659701,0.8605834,0.6475926,1.0662258
Estonia,2000,0.8425922,0.5813499999999999,0.9095174,0.9960239,0.6794953,1.0662033
Estonia,2002,0.7636453,0.6400868,0.8618593,1.2735971,0.7524856,0.9910474
Estonia,2003,0.8598443,0.8739661,0.9085482,1.409916,0.7698927999999999,1.0439984
Estonia,2004,0.922238,0.8750237999999999,0.6181856,1.4031382,0.7903319,1.0401667
Estonia,2005,0.965003,0.9156236,0.6875962999999999,1.470992,0.9554342,1.0529427999999998
Estonia,2006,1.0518977,1.0357675,0.7247608999999999,1.5502801,1.0769338,1.0298223
Estonia,2007,0.9936845,0.9948635,0.7383006,1.5488484,1.1225532,1.0412227
Estonia,2008,1.0058476,1.0468986,0.6674361999999999,1.5384652,1.1307264,1.0417351
Estonia,2009,0.9924429,0.9229304,0.6666147,1.4138316,1.0118511,1.0772386
Estonia,2010,0.9912376,1.0389597,0.7732081,1.4148898,1.0862504,1.1185454
Estonia,2011,1.1623156,1.0559372,0.7183725,1.4413017,1.1574635,1.193398
Estonia,2012,1.1139136,1.0577763,0.704313,1.458717,1.1538370999999998,1.1530285
Estonia,2013,1.173543,1.0627505,0.8630858,1.46505,1.1910277,1.1434192
Estonia,2014,1.2696404,1.1638114,1.024732,1.5190268999999998,1.3434077,1.2176114
Estonia,2015,1.2999987,1.0344114,0.8918499,1.5695561,1.3613873,1.2588335
Estonia,2016,1.2763152,1.0636815,0.8731492,1.6068171999999998,1.3740735,1.2674888
Estonia,2017,1.280741,1.0682357999999998,0.8425161,1.5192028,1.4064495,1.29647
Estonia,2018,1.4976463999999998,1.2651627,0.7988248,1.431181,1.3621544,1.2712932
Estonia,2019,1.52358,1.1953645,0.8235861999999999,1.5431575,1.5061563,1.4094654
Estonia,2020,1.5899428,1.3201957,0.9178902,1.4919949,1.4988678,1.4142436
Estonia,2021,1.5368104,1.3707205999999998,0.8879043999999999,1.5595497,1.4888413,1.4062888999999998
Estonia,2022,1.5957125,1.3587321,0.8742633,1.5410127,1.5220957,1.4173259
Estonia,2023,1.6727854999999998,1.2678954,0.8473510999999999,1.4519904,1.482125,1.3973248
Estonia,2024,1.6693209999999998,1.2969908,0.6995762999999999,1.3977035,1.4864478,1.4144994
Eswatini,1996,0.021292,-0.2734013,-0.262063,-0.4745419999999999,-0.0055369999999999,-1.3355162
Eswatini,1998,0.0185164999999999,-0.2825287999999999,-0.1563032,-0.4522041,-0.2108714,-1.2362337
Eswatini,2000,-0.0313736,-0.2793718,-0.2898214,-0.4461234,-0.211646,-1.4538422
Eswatini,2002,-0.0371185,-0.2791206,-0.1805152,-0.3633489,-0.5714739,-1.2495619
Eswatini,2003,-0.0390781,-0.8082803,-0.2420177999999999,-0.3632896,-0.4765608999999999,-1.4168136999999998
Eswatini,2004,-0.3033196999999999,-1.1297751,-0.2902148,-0.7472683,-0.7293921,-1.3451951
Eswatini,2005,-0.3043228,-1.0842476,-0.4790085999999999,-0.6335008999999999,-0.7870261,-1.2398525
Eswatini,2006,0.0827945,-0.5609934,-0.2415542,-0.4350370999999999,-0.6081949,-1.0727285
Eswatini,2007,0.0810212999999999,-0.5904897,-0.0991317999999999,-0.561879,-0.6670587,-1.1658594
Eswatini,2008,0.1882327,-0.3147488,-0.1724578,-0.4101381,-0.5202777,-1.1667241
Eswatini,2009,0.1378584,-0.3984928,0.0509458999999999,-0.3952066999999999,-0.5705815,-1.1521216
Eswatini,2010,-0.0920035999999999,-0.2557264999999999,-0.0016446,-0.4029338999999999,-0.6014925999999999,-1.2327546
Eswatini,2011,-0.1320068999999999,-0.3542781,-0.5398246999999999,-0.4456257999999999,-0.6936422,-1.2315025
Eswatini,2012,-0.1114560999999999,-0.1872129,-0.5257872,-0.4144504,-0.6112614,-1.2510617
Eswatini,2013,-0.134462,-0.2076096999999999,-0.5473549999999999,-0.2935979999999999,-0.6068486,-1.2154225
Eswatini,2014,-0.2843032,-0.2740835,-0.3976089,-0.3805913999999999,-0.5813088,-1.2606556
Eswatini,2015,-0.2787246,-0.2900182,-0.4462561,-0.3859781,-0.5378803999999999,-1.2650606
Eswatini,2016,-0.2738615,-0.2483556999999999,-0.4484062,-0.4170142,-0.5377407,-1.3264895
Eswatini,2017,-0.0881199,-0.2875028,-0.3803326999999999,-0.3867846,-0.4682555,-1.3337719
Eswatini,2018,-0.2724515999999999,-0.4508541,-0.5468116,-0.5010658,-0.46541,-1.3232294999999998
Eswatini,2019,-0.2969784,-0.4962233,-0.3182636,-0.5229659,-0.5571124,-1.2554067
Eswatini,2020,-0.3014253,-0.6235547,-0.1948628,-0.5241574999999999,-0.6595902,-1.2647062999999998
Eswatini,2021,-0.5806756,-0.7233033999999999,-0.4286436999999999,-0.5237379,-0.6977002,-1.3052686999999998
Eswatini,2022,-0.6085804,-0.6320655,-0.400835,-0.6219764999999999,-0.7269650999999999,-1.3134367999999998
Eswatini,2023,-0.6292553,-0.7177741999999999,-0.7261847,-0.6218515,-0.7274341,-1.2823788
Eswatini,2024,-0.7851598999999999,-0.7811414,-0.7327829,-0.6380015,-0.8598771,-1.3474097
Ethiopia,1996,-0.9822703,-1.3490638,-1.3493701,-1.475599,-0.8649532999999999,-1.230693
Ethiopia,1998,-0.9835362,-1.3532658,-1.0843672,-1.2180604,-0.8671207,-1.2146404
Ethiopia,2000,-0.9872373,-1.3518124,-1.3044886,-1.2152713,-0.8685459999999999,-1.2349044999999998
Ethiopia,2002,-0.7246524999999999,-1.2859289,-1.5086033,-1.3980025,-1.0602789,-1.3402955
Ethiopia,2003,-0.839374,-1.4424574,-1.5308526,-1.3492613999999998,-1.0528433,-1.3608201
Ethiopia,2004,-0.7533272999999999,-1.0120279,-1.2345298999999998,-0.9269604,-1.0004513,-1.1994129999999998
Ethiopia,2005,-0.8252058999999999,-0.9183428,-1.6372373999999998,-0.932236,-0.9697525,-1.1467164
Ethiopia,2006,-0.5313479999999999,-0.7589014,-1.6896015999999998,-0.8212092999999999,-0.7615099,-1.0751369
Ethiopia,2007,-0.5338238,-0.6386094999999999,-1.6868659,-0.7600859,-0.7335513,-1.0711576
Ethiopia,2008,-0.6319412999999999,-0.530582,-1.6609182999999998,-0.7194052999999999,-0.858252,-1.192214
Ethiopia,2009,-0.7219618,-0.5208216999999999,-1.3102757,-0.7819149,-0.8913998999999999,-1.226642
Ethiopia,2010,-0.6997533,-0.4772744,-1.5760665,-0.7207448,-0.8369645,-1.2490008
Ethiopia,2011,-0.6055573,-0.5169232,-1.5281949,-0.8615976999999999,-0.847511,-1.2689659
Ethiopia,2012,-0.6106685,-0.4212532,-1.613535,-0.917401,-0.7490211,-1.2547209
Ethiopia,2013,-0.5672534,-0.5207719,-1.3952471,-1.0682237,-0.8458441,-1.3228999
Ethiopia,2014,-0.5429668,-0.4514229999999999,-1.1765231,-0.9043825,-0.7533654,-1.3018621
Ethiopia,2015,-0.5196265,-0.5298526,-1.2635434,-0.9028806,-0.8051872999999999,-1.3145088
Ethiopia,2016,-0.4358904999999999,-0.4771006,-1.4396576,-0.9613611,-0.798565,-1.3385295
Ethiopia,2017,-0.5649481,-0.5281279,-1.5195725,-0.8985453999999999,-0.7825027999999999,-1.369723
Ethiopia,2018,-0.4565279,-0.5328814,-1.2054246,-0.8463421999999999,-0.7938799,-1.1704682
Ethiopia,2019,-0.4268519,-0.5253376,-1.1789771,-0.8280780999999999,-0.7767788,-1.0166778
Ethiopia,2020,-0.3685587999999999,-0.5516894999999999,-1.5934093,-0.8158694,-0.8139468,-1.0380249
Ethiopia,2021,-0.4003096,-0.6504620999999999,-2.0139565,-0.7684521,-0.9484534,-1.0719325
Ethiopia,2022,-0.4065653999999999,-0.7000773,-1.8659545,-0.7815691,-0.9181925,-1.1043087
Ethiopia,2023,-0.4629488,-0.6883758,-1.8637513,-0.8373693,-1.0393139999999998,-1.1791506
Ethiopia,2024,-0.4378632999999999,-0.645991,-1.8849739,-0.8332379,-1.0489242,-1.2423966
Federal Republic of Somalia,1996,-1.6162426,-2.0282198,-2.7949626,-2.9466353,-2.3086666,-2.1587535
Federal Republic of Somalia,1998,-1.6183029,-2.0341809,-2.4558668999999997,-2.5820244999999997,-2.315045,-2.1666054999999997
Federal Republic of Somalia,2000,-1.6143592,-2.0321191,-2.3846883,-2.2329401,-2.3200100999999997,-1.931441
Federal Republic of Somalia,2002,-1.3939435999999998,-1.9177876,-2.2473901,-2.2432282999999997,-2.5063251,-1.712425
Federal Republic of Somalia,2003,-1.6112183,-2.1931913,-2.5761377,-2.3135266999999997,-2.5080384,-1.6966736
Federal Republic of Somalia,2004,-1.6442627,-1.9237324,-2.6425033,-1.8992395,-2.4854228,-1.7941604999999998
Federal Republic of Somalia,2005,-1.657789,-2.0274329,-2.5984936,-1.9183079,-2.3453267,-1.7261388
Federal Republic of Somalia,2006,-1.6536954,-2.0283787,-2.6208007,-2.0643480999999997,-2.4900112,-1.7088845
Federal Republic of Somalia,2007,-1.6552547,-2.0269485,-3.0518932,-2.0631389,-2.4870718999999997,-1.8385949
Federal Republic of Somalia,2008,-1.6858822,-2.0206663,-3.0127129,-2.0962403,-2.4669174,-1.828183
Federal Republic of Somalia,2009,-1.5862218,-1.9129536,-2.8805199999999997,-2.0563642,-2.3770694999999997,-1.8761258
Federal Republic of Somalia,2010,-1.684578,-2.0844758,-2.9277889,-2.1656953999999997,-2.3849652,-1.8584735
Federal Republic of Somalia,2011,-1.6615444,-2.0910569999999997,-3.0165116999999997,-2.1983965999999997,-2.380498,-1.7938476
Federal Republic of Somalia,2012,-1.649052,-2.0650562999999997,-2.9013983999999997,-2.1097626,-2.3547925999999997,-1.8033103
Federal Republic of Somalia,2013,-1.6455130999999998,-2.0903583,-2.8513656999999997,-2.2176149,-2.3576872,-1.8076459
Federal Republic of Somalia,2014,-1.7399456999999998,-2.2056492,-2.4369844,-2.0809389,-2.2284291,-1.7864987
Federal Republic of Somalia,2015,-1.7297878,-2.050969,-2.2815589,-2.0369376,-2.1954112,-1.7723078
Federal Republic of Somalia,2016,-1.7350014,-1.9766562,-2.2701767,-2.0894524999999997,-2.2378636,-1.8003303
Federal Republic of Somalia,2017,-1.721871,-2.0010027999999997,-2.022776,-2.0883575,-2.3167845,-1.6676521
Federal Republic of Somalia,2018,-1.8064206,-2.0330208,-2.0614776999999997,-1.9778262,-2.3047801,-1.6431326
Federal Republic of Somalia,2019,-1.6343465,-2.0111906,-2.0704895,-1.9736596,-2.2768908999999997,-1.6191136
Federal Republic of Somalia,2020,-1.5494727,-1.9389024,-2.3507544,-1.8686121,-2.1834165999999997,-1.6658247
Federal Republic of Somalia,2021,-1.6031075,-1.9635446,-2.6069614999999997,-1.7880177,-2.1681752999999997,-1.6566375
Federal Republic of Somalia,2022,-1.5987844999999998,-1.9456879,-2.092858,-1.7887408,-2.2051746,-1.4916009
Federal Republic of Somalia,2023,-1.6168526,-1.8653529,-2.1717975,-1.6997338,-2.1303739,-1.4854463999999998
Federal Republic of Somalia,2024,-1.7861136,-1.9500523,-2.2630781,-1.7276053999999998,-2.2054496,-1.5761592
Fiji,1996,0.5492557,0.2429062,0.8005329999999999,-0.2724722,0.3011934,0.057435
Fiji,1998,0.5464802,0.2337786,0.8011511,-0.2501344,0.3053385,0.1191363
Fiji,2000,0.6099798,0.2369357,0.2537645,-0.5557164,-0.3951919,-0.3798437
Fiji,2002,0.5221766,0.2371867999999999,0.370257,0.1503836999999999,-0.0890775999999999,0.0459807999999999
Fiji,2003,0.2294766,0.2243347,0.3667150999999999,-0.2348563,-0.0906399,0.1595761
Fiji,2004,0.2632429,-0.1479039,0.1824725999999999,-0.7796048,-0.0821472999999999,0.1522626
Fiji,2005,-0.0647222,0.2174509999999999,0.3524397999999999,-0.4191163,0.1001171999999999,0.2410447999999999
Fiji,2006,-0.0789479999999999,0.2145048,-0.1642534,-0.3302406,-0.0905272999999999,-0.2255018
Fiji,2007,0.0387772,-0.2973473,-0.0062727,-0.453905,-0.6703734,-0.6237587
Fiji,2008,0.0484932999999999,-0.8101796,-0.1027295,-0.8413193999999999,-0.6728557,-0.7330511
Fiji,2009,-0.0369825,-0.8655432,-0.1722651999999999,-1.0778318999999998,-0.8946472,-0.9552295
Fiji,2010,-0.1720755,-0.5441368,-0.1775883999999999,-0.8730854,-0.9451713,-1.1410748
Fiji,2011,0.0901135,-0.5254383,-0.1217703,-0.7969782,-0.8580439,-1.0977742
Fiji,2012,0.0857756,-0.5785579,-0.1223286,-0.7927599,-0.8410654999999999,-0.9669526
Fiji,2013,0.0896913,-0.5782636999999999,-0.1240343999999999,-0.7220821,-0.8337905,-0.8414157999999999
Fiji,2014,0.3474414,-0.0992434,0.3275632,-0.2461577999999999,-0.4315572,-0.3083638999999999
Fiji,2015,0.3146994999999999,-0.1014371999999999,0.3263655,-0.2398962999999999,-0.2835247999999999,-0.2660296
Fiji,2016,0.3150778999999999,-0.1006745999999999,0.7205988,-0.2026016,-0.3532412,-0.2015064
Fiji,2017,0.344813,-0.100427,0.3819841,-0.2010525,-0.2958768,-0.2429692
Fiji,2018,0.340503,0.4324074,0.6984111,-0.2004155,-0.2048695999999999,-0.018233
Fiji,2019,0.6824056,1.1141072,0.6881602,0.152716,0.0630039999999999,0.0019276
Fiji,2020,0.5418111,0.6553479,0.6004415,-0.1526032,0.1646154,0.0852339999999999
Fiji,2021,0.4839701999999999,0.7309158,0.6663534,-0.0698337,0.1636161,0.0032995999999999
Fiji,2022,0.4582724999999999,0.5025006,0.7825529999999999,-0.0999849,0.2370994,0.0180240999999999
Fiji,2023,0.5323283,0.5033911,0.782933,-0.0997581999999999,0.3256265,0.1761540999999999
Fiji,2024,0.5626875,0.6089609,0.6984397999999999,0.0650821999999999,0.3057786,0.33163
Finland,1996,2.3650037,1.6663302999999998,1.5567759,1.2548467,1.9289738,1.6377763
Finland,1998,2.3803699,1.9201103,1.5572203999999998,1.7017749,1.9332586,1.6490669
Finland,2000,2.3501897,2.118098,1.6611776,1.7553161,2.0482547,1.6831713
Finland,2002,2.3615522,2.32219,1.6559791,2.0914156,2.0332407999999997,1.7377812
Finland,2003,2.3542543,2.3184526,1.6280328,2.1438360999999997,2.0345492,1.7059935
Finland,2004,2.2858674999999997,2.1608063,1.3697981,1.891508,1.9742131,1.7197262
Finland,2005,2.3168751999999997,2.1754916,1.5071144,1.9787475,1.8823365,1.6976044
Finland,2006,2.3969617,2.0312012,1.4689255,1.9145723,1.9433601,1.713509
Finland,2007,2.3313967,1.8931493,1.5017361,1.7544417,1.9411196,1.6854044
Finland,2008,2.2985114,1.9976827,1.4575265,1.7666189,1.9495598,1.6908803
Finland,2009,2.1761067,2.1588192,1.4999268,1.9463818,1.9178261,1.6738832
Finland,2010,2.0755526,2.1469591,1.4608384,1.9607069,1.9445504,1.6635712
Finland,2011,2.1357305,2.2380912,1.4052403,1.9132285,1.9050247,1.6936311
Finland,2012,2.0890617,2.2730989,1.3727277999999998,2.0005462,1.9912164,1.8195476
Finland,2013,2.0358514,2.2328224999999997,1.3332335,1.9418273,1.9176965,1.7599456
Finland,2014,2.0450303,2.0675854,1.3181701,1.8789118,2.0147036,1.7486535
Finland,2015,2.1750212,1.9234691,1.1347824,1.8686997,2.0648276,1.8318798
Finland,2016,2.1900901,1.9380968,1.0609919,1.8147025,2.0616811,1.8122181
Finland,2017,2.1795948,2.1101082,1.1388152,1.8324158,2.0894522,1.7957995
Finland,2018,2.1834702,2.1598194,1.041505,1.8525188,2.051007,1.8561275
Finland,2019,2.1845876,2.1491065,0.9978349,1.9937531,2.1086885,1.8337714
Finland,2020,2.2354320999999997,2.1354229,1.1572607,1.9717616,2.108953,1.9151339
Finland,2021,2.2264683,2.1560517,1.1287431,2.0110042999999997,2.0708538,1.913997
Finland,2022,2.1894698999999997,1.8972063,1.0892287,1.9092509,1.9939363,1.9074802
Finland,2023,2.193956,1.787685,0.7648775999999999,1.8669036,2.0200538999999997,1.8446784
Finland,2024,2.1920862999999997,1.8171611,0.8325695,1.9635191,2.0212705,1.8535581
France,1996,1.408111,1.5259154,0.8188274,0.7197901,1.4177546,1.3012914
France,1998,1.3972284,1.4602862,0.7452015,0.8377412999999999,1.2498062,1.1969767999999998
France,2000,1.2886271,1.6644076,0.8231818,1.0600734,1.3540002,1.2257163
France,2002,1.2479232999999998,1.5487521,0.8013429,1.1081742,1.1623234,1.2364995
France,2003,1.34057,1.6348006,0.3434670999999999,1.3314758,1.2892257,1.2334153
France,2004,1.3036185999999998,1.553699,0.3900905,1.3099942,1.3039094999999998,1.2714834
France,2005,1.4277596,1.7144505,0.4622452999999999,1.3267578,1.4493374,1.5048671
France,2006,1.4758857,1.463733,0.5971816,1.3022688999999998,1.2574073,1.357341
France,2007,1.4835556,1.5196923999999998,0.6512555999999999,1.3437547,1.3042062,1.4100222999999998
France,2008,1.4496473,1.6286144,0.6388366,1.3061458,1.3102674,1.4025096
France,2009,1.4333546,1.5501891,0.5084249,1.1753528,1.2421564,1.3921021
France,2010,1.3817944,1.4409639,0.7401354,1.2341536,1.2971705,1.3338995
France,2011,1.503435,1.4686756,0.5880869,1.108929,1.1807407,1.2227445
France,2012,1.4686276,1.5129077,0.6152426999999999,1.1365688,1.2885997,1.3133921
France,2013,1.3296179,1.4742784,0.4916416999999999,1.1440293,1.2396775,1.2297224
France,2014,1.311456,1.4539502,0.3877863,1.0322133,1.2630022,1.2106791
France,2015,1.2963551,1.4592807,0.1735664999999999,1.1137263,1.2424867,1.2297173
France,2016,1.3423858,1.4200425,-0.0415329,1.1025649,1.2562889,1.1836318
France,2017,1.3564923,1.4018117,0.2299719999999999,1.2328687,1.2449135999999998,1.162837
France,2018,1.4123369,1.5186813,0.1043515999999999,1.2678981,1.225462,1.152628
France,2019,1.3620502,1.4821333,0.2040672,1.4571643,1.1849149,1.1253167
France,2020,1.2939756999999998,1.4906558,0.1270887,1.2588514,1.1272001,1.1823864
France,2021,1.422803,1.5363266999999998,0.1241525,1.2843889,1.0805521,1.1650934
France,2022,1.3856444,1.4637768999999998,0.0198376,1.2688944,1.0195192,1.1796995
France,2023,1.2672713,1.3517693,-0.0187716,1.2327254,0.9946177,1.1742965
France,2024,1.2182239,1.2007009,-0.2413653999999999,1.1461527,0.97866,1.1486676999999998
French Guiana,1996,0.8945863,0.7592137,-0.1088475,0.8844449,0.8071967,0.3583657
French Guiana,1998,0.8901182999999999,0.7500861,-0.107944,0.9153334,0.7954489,0.3552133
French Guiana,2000,0.8770547999999999,0.7532430999999999,-0.1100285,0.9237418,0.7877232,0.3569878999999999
French Guiana,2002,0.8678068,0.7534943,0.1639603,0.9363777,0.7974331,0.3731117
French Guiana,2003,0.8646520999999999,0.7406421999999999,0.1587829999999999,0.9364598,0.7933017,0.3758724
French Guiana,2004,0.6637174,0.39448,-0.0736501,0.4132344,0.2977864,0.263356
French Guiana,2005,0.8590846999999999,0.7337585,0.1676068,0.9350349,0.7886266,0.3862272
French Guiana,2006,0.8672683,0.7308121999999999,0.0054865,0.9312473,0.7859951,0.3969226999999999
French Guiana,2007,0.8614064,0.7352677,0.0104015999999999,0.9378417,0.5360613,0.3938258
French Guiana,2008,0.8629646,0.7387427999999999,0.0097962,0.9349171,0.531266,0.391294
French Guiana,2009,1.326916,1.4811155,0.2023411,1.2930362,1.1123897,0.8073324
French Guiana,2010,1.3273144,1.4825188,0.1316319,1.2931055,1.111859,0.8060668999999999
French Guiana,2011,1.3263165,1.4816932,0.1267035,1.2935969,1.1163724,0.808344
French Guiana,2012,1.3242427,1.4819011,0.1261833,1.2882272,1.1146528,0.8064456999999999
French Guiana,2013,1.3244003,1.4821334,0.1245936999999999,1.2874313,1.1108093,0.80365
French Guiana,2014,1.1903933,1.4915243,0.3173905999999999,1.3669714,0.9367512,0.8066593999999999
French Guiana,2015,1.1920406,1.4897926,0.3161713,1.3720395,1.2200609999999998,0.807422
French Guiana,2016,1.193368,1.4903946,0.3131355,1.3732246,1.2203431,0.8064720999999999
French Guiana,2017,1.1924183,1.4905901,0.3135074,1.3744785,1.1468365,0.8056462
French Guiana,2018,1.1940337,1.4916632,0.3161239,1.3749941,1.1475174,0.9708795
French Guiana,2019,1.1962592,1.4927092,0.2573286999999999,1.3763918,1.0770308,0.9702299
French Guiana,2020,1.1968184,1.4897219,0.3817679,1.1571758,1.0777827,0.9693136
French Guiana,2021,1.1957295,1.4914946,0.3800754999999999,1.1562185,1.0751185,0.9629543
French Guiana,2022,1.1953555,1.2859047,0.5424152,1.059642,0.9446594,0.9608656
French Guiana,2023,1.194071,1.2866921999999998,0.4180182,1.0599139,0.9442595,0.9587989
French Guiana,2024,1.1953086,1.2858591,0.4120274,1.0605293999999998,0.9441949,0.9576687
French Polynesia,2019,,,0.9033343,,0.8978003999999999,0.4985194
French Polynesia,2020,,,0.9517964,,0.952574,0.4862757
French Polynesia,2021,-0.2035976,,1.0386429,,1.0299512,0.8876558
French Polynesia,2022,-0.2079857,,1.0479309,,1.0202576,0.8832696999999999
French Polynesia,2023,-0.2230586,,1.0494409999999998,,1.0176206,0.8789296
French Polynesia,2024,-0.2085367,,1.0303397,,1.0171948,0.8765563
Gabon,1996,-1.0853559,-0.3326513,-0.0643226,-0.4386123999999999,-0.6741237,-0.9370309
Gabon,1998,-0.889018,-0.6073685,0.138267,-0.0162121,-0.5464678,-1.0448222
Gabon,2000,-0.6951153,-0.6059150999999999,0.3575739,-0.1815097,-0.3341395,-0.9430596
Gabon,2002,-0.6977354,-0.6057994999999999,0.0922328999999999,-0.1673127999999999,-0.3088834,-0.8423117
Gabon,2003,-0.6986292,-0.6117161999999999,-0.1685302,-0.2828663,-0.4037815999999999,-1.0274649
Gabon,2004,-0.8961374999999999,-1.0988503,-0.0109077,-0.625024,-0.4558228,-1.1219823
Gabon,2005,-0.8227409,-1.041666,0.0508534999999999,-0.4182339,-0.4158914999999999,-1.0653616
Gabon,2006,-0.8417922999999999,-0.7785827,0.0509,-0.5483222,-0.714449,-1.0174017
Gabon,2007,-0.9647242,-0.7767769999999999,0.1412457,-0.4859785,-0.6347520999999999,-0.9148736
Gabon,2008,-0.9397956,-0.7753686,0.0709964,-0.4264347,-0.6029711999999999,-0.8324612
Gabon,2009,-0.9398098,-0.6129916999999999,-0.1153276999999999,-0.4637721999999999,-0.6433565,-0.9535197
Gabon,2010,-0.7901273999999999,-0.5813480999999999,-0.0009299999999999,-0.4114898999999999,-0.6043955,-0.8611472
Gabon,2011,-0.7302265,-0.7953663,-0.0247919,-0.5188594,-0.5188891999999999,-0.8986902
Gabon,2012,-0.6847821,-0.9553429,0.0644217,-0.5270081,-0.4691249999999999,-0.8329362
Gabon,2013,-0.6819546,-0.8356498,-0.0012508,-0.6584268,-0.6486187,-0.8732314999999999
Gabon,2014,-0.8308004999999999,-0.6813684,-0.0865664999999999,-0.6875047,-0.6161267,-0.8845052
Gabon,2015,-0.7410648999999999,-0.7023889999999999,-0.1148078,-0.6567197,-0.6346841,-0.8884599999999999
Gabon,2016,-0.6893722999999999,-0.6634804,-0.5345791999999999,-0.6099754,-0.5515620999999999,-0.9227754
Gabon,2017,-0.8701114999999999,-0.8272048,-0.4524644,-0.622216,-0.638817,-0.9842018
Gabon,2018,-0.8201189999999999,-0.7795312999999999,-0.393451,-0.7564955999999999,-0.7730817,-0.9208161
Gabon,2019,-0.8194499,-0.7880906,-0.2805716,-0.8766721,-0.8658418999999999,-0.9184107
Gabon,2020,-0.8043948,-0.8134549,-0.2194997,-0.8995732,-0.9315253,-0.9268989
Gabon,2021,-0.8653289,-0.5886646999999999,-0.28203,-0.8324927999999999,-0.9165415,-0.9523998
Gabon,2022,-1.0035399,-0.5943568,-0.1324826,-0.7600762999999999,-1.0937103,-1.062491
Gabon,2023,-0.9748427,-0.5840974,-0.2702052,-0.7404782,-1.0781643,-1.1549558
Gabon,2024,-0.9367769,-0.5671547,-0.276887,-0.7234577999999999,-1.155705,-1.0208367
"Gambia, The",1996,-0.2759315,-0.5863082,0.3864824,-1.2010431,0.3103372,-1.446891
"Gambia, The",1998,-0.2403365999999999,-0.5922693,0.4993911,-0.6411759,0.3350600999999999,-1.17042
"Gambia, The",2000,-0.2408227999999999,-0.5902075,0.3153328999999999,-0.3597748,0.0263955,-1.2752171
"Gambia, The",2002,-0.2450872999999999,-0.5900434999999999,0.4777181,-0.4522597,-0.1330182,-0.7499534999999999
"Gambia, The",2003,-0.1573975,-0.5953216,0.0176281,-0.1835574999999999,0.0617903999999999,-0.5596401999999999
"Gambia, The",2004,-0.3962133,-0.6714764,-0.0950719999999999,-0.6314569,-0.7057479,-0.7051940999999999
"Gambia, The",2005,-0.6333333,-0.7874411,-0.0459223,-0.6355044999999999,-0.4946695,-0.9965087
"Gambia, The",2006,-0.6159595999999999,-0.9187555,-0.1468782,-0.4928060999999999,-0.4198427999999999,-0.9817799
"Gambia, The",2007,-0.6385879,-0.7778147999999999,-0.0203999999999999,-0.4462667999999999,-0.3569654,-0.973108
"Gambia, The",2008,-0.6917675,-0.7696386,-0.0120161,-0.4811745999999999,-0.5183904,-1.0136887
"Gambia, The",2009,-0.7074094,-0.6502235,0.1514336,-0.4801698,-0.6336655999999999,-1.0528254
"Gambia, The",2010,-0.6967329999999999,-0.638967,0.0735716999999999,-0.5392047999999999,-0.6685595,-1.0824475999999998
"Gambia, The",2011,-0.6556196,-0.6268448,-0.0174454,-0.5046122,-0.6923652,-1.1982281
"Gambia, The",2012,-0.7701443,-0.5767663,-0.2214113999999999,-0.4463311,-0.7332373,-1.2368014
"Gambia, The",2013,-0.8714738,-0.6098694,-0.2420331,-0.62969,-0.8035133,-1.2195775
"Gambia, The",2014,-0.8916468999999999,-0.5410093,-0.3503537,-0.6173255999999999,-0.8943356,-1.2094307
"Gambia, The",2015,-0.9231417,-0.6335683,-0.2105015999999999,-0.6927682,-0.9141184,-1.3095822
"Gambia, The",2016,-0.9137354,-0.6110704,-0.446274,-0.6369045999999999,-0.9649881,-1.2057754
"Gambia, The",2017,-0.5031960999999999,-0.5220745999999999,-0.1969536999999999,-0.5600594999999999,-0.5615844,-0.6545953999999999
"Gambia, The",2018,-0.417942,-0.5023406,-0.1154594999999999,-0.7118009,-0.4590143,-0.2913699999999999
"Gambia, The",2019,-0.3416671,-0.5361521,0.0678807,-0.6967552,-0.4430566999999999,-0.3337986
"Gambia, The",2020,-0.2228167999999999,-0.5874216,0.1363877,-0.70407,-0.3368299999999999,-0.2585693
"Gambia, The",2021,-0.3139401,-0.5131901,0.0231959,-0.7545354999999999,-0.3721489,-0.2013339999999999
"Gambia, The",2022,-0.3002052,-0.5024957999999999,0.1344853,-0.673555,-0.3639747,-0.2100487999999999
"Gambia, The",2023,-0.2961671999999999,-0.4683483,0.1359931999999999,-0.63169,-0.340458,-0.1684255
"Gambia, The",2024,-0.3342284,-0.5358243,-0.0180453,-0.6640332,-0.3941933999999999,-0.1820029
Georgia,1996,-1.4984444,-1.3060162,-2.0112428,-1.027111,-1.1916685,-0.6573561
Georgia,1998,-1.409571,-1.3151438,-2.0672234,-0.8405581,-1.1638569,-0.6754492999999999
Georgia,2000,-1.5641949,-0.8765202999999999,-1.6345501999999998,-0.6511102999999999,-0.6312310999999999,-0.5822719
Georgia,2002,-1.5321825,-1.2104208,-1.6613597,-0.8537636,-0.9864675,-0.6059844999999999
Georgia,2003,-0.9964197,-1.2195365,-1.6120011,-0.6279205999999999,-0.9064046,-0.4026285
Georgia,2004,-0.0487663999999999,-0.7313035,-0.9070276,-0.5058687,-0.5358225,-0.0542215
Georgia,2005,0.1294227,-0.6108964,-0.7777854,-0.3366145,-0.5277145999999999,0.0089829
Georgia,2006,0.2742286,-0.3869641,-0.8124382,0.1418185,-0.3293416,0.0465444999999999
Georgia,2007,0.0623595999999999,-0.2227139,-0.4938217,0.4072044999999999,-0.2271036,-0.0115994
Georgia,2008,0.1189862999999999,-0.0154297999999999,-0.8166453,0.5765405,-0.2279868,-0.1510497999999999
Georgia,2009,0.1388093,0.0841957,-0.7431732,0.5740788,-0.1745783,-0.0781289
Georgia,2010,0.2516678,0.2118458,-0.5609883,0.6439699999999999,-0.1152913,-0.0429631
Georgia,2011,0.3176029999999999,0.5431231,-0.6225731999999999,0.7158059999999999,-0.0187223,-0.037764
Georgia,2012,0.5201487,0.6137741,-0.5006273,0.6933446,0.1864405999999999,-0.0325473
Georgia,2013,0.5383892,0.5511037,-0.2259943999999999,0.7283063,0.1218199,0.0696
Georgia,2014,0.8080156,0.5296758,-0.0248029,0.8195009999999999,0.3527978,0.2364329
Georgia,2015,0.7754032,0.4698911,-0.090598,0.8099349,0.3405597999999999,0.257919
Georgia,2016,0.799381,0.5977321999999999,-0.0614684,0.9448319,0.3711936999999999,0.2793396999999999
Georgia,2017,0.8616872,0.6334816999999999,-0.1125587,0.9415641,0.2231622999999999,0.1845367
Georgia,2018,0.8416678,0.5020219,-0.0948569,0.8011621999999999,0.2663887,0.1902669
Georgia,2019,0.8436252,0.511363,-0.134771,0.8781481999999999,0.2144371,0.1539206
Georgia,2020,0.8203237,0.3081567,-0.1271941,0.8062149,0.2567957999999999,0.0930661
Georgia,2021,0.7226794999999999,0.4515433,-0.2017684,0.8431074,0.2251347,0.0300981
Georgia,2022,0.6512819,0.4424251999999999,-0.1000346999999999,0.7730594,0.1818199999999999,-0.020937
Georgia,2023,0.6584135,0.5876041,-0.1209085999999999,0.8085222999999999,0.1642921,-0.1052575999999999
Georgia,2024,0.3810861,0.4562672,-0.6127592,0.6500427999999999,0.1489666999999999,-0.253538
Germany,1996,2.0380023,1.778071,1.2778169,1.1551753,1.6971005,1.6014824
Germany,1998,2.0103729,1.6538925999999998,1.2564575999999998,1.2215808,1.6810298,1.5884867
Germany,2000,1.7250858999999998,1.7619844,1.3500041,1.603699,1.6877898999999998,1.5940086
Germany,2002,1.8103024,1.7461478,1.0125434,1.6601952999999998,1.6964095,1.5401099
Germany,2003,1.8885223,1.5716359,0.7285007,1.4997507,1.6968919,1.4840326
Germany,2004,1.7933498,1.5450395,0.7052145999999999,1.4377554,1.6707881999999998,1.4773526
Germany,2005,1.9288145,1.6484947,0.993342,1.5056287,1.6632517999999998,1.568364
Germany,2006,1.7295897999999998,1.6976514,1.0364686,1.5062382,1.6705656,1.5816214
Germany,2007,1.6554474,1.7597094,1.0605417,1.5280349,1.7387655,1.57531
Germany,2008,1.688208,1.7376429999999998,1.008294,1.3519451,1.6322926,1.5465795
Germany,2009,1.6821928,1.7720019,1.0301905999999998,1.4048295,1.6083385,1.5905728
Germany,2010,1.6517124,1.538577,0.9300893,1.4217684,1.6169218,1.5107482
Germany,2011,1.6649059,1.645879,0.895856,1.472517,1.5919362,1.518923
Germany,2012,1.6570716,1.7583687,0.9668035,1.5033775,1.6179785999999998,1.5272685
Germany,2013,1.6261055,1.8105078,0.9567087,1.4776207,1.6271661,1.528676
Germany,2014,1.7082916,1.9655186,1.067265,1.5568299,1.7365653,1.5532686
Germany,2015,1.7233648,1.9623466,0.8311440999999999,1.6412186,1.739872,1.5917252
Germany,2016,1.763112,1.9057837,0.7945337,1.6895095999999998,1.6848367,1.5145689
Germany,2017,1.8222612,1.8901031,0.7022243,1.6946666,1.7028849,1.5233606
Germany,2018,1.9178103,1.8019092,0.8239013,1.6795515,1.715527,1.5425213
Germany,2019,1.8768449,1.8881241,0.7271723,1.6651379,1.7076622,1.5336755
Germany,2020,1.8713077,1.7812546,0.6840531999999999,1.5622144999999998,1.6271231,1.6004463
Germany,2021,1.8243293,1.8265941,0.6603045,1.6129105,1.6349496,1.5769284
Germany,2022,1.8224098,1.7792628,0.5284799,1.5636199,1.5810518,1.5586753999999998
Germany,2023,1.699403,1.5613864,0.50602,1.4741969,1.5855644999999998,1.5915479
Germany,2024,1.7734211,1.5462994,0.1242670999999999,1.4980615,1.6257844,1.5981515
Ghana,1996,-0.2148661999999999,-0.0324486,-0.6095455,-0.642087,-0.2889734,-0.3691786999999999
Ghana,1998,-0.5731233,-0.3071658,-0.6059312,-0.3021176,-0.4973006,-0.3896717999999999
Ghana,2000,-0.0109083,-0.0680212999999999,-0.4701511,-0.1226001999999999,-0.1613038,-0.1709219
Ghana,2002,-0.3000833,-0.2240366999999999,-0.2418341,-0.7400067,-0.0673975,-0.1315019
Ghana,2003,-0.3194152,-0.4389192999999999,-0.2165147999999999,-0.6965098,-0.1615689,-0.0284494
Ghana,2004,-0.3390642,-0.3962772,-0.1177496,-0.4937082,-0.1891663999999999,0.1774719
Ghana,2005,-0.4199254,-0.2673342999999999,0.0517114,-0.2995163,-0.0514475,0.2985231
Ghana,2006,-0.1130597,0.0739642,-0.0780160999999999,-0.085492,0.2121295,0.539261
Ghana,2007,-0.0943405,0.0561228,-0.1161254999999999,-0.0650193999999999,0.1996048,0.5927153
Ghana,2008,-0.0856728,0.0686849,-0.145694,-0.0288747,0.0965169999999999,0.49634
Ghana,2009,-0.0172755,0.078926,0.1366056,0.005539,0.0402314999999999,0.5417809
Ghana,2010,0.0661022,0.0369136,-0.0543989999999999,-0.0073250999999999,0.0192559,0.5375983
Ghana,2011,0.0550801999999999,0.0061563,0.0898514,-0.0260614999999999,0.1772022999999999,0.5108169
Ghana,2012,-0.0180774,0.0221723,0.0333979,-0.0164951,0.1657171999999999,0.5280831
Ghana,2013,-0.0209075,-0.0886218999999999,0.0303364,-0.0348948,0.2017795,0.4680726999999999
Ghana,2014,-0.1952286,-0.0881126,-0.0929878,-0.1382604,0.1435263,0.4460774999999999
Ghana,2015,-0.2762732,-0.085856,-0.0228697,-0.1261719,0.2011809,0.3876991999999999
Ghana,2016,-0.2465555999999999,0.0177698,-0.128208,-0.2411721,0.2040095999999999,0.37094
Ghana,2017,-0.2759026,0.0366096999999999,0.0663948999999999,-0.1635273,0.2800282,0.4517344
Ghana,2018,-0.1402247999999999,-0.0138733,-0.032042,-0.1688204999999999,0.1999324999999999,0.37686
Ghana,2019,-0.0994456,-0.0546834,0.0133996999999999,-0.1935344,0.1177125,0.3201061
Ghana,2020,-0.0922532,-0.0103657,0.0588855,-0.1601259,0.1110047,0.2829496999999999
Ghana,2021,-0.1554389,-0.0445107,-0.1622488,-0.1880837,0.0415219,0.2068363
Ghana,2022,-0.0967234999999999,-0.0662946,-0.1877453,-0.1621235,0.0021348,0.1697154
Ghana,2023,-0.1303327,-0.0177779,-0.0688107,-0.159406,-0.0029916,0.17051
Ghana,2024,-0.1934794,0.0595795999999999,0.0114605,-0.0898549,0.0539695,0.2043162
Greece,1996,0.704405,0.5079684,0.6534504999999999,0.3661329,0.9934539,1.0256789
Greece,1998,0.9740501,0.2820447,0.7352976,0.6535704,0.7218243,1.1803492
Greece,2000,0.9046189,0.3180535,0.8235076,0.8090187999999999,0.8143476,1.2279505
Greece,2002,0.4512799999999999,0.4355370999999999,0.8168243,0.9240858,0.8024604999999999,1.129581
Greece,2003,0.4370156,0.5176035999999999,0.6057467999999999,0.9381859,0.8767693999999999,1.1809016
Greece,2004,0.4786361999999999,0.6671438,0.4724252,0.7570918999999999,0.9163905,1.146449
Greece,2005,0.3973065,0.4979127,0.5607580999999999,0.8384309999999999,0.8057555,1.1541321
Greece,2006,0.4749268,0.5463793,0.5122129,0.8213828,0.8118858999999999,1.1910714
Greece,2007,0.2848043,0.4958192999999999,0.525963,0.8309751,0.8092929999999999,1.2243039999999998
Greece,2008,0.1748439,0.4581092,0.2917478,0.7646917999999999,0.7008032,1.0989539
Greece,2009,0.0966569999999999,0.4951186999999999,-0.0010877,0.6473105,0.6231376,1.1483869
Greece,2010,-0.0313709,0.3044237999999999,-0.0107333,0.434872,0.4791736,1.0095167
Greece,2011,-0.0756332,0.2558843,-0.0776492,0.273721,0.4787774999999999,0.9376314
Greece,2012,-0.0229614,0.2269435,-0.1628976,0.144625,0.3458755,0.7074172
Greece,2013,0.1098246,0.396537,-0.152352,0.2747397,0.3947316999999999,0.6757818
Greece,2014,0.0019795,0.2447727999999999,-0.0700276,0.1536973999999999,0.3608831999999999,0.6896289
Greece,2015,0.0220321,0.1817350999999999,-0.1201405,0.2363588999999999,0.3396437,0.6672393999999999
Greece,2016,0.0885981,0.0838989,-0.1537754,0.1504685999999999,0.2646201999999999,0.6780849999999999
Greece,2017,0.1466842,0.2623317,0.00694,0.156796,0.2778969,0.6628896999999999
Greece,2018,0.2408155,0.3398991,0.351321,0.2867976,0.2797611,0.6995366
Greece,2019,0.3040548,0.4589741,0.2789347,0.4186735,0.3838302,0.7342913
Greece,2020,0.2809798,0.5867351,0.2996221,0.4420624999999999,0.4729929,0.855378
Greece,2021,0.3910516,0.5727218,0.2270172,0.3962921,0.4439375,0.7984163999999999
Greece,2022,0.3224993,0.5636045,0.236947,0.4212367999999999,0.4892737,0.7920598
Greece,2023,0.3292978,0.2578486,0.3853039,0.5145808,0.3963788,0.830097
Greece,2024,0.2996813,0.1912731,0.1394204,0.4796528,0.2983017,0.7818531
Greenland,2009,1.0255765,0.4629938999999999,1.4851242,1.5081069,1.6250276,1.4212414
Greenland,2010,1.0261919,0.4658113,1.467415,1.5082149,1.6243297,1.4193045
Greenland,2011,1.0246504,0.4641538,1.7538045999999998,1.5089813,1.6302648,1.4227895
Greenland,2012,1.0214471,0.4645712999999999,1.7528895999999998,1.5006076,1.6280036,1.4198844
Greenland,2013,1.0216906,0.4650375,1.7500938,1.4993664999999998,1.6229493,1.4156057
Greenland,2014,1.0188354,0.4838917,1.7597512,1.4966011,1.6255012999999998,1.4202112999999998
Greenland,2015,1.02138,0.4804151,1.7576068,1.5045044,1.6277524,1.4213785
Greenland,2016,1.1093795,0.4816236,1.7522673,1.5063525,1.6281234,1.4199247
Greenland,2017,1.1079441,0.482016,1.7529215,1.5083079,1.6272154,1.4186607
Greenland,2018,1.1103855,0.4841705999999999,1.7575234,1.5091118,1.6281107,1.4179056
Greenland,2019,1.1137491,0.4862706,1.7589045,1.5112915999999998,1.6279960999999998,1.4172559
Greenland,2020,1.1145942,0.480273,1.7581458,1.5075802,1.6289848999999998,1.4163396
Greenland,2021,1.0270782,0.4838322,1.7551692,1.5060874,1.6254815,1.4099803
Greenland,2022,1.0265006,0.7779130999999999,1.2502225,1.3554833,1.5750875,1.4078917
Greenland,2023,1.0245164,0.7792724999999999,1.2510555,1.3559072,1.5745781,1.4058249
Greenland,2024,1.482751,1.3528493,1.2405187,1.5034927,1.5744958,1.4046947
Grenada,1996,0.8945863,0.7592137,0.691257,0.3516569,0.3933859999999999,0.6505714
Grenada,1998,0.8901182999999999,0.7500861,0.6919546999999999,0.3825454,0.3843933,0.6492148999999999
Grenada,2000,0.8770547999999999,0.7532430999999999,0.690345,0.3909538999999999,0.3784792999999999,0.6499785
Grenada,2002,0.8678068,0.7534943,0.6920267,0.4035897,0.3859121,0.6328231
Grenada,2003,0.8646520999999999,0.7406421999999999,0.6880288,0.4036717999999999,0.3827495999999999,0.7177542
Grenada,2004,0.5605873,0.4779745999999999,0.6363660999999999,0.1135211999999999,0.3128308999999999,0.6758468
Grenada,2005,0.7009683,0.4427567,0.3164372,0.1376019,0.6029108,0.822548
Grenada,2006,0.7279744,0.4847849999999999,0.3189265,0.2074943,0.3188316,0.7983646999999999
Grenada,2007,0.4521870999999999,0.4874708,0.3230374,0.210146,0.3619194,0.8610686
Grenada,2008,0.4530939,0.4895657,0.322531,0.20897,0.3602161,0.8688553
Grenada,2009,0.4813718999999999,0.5379916,0.3284926999999999,0.2174237,0.3797584,0.8316233
Grenada,2010,0.52034,0.5616483999999999,0.4428404999999999,0.3118208,0.3820309,0.8065886
Grenada,2011,0.5189688,0.5608316999999999,0.3304882,0.2356602,0.3871951999999999,0.8085019
Grenada,2012,0.5161195,0.5610374,0.3758143,0.2309440999999999,0.3852277,0.7867711
Grenada,2013,0.516336,0.5009041,0.3741085,0.2302450999999999,0.3808298,0.7805866
Grenada,2014,0.2414205999999999,0.2423393999999999,0.5970390999999999,0.0620513,0.2018074,0.7869506
Grenada,2015,0.5361081,0.0331346999999999,0.5941324,0.075533,0.6377915,0.604135
Grenada,2016,0.5371119,0.0337302,0.9130972,0.0762839,0.8005994,0.5979173999999999
Grenada,2017,0.4508705999999999,0.0339234999999999,0.9134729,-0.0486777,0.5590961999999999,0.4612009999999999
Grenada,2018,0.4166836,-0.1545833999999999,0.9161154,-0.1478545,0.4216609,0.4067725
Grenada,2019,0.3780138999999999,-0.0931857,0.9169085,-0.1308406,0.3905346999999999,0.3676888
Grenada,2020,0.3784367999999999,-0.0961408,1.0425879,-0.1239178,0.4276608999999999,0.3626019
Grenada,2021,0.3144044,-0.0943871,1.0408786,-0.0492583,0.4044534999999999,0.2559812999999999
Grenada,2022,0.2886861,-0.0438885,1.2048361,-0.040791,0.4711413,0.2406624
Grenada,2023,0.3935799,0.0807085999999999,1.2053144999999998,0.053522,0.5500381999999999,0.2943878
Grenada,2024,0.4790005,0.0201444,1.1992639,0.0498843999999999,0.5408822,0.3787385
Guam,2004,0.3233283,0.2693143,0.3217114,0.3845321,0.6688719,0.3353121
Guam,2005,0.8590846999999999,-0.2988564999999999,0.7112288,0.7574388,1.0437479,0.6088416
Guam,2006,0.8672683,-0.3018027,0.7157169999999999,0.7536512,1.0411164,0.6195371
Guam,2007,0.8614064,-0.2973473,0.451318,0.7602456,1.046304,1.0616691
Guam,2008,0.8629646,-0.2938720999999999,0.4504051,0.7573209,1.0415086,1.0591373
Guam,2009,0.8629097,-0.2817378,0.4611541999999999,0.5758069,1.0357197,1.0596387
Guam,2010,0.8638503,-0.279435,0.4506688,0.5759582,1.0340099,0.8341135
Guam,2011,0.8614942,-0.2807897,0.7732445,0.5770316,1.0485488,0.8393508
Guam,2012,0.8565980999999999,-0.2804485,0.772577,0.5653036,1.0430097,0.8349848999999999
Guam,2013,0.8569702,-0.2800674999999999,0.7705375,0.5635652999999999,1.0306287,0.8285549
Guam,2014,1.1646295,0.7679579999999999,0.8176369,0.1453016,1.3203479,0.8354763
Guam,2015,1.1685187,0.7651163,0.8160725,0.1563708,1.3258622,0.8372301999999999
Guam,2016,1.1716528,0.7661041,0.6519602,-0.0778353,1.0999968,0.8350453999999999
Guam,2017,1.1694105,0.7664249,0.8126545,-0.0750966,1.3245468,0.8331459999999999
Guam,2018,1.1732244,0.7681859,0.9368685,-0.0739706,1.4141978,1.0667354
Guam,2019,1.1784788,0.7699022999999999,0.9450797,-0.0709177,1.4239573,1.1536426
Guam,2020,1.1797991,0.7650002,0.9970127,0.3974735,1.1574434999999998,1.2002513
Guam,2021,1.1772281,0.7679093,0.9953332,0.3953827,1.1509220999999998,1.186897
Guam,2022,1.1763452,0.952868,0.9982241,0.3898105,1.1703242,1.182511
Guam,2023,1.1733125,0.9540388,0.9986942,0.3904042,1.0348111,1.1781709
Guam,2024,1.1762344,1.269394,0.9927487,0.3917487,1.0346735,1.1757976
Guatemala,1996,-0.7777853,-0.9449992,-1.4237565,-0.5211481,-1.0761371,-0.5356202
Guatemala,1998,-0.7788982,-0.7282234999999999,-1.2657645,-0.4992453,-1.1658258,-0.6428613
Guatemala,2000,-0.5646551,-1.0470244,-0.9180183,-0.3755784,-0.9986897,-0.5959563999999999
Guatemala,2002,-0.7996317,-0.9260441,-0.9767398,-0.247575,-1.0297832,-0.520685
Guatemala,2003,-0.8119333,-0.9461887,-0.9245241,-0.2824261999999999,-1.0647684,-0.5044240999999999
Guatemala,2004,-0.5943331,-0.8896651,-0.9367545,-0.3638522999999999,-0.8936569,-0.3090642
Guatemala,2005,-0.6394656,-0.8990503,-0.9031244,-0.4528577,-0.9179717,-0.2898653
Guatemala,2006,-0.6466033999999999,-0.7008040999999999,-0.8776149999999999,-0.3463887,-0.9226219,-0.0758399
Guatemala,2007,-0.6123079,-0.6725821,-0.8340833,-0.3840826,-0.9222092,-0.1225339999999999
Guatemala,2008,-0.4600475,-0.6490195999999999,-0.7769927,-0.3507392,-0.945645,-0.1529893
Guatemala,2009,-0.5122531,-0.581593,-0.8012209,-0.3833444,-0.9113233,-0.1793457
Guatemala,2010,-0.6209412,-0.6073928,-0.8111383999999999,-0.3638293999999999,-0.8997347,-0.2765199
Guatemala,2011,-0.5518373,-0.6813602,-0.7531567,-0.3920435,-1.0328095,-0.3393179
Guatemala,2012,-0.7692412,-0.6922625,-0.7159854,-0.4652296999999999,-0.9611443,-0.2917547
Guatemala,2013,-0.720212,-0.6452597999999999,-0.7337319999999999,-0.5056908999999999,-1.0370188,-0.3280154999999999
Guatemala,2014,-0.8707969,-0.5721862,-0.7302664999999999,-0.4728187,-0.960209,-0.3165549
Guatemala,2015,-0.9067476,-0.6527227999999999,-0.6909179999999999,-0.4046943999999999,-0.9498506,-0.2934627999999999
Guatemala,2016,-0.8736978999999999,-0.6757539,-0.6431273,-0.3561978999999999,-0.9640867,-0.2657024
Guatemala,2017,-0.8839206,-0.6982041,-0.7007595999999999,-0.4515756999999999,-0.9510672,-0.2370381
Guatemala,2018,-0.9720414,-0.7651424,-0.6836211,-0.3907315,-0.9808528,-0.3070682999999999
Guatemala,2019,-1.0038569,-0.7779290999999999,-0.6944184,-0.4231477999999999,-1.0056597,-0.3397201999999999
Guatemala,2020,-1.0998808,-0.7764521,-0.5638683999999999,-0.3770766,-0.9659236,-0.3576093999999999
Guatemala,2021,-1.2179093,-0.7444335,-0.5740791,-0.3859927999999999,-0.9755677,-0.4356685999999999
Guatemala,2022,-1.2166625,-0.8842065,-0.3005447,-0.3817018,-1.0371304,-0.4749828
Guatemala,2023,-1.0869128,-0.8628806,-0.2021326,-0.4082948999999999,-1.0108162,-0.4896787999999999
Guatemala,2024,-0.9482653,-0.9093696,-0.2097668999999999,-0.3094252,-0.962274,-0.4707611
Guinea,1996,-0.5845241999999999,-1.307264,-0.9783237,-0.9411217,-1.2165933,-1.5085856
Guinea,1998,-0.845999,-0.9294646,-0.674665,-0.7911556,-1.221153,-1.4637432
Guinea,2000,-0.8520228,-0.9274028,-2.0253344,-0.7865624,-1.2271174,-1.4175125
Guinea,2002,-0.8562871999999999,-1.0001954,-1.8186883,-1.4991451999999998,-1.1562918,-1.4246052
Guinea,2003,-0.8577419,-1.0068843,-1.0722605,-1.6449991,-1.3558964999999998,-1.4729747
Guinea,2004,-0.8823854999999999,-0.8587699,-1.2003159,-1.108769,-1.2683284,-1.2775083
Guinea,2005,-0.888743,-0.8517131,-1.2321228,-0.9725913,-1.3652723999999998,-1.0896578
Guinea,2006,-1.1793284,-1.2749880999999998,-1.83787,-1.1284548,-1.3726267,-1.1945005
Guinea,2007,-1.3699881,-1.2277332,-2.2418868,-1.1532192,-1.418297,-1.331929
Guinea,2008,-1.3149643,-1.1636273,-2.0466453,-1.2030653,-1.5405459,-1.4331516
Guinea,2009,-1.2871445,-1.1868935,-1.8033071,-1.1598167,-1.6295082,-1.3225569
Guinea,2010,-1.2031714,-1.1136703,-1.6907747,-1.1130312,-1.4931823,-0.9521156
Guinea,2011,-1.1443626,-1.1619696,-1.5386607,-1.0667906,-1.4432756999999998,-0.9087159
Guinea,2012,-1.1535446,-1.2211888,-1.4872786999999998,-1.0451097,-1.4443505,-0.9857594
Guinea,2013,-1.1447747,-1.110455,-1.4036079,-1.1032004,-1.4805231,-0.9781818
Guinea,2014,-1.1775585,-1.0008725,-1.168846,-1.0866483,-1.508431,-0.930808
Guinea,2015,-1.097256,-0.9452185,-0.7463171,-0.8658766,-1.1894041,-0.8696754999999999
Guinea,2016,-1.0088286,-0.8784328,-0.5776285999999999,-0.8287186999999999,-1.1407363,-0.8840083999999999
Guinea,2017,-1.0912929999999998,-0.888003,-0.8004070999999999,-0.7873519,-1.1416472,-0.8650766999999999
Guinea,2018,-1.1175524,-0.8380059999999999,-0.9305128,-0.8028236999999999,-1.104063,-0.7865896
Guinea,2019,-0.9231457,-0.6765097,-0.8578817999999999,-0.7927742999999999,-1.0832138999999998,-0.8204037
Guinea,2020,-0.8663898,-0.8118614,-1.0877324,-0.8267359999999999,-1.0962208,-0.8553995999999999
Guinea,2021,-1.0113603,-0.8085939999999999,-1.0159308,-0.9127893,-1.003033,-1.0322931
Guinea,2022,-0.9739553,-0.9248516,-0.8136673999999999,-0.9605377,-1.0553882,-1.0215934
Guinea,2023,-1.0078531,-0.8735118,-0.8765719,-0.9597657,-1.1068782,-1.073023
Guinea,2024,-1.1744528,-0.8881627,-1.0377627,-0.8917271,-1.1479306,-1.209414
Guinea-Bissau,1996,-1.0103225999999998,-1.307264,-1.7825312999999998,-1.3524727,-1.8769757,-0.9867725
Guinea-Bissau,1998,-1.0090603,-1.3132251,-1.9929872,-1.6136131,-1.8087843,-1.0496274
Guinea-Bissau,2000,-0.8169843,-0.973968,-0.6650421999999999,-1.414994,-1.5750552999999998,-0.8349487
Guinea-Bissau,2002,-1.088014,-0.973804,-0.5779576,-0.9327404,-1.256251,-0.7489011
Guinea-Bissau,2003,-1.1082963,-1.3193929,-0.4942607,-0.9326955,-1.3537084,-1.0373504999999998
Guinea-Bissau,2004,-1.1350203,-1.532916,-0.5076615,-1.4595403999999998,-1.2548711,-0.7424122
Guinea-Bissau,2005,-1.1489973,-1.4154101,-0.5019447,-1.1307137,-1.1520652,-0.4659089999999999
Guinea-Bissau,2006,-1.0742275,-1.0792857,-0.4316723999999999,-1.0362433,-1.1633285,-0.6243639999999999
Guinea-Bissau,2007,-1.1343995999999998,-1.0464922,-0.3779434,-1.087842,-1.2085782,-0.7366456
Guinea-Bissau,2008,-1.1226883,-0.9904376,-0.6272958,-1.1209346999999998,-1.2866782,-0.8032269999999999
Guinea-Bissau,2009,-1.1227048,-0.9508997,-0.5020146,-1.1156837,-1.3164503,-0.7761127
Guinea-Bissau,2010,-1.1224221,-0.9602743,-0.5652463,-1.0805874,-1.3160216,-0.8150278
Guinea-Bissau,2011,-1.1238522,-1.0116558,-0.6382914,-1.1349692999999998,-1.3258959,-0.8540576999999999
Guinea-Bissau,2012,-1.3434781,-1.2131091,-1.038788,-1.3284026,-1.5652773,-1.1860564
Guinea-Bissau,2013,-1.42845,-1.4128950999999998,-0.960841,-1.3739272,-1.6007994,-1.1743736
Guinea-Bissau,2014,-1.5875131999999998,-1.4525813,-0.8814873999999999,-1.2728339,-1.4091451,-0.9246413
Guinea-Bissau,2015,-1.5509685,-1.3953114,-0.5875693,-1.295315,-1.3024083,-0.874814
Guinea-Bissau,2016,-1.5781031,-1.4408280999999998,-0.5084519,-1.2618137,-1.3675385,-0.9005230999999999
Guinea-Bissau,2017,-1.664347,-1.5425984,-0.5820373999999999,-1.2299468,-1.3274637,-0.9402458
Guinea-Bissau,2018,-1.5962069,-1.235343,-0.6493654999999999,-1.2523992,-1.1339259,-0.8088166999999999
Guinea-Bissau,2019,-1.5280722999999998,-1.2804308,-0.4638332,-1.2519804,-1.1439271,-0.6333624
Guinea-Bissau,2020,-1.2993067,-1.2811844,-0.2838803,-1.2914875,-1.1334891,-0.5137328
Guinea-Bissau,2021,-1.2168224,-1.3839632,-0.3001867,-1.3114711,-1.2016468,-0.5278763
Guinea-Bissau,2022,-1.1609749,-1.5281779,-0.3602521999999999,-1.3122353999999998,-1.25159,-0.5873721
Guinea-Bissau,2023,-1.1549527,-1.4517345,-0.3193937,-1.2474915,-1.2070689,-0.6325175
Guinea-Bissau,2024,-1.3460193,-1.3676142,-0.6184394999999999,-1.1903185,-1.2348281,-0.778828
Guyana,1996,-0.0876552999999999,-0.2491129,-0.4723833999999999,-0.5944607,-0.0288352,0.1440198
Guyana,1998,-0.1761011999999999,0.1286864999999999,-0.2680843,-0.170342,-0.1919168,0.2837948999999999
Guyana,2000,-0.2330702999999999,0.1307482999999999,-0.7353297999999999,-0.3014975,-0.1983249,0.3118788999999999
Guyana,2002,-0.2373346999999999,0.1309122999999999,-0.6448598,-0.4582205,-0.4046575,0.3648594
Guyana,2003,-0.2387893999999999,0.1225187,-0.4492941,-0.3197717,-0.4391454999999999,0.3785929
Guyana,2004,-0.2679358,-0.0177433,-0.5436852,-0.4276090999999999,-0.4493308,0.1801574
Guyana,2005,-0.3706475999999999,-0.3480773,-0.4411748,-0.5511484,-0.5229481,0.0269638
Guyana,2006,-0.4077971999999999,-0.1107271,-0.6630496,-0.5011745,-0.50137,0.0186256
Guyana,2007,-0.4973068,0.0182250999999999,-0.4443427,-0.5421735999999999,-0.3991725,0.0193069999999999
Guyana,2008,-0.4734188,-0.1494954,-0.4732925,-0.5363036,-0.4434923999999999,0.0514798
Guyana,2009,-0.451976,-0.0858978,-0.4000971,-0.5853657999999999,-0.4631779,0.0834140999999999
Guyana,2010,-0.4763999,-0.042627,-0.3589398,-0.5579204999999999,-0.4185333,0.0274535999999999
Guyana,2011,-0.5678004,-0.045055,-0.4609717,-0.6387181,-0.5935159,-0.0207601
Guyana,2012,-0.6766898,-0.0195935,-0.4771909,-0.6248640999999999,-0.5748148,-0.0377718
Guyana,2013,-0.5714367,-0.0235782,-0.5088822,-0.5773702,-0.5954332,0.0091792
Guyana,2014,-0.6007990999999999,-0.0947731,-0.2183680999999999,-0.5788286,-0.6067467999999999,-0.0122943999999999
Guyana,2015,-0.5095919,-0.1184435,-0.150202,-0.5358252,-0.5466890999999999,-0.0799546999999999
Guyana,2016,-0.4101323,-0.1181523999999999,-0.0054002999999999,-0.3884311,-0.4932335,-0.067868
Guyana,2017,-0.4790414999999999,-0.1613264999999999,-0.0051392,-0.3707903999999999,-0.4147758,-0.0364931
Guyana,2018,-0.36789,-0.0849901,-0.0410701,-0.4646567,-0.4102576,0.0613929999999999
Guyana,2019,-0.2410317,-0.0844712,-0.0594026999999999,-0.5433513,-0.4402673,0.0413674
Guyana,2020,-0.1158874,-0.2652471,-0.0072965999999999,-0.5877644,-0.3872775,0.0164414999999999
Guyana,2021,-0.1042454,-0.1426381,-0.0281476999999999,-0.5733425,-0.378924,-0.012718
Guyana,2022,-0.2293385,-0.1291709,0.2107129999999999,-0.6476546999999999,-0.3602997,-0.0386204
Guyana,2023,-0.3098656999999999,-0.0976684999999999,0.2012497999999999,-0.6656004,-0.3719349999999999,-0.0639646
Guyana,2024,-0.3468855999999999,-0.0982402,0.2164982999999999,-0.4474838,-0.3342220999999999,-0.1074386
Haiti,1996,-0.9656205,-1.3538291999999998,-1.002111,-1.4338048,-1.3946206,-0.771484
Haiti,1998,-1.1938701,-1.3597903,-1.1738817,-1.4169317,-1.5797567,-0.8084899999999999
Haiti,2000,-1.1998939,-1.3577285,-1.0262933,-1.4123386,-1.5879394999999998,-0.9124186
Haiti,2002,-1.5760189,-1.8375513,-1.5748529,-1.4033472,-1.8430952,-1.1636075
Haiti,2003,-1.5162349,-1.8356586,-1.4445052,-1.4084017,-1.7168667,-1.0599515
Haiti,2004,-1.3973735,-1.8983869,-1.8667956,-1.5227931,-1.6608109999999998,-1.1063672
Haiti,2005,-1.5592781999999998,-1.6556466,-1.7445724,-1.4080527,-1.7334784,-0.9480812
Haiti,2006,-1.268223,-1.6592686,-1.3887429,-0.9314555,-1.4944787,-0.781307
Haiti,2007,-1.287096,-1.658091,-1.319971,-0.951658,-1.3986326,-0.6966559999999999
Haiti,2008,-1.1699245,-1.4364822,-1.3616015,-0.8671247,-1.1975903,-0.5888618
Haiti,2009,-1.0913138,-1.4421191,-1.2903346999999998,-0.8728231999999999,-1.2197166,-0.6608973
Haiti,2010,-1.2638364,-1.5677862,-1.3087481,-1.1168745,-1.3289944,-0.7490678
Haiti,2011,-1.2979259,-1.6189616999999998,-1.2613019,-1.2031145,-1.4068874999999998,-0.7594984
Haiti,2012,-1.3537960999999998,-1.5996629999999998,-1.1205944,-1.2257236,-1.3763829,-0.710594
Haiti,2013,-1.2754626999999998,-1.523841,-0.9154079,-1.2023346,-1.3555571,-0.7334972
Haiti,2014,-1.4306803,-1.9298374,-0.9222469,-1.3148017,-1.2479641,-0.7323394
Haiti,2015,-1.4465713,-1.869399,-0.9259382,-1.3343055,-1.2262159,-0.8820112
Haiti,2016,-1.4729127,-1.8833592,-0.8946860999999999,-1.3334701,-1.2069142,-0.8411095
Haiti,2017,-1.4223857,-1.8904667,-0.8341999999999999,-1.300095,-1.2058005,-0.7824757
Haiti,2018,-1.4376012,-1.7517146,-0.7667849,-1.2417982,-1.1714715,-0.7805673
Haiti,2019,-1.4624296,-1.8885565,-0.9509746,-1.2718629,-1.1812778,-0.8359679
Haiti,2020,-1.4466696,-1.9163196,-1.0389171,-1.3076844,-1.211177,-0.8710311
Haiti,2021,-1.4853353,-2.0602282,-1.2132391,-1.4160753,-1.392161,-1.0935313
Haiti,2022,-1.508626,-2.0132007,-0.9470024,-1.4171863999999998,-1.5628925,-1.2193892
Haiti,2023,-1.5012660999999998,-2.0108367,-0.9717411,-1.5446242,-1.6415299,-1.2231222
Haiti,2024,-1.5403494,-2.0156868,-1.2013046,-1.4634157,-1.6033955,-1.2648667
Honduras,1996,-1.1021006,-1.1801635,-0.6128686,-0.9910953,-0.9342201,-0.5245932
Honduras,1998,-1.1032134999999998,-0.9633877,-0.2809399999999999,-0.7614027999999999,-1.0320013,-0.5062975
Honduras,2000,-1.0419622,-1.0776822,-0.3644663999999999,-0.5681708999999999,-1.2217517,-0.4718415999999999
Honduras,2002,-1.1100833,-1.0247734,-0.3381027,-0.6056737,-0.8952608999999999,-0.4754711
Honduras,2003,-1.0387997,-1.0735697,-0.5840145999999999,-0.6461279,-0.9922077,-0.3933010999999999
Honduras,2004,-0.9899139,-0.7452631,-0.6201515,-0.5629588999999999,-0.8190417,-0.3302091
Honduras,2005,-0.9475662,-0.697415,-0.6413846999999999,-0.4151809999999999,-0.7102621,-0.2859005
Honduras,2006,-0.9356122,-0.7164581999999999,-0.6520476,-0.3831814,-0.8738492999999999,-0.179669
Honduras,2007,-0.9270268,-0.6132120999999999,-0.4582098,-0.240922,-0.8550165,-0.2510481
Honduras,2008,-0.9424127,-0.6867310999999999,-0.5405327999999999,-0.3195845,-0.9696582,-0.3633673
Honduras,2009,-1.0007387,-0.6465044,-0.5186689999999999,-0.3590631999999999,-0.9662669,-0.5572387
Honduras,2010,-1.0019392,-0.6254799,-0.6306269,-0.3574873,-0.9933417,-0.5697808
Honduras,2011,-0.9697948,-0.6040036999999999,-0.5252471,-0.2784058,-1.0237154,-0.5201298999999999
Honduras,2012,-1.0955287,-0.6881573999999999,-0.5116558999999999,-0.3805097,-1.1939336,-0.5092177
Honduras,2013,-1.1060767,-0.8050533999999999,-0.5359364999999999,-0.4431174,-1.2383989,-0.5024379
Honduras,2014,-0.9656425,-0.6009781,-0.6895701,-0.5844085,-1.174669,-0.5608808
Honduras,2015,-0.8111784,-0.5555614,-0.6604916,-0.5300981,-1.1570215,-0.6031793999999999
Honduras,2016,-0.9242987,-0.4312882999999999,-0.7047922,-0.5949609,-1.1783644,-0.6577893
Honduras,2017,-0.946984,-0.4193229,-0.9065696,-0.4499974,-1.0906729,-0.7103263999999999
Honduras,2018,-0.9695789,-0.5271479,-0.8643535999999999,-0.4794427,-1.0936433,-0.7684582999999999
Honduras,2019,-1.0582406,-0.5125275,-0.8271375999999999,-0.5191215,-1.0765301,-0.8093716
Honduras,2020,-0.9726036,-0.5825030999999999,-0.6663530999999999,-0.5559791,-1.1109938,-0.7831642
Honduras,2021,-1.1204199,-0.6672516,-0.806377,-0.6069842999999999,-1.1417518,-0.7454491999999999
Honduras,2022,-1.0314053,-0.6862581999999999,-0.4781621,-0.6195218,-1.0917528,-0.6394536
Honduras,2023,-1.0993233999999998,-0.6579014,-0.3507671,-0.6816747999999999,-1.156469,-0.6088292
Honduras,2024,-1.2446903,-0.6196728,-0.5671583,-0.6280335,-1.1768036,-0.6535451999999999
"Hong Kong SAR, China",1996,1.3940747999999998,1.5961232,0.736155,1.3707155,1.01113,0.5924072
"Hong Kong SAR, China",1998,1.1489243999999998,1.4518974,0.8513637,1.383087,1.041621,0.1871803
"Hong Kong SAR, China",2000,1.0558323,1.5133565999999998,1.1557388,1.5108918,0.9842447,0.2817503
"Hong Kong SAR, China",2002,1.3685458,1.2504701,0.9969772,1.9407601,1.2471598,0.3437716999999999
"Hong Kong SAR, China",2003,1.7286408,1.5744373,0.8351641,2.1208781,1.4386691,0.4036902
"Hong Kong SAR, China",2004,1.6754692,1.5131641999999998,1.0328562,2.0778512,1.4338563,0.4236213
"Hong Kong SAR, China",2005,1.6997817,1.6041044999999998,1.3366084,2.1231917,1.4807129,0.5472121999999999
"Hong Kong SAR, China",2006,1.6997179,1.756447,1.3735027,2.1993983,1.4646116999999998,0.5687154
"Hong Kong SAR, China",2007,1.6772641,1.6859841999999998,1.1977205,2.1386548,1.4628457,0.5691398
"Hong Kong SAR, China",2008,1.6581161,1.6855331999999998,1.1781206,2.0805872,1.483329,0.5855912
"Hong Kong SAR, China",2009,1.6389127,1.6388612,1.0098437,1.9768332,1.4034525999999998,0.5751379999999999
"Hong Kong SAR, China",2010,1.6931807,1.6058929,0.9990971,2.0142091,1.4407453,0.5816234
"Hong Kong SAR, China",2011,1.7387891999999998,1.6227774,0.9128416,1.812245,1.4811085,0.7518659999999999
"Hong Kong SAR, China",2012,1.6299761,1.8817297,0.9387575,1.999236,1.4380197,0.7264432
"Hong Kong SAR, China",2013,1.5216743,1.7309633,0.8557967,1.9677633,1.3672057,0.669206
"Hong Kong SAR, China",2014,1.5773889,1.8462661,1.025742,1.9897124,1.5541539,0.6159868
"Hong Kong SAR, China",2015,1.6386086,1.8408043,0.8753194999999999,2.1746955999999997,1.5759094,0.6365834
"Hong Kong SAR, China",2016,1.6981569,1.9071365,0.6672047,2.2314765999999997,1.5982656,0.6029023
"Hong Kong SAR, China",2017,1.7019137,1.9265977,0.6833963,2.1917763,1.4957062,0.6137688
"Hong Kong SAR, China",2018,1.7152609,1.9404871,0.7617643,2.2141902,1.4802864999999998,0.5803235999999999
"Hong Kong SAR, China",2019,1.7391529,1.888806,-0.1843167,2.0347741,1.3356624,0.3649501
"Hong Kong SAR, China",2020,1.6888523,1.5914491,0.0079016,1.8517763,1.1753872,0.2406441
"Hong Kong SAR, China",2021,1.6345393,1.6245817,0.2186871,1.7461556,1.0319968,-0.0977455
"Hong Kong SAR, China",2022,1.5284267,1.6433381,0.3891701999999999,1.7235844,0.8841772999999999,-0.204058
"Hong Kong SAR, China",2023,1.5534192999999998,1.5374202,0.4084368,1.7308842999999998,0.8759039999999999,-0.3083725
"Hong Kong SAR, China",2024,1.5721573,1.6374532,0.6310985,1.7399242,0.9209804,-0.3206346
Hungary,1996,0.9110362,0.8135893,1.0400897999999998,0.4438442999999999,0.8658286,1.0241515
Hungary,1998,0.793109,0.8444668,1.1940459,0.727756,0.8537456999999999,1.1102852
Hungary,2000,0.7755229,0.9862345,1.004162,0.8153355999999999,0.86158,1.1446671
Hungary,2002,0.5606715,0.9692987,1.2359002,1.2581679,0.8504326999999999,1.0590894
Hungary,2003,0.5628628,0.8500323999999999,1.0864226,1.2144198,0.8572116999999999,1.1057081
Hungary,2004,0.6092769,0.7962749,0.8114218,1.2155088,0.8391406,1.0103027
Hungary,2005,0.6054084,0.7528133,1.0590737,1.2519196,0.9162369,1.1467009
Hungary,2006,0.6056166,0.7191892999999999,0.9668372,1.2767385,0.9624708,1.0837428999999998
Hungary,2007,0.5332085,0.4939080999999999,0.7828904,1.2913863,0.8935867,1.0577711
Hungary,2008,0.4265714,0.4953578999999999,0.7661408,1.196409,0.7766805,0.9708038
Hungary,2009,0.3846322,0.5418594,0.7391209999999999,1.1276895999999998,0.6124149,0.9738578
Hungary,2010,0.2469327999999999,0.4504472,0.7770357999999999,0.9304828,0.5821301,0.9488392
Hungary,2011,0.2982138,0.4689702,0.7163600999999999,0.8949520999999999,0.6315963,0.8857404999999999
Hungary,2012,0.3833893,0.4322591999999999,0.7121879999999999,0.7676964,0.5661168999999999,0.7239314
Hungary,2013,0.3541563,0.5712638,0.8127253,0.6995175,0.4986861999999999,0.6721209
Hungary,2014,0.1726619999999999,0.6662414,0.805848,0.4352146999999999,0.3509972,0.5132175999999999
Hungary,2015,0.1723755,0.579719,0.843542,0.5204327,0.3552783,0.4598701
Hungary,2016,0.1568851,0.5552886,0.6277680999999999,0.4961603,0.4099125999999999,0.3729857
Hungary,2017,0.160723,0.6076573,0.7324048,0.5151311,0.4009881999999999,0.3339126
Hungary,2018,0.1391572999999999,0.6259032,0.6616322,0.4420607,0.3396782,0.1357954999999999
Hungary,2019,0.084756,0.5238239,0.7326155999999999,0.4598348,0.3081108999999999,0.1344536
Hungary,2020,0.1418393,0.7208015999999999,0.7938892,0.4381497,0.329192,0.1668036
Hungary,2021,0.1312694999999999,0.784219,0.7337252999999999,0.4002885,0.2971399,0.080264
Hungary,2022,0.0402617,0.657731,0.6701403,0.2882324,0.2426218,0.0447247999999999
Hungary,2023,0.083173,0.5461907,0.5841522,0.2375181999999999,0.1894005,-0.0468028
Hungary,2024,0.0394373,0.501908,0.4363287999999999,0.3350443999999999,0.1923364,-0.027728
Iceland,1996,1.8003534,1.2973276,1.4834516,0.7148988,1.5775442,1.4591349999999998
Iceland,1998,2.1776888,1.5652165,1.4840143,1.0790768,1.6465176,1.4673007999999998
Iceland,2000,2.1951400999999997,1.9624344,1.5565616,1.4531294,1.8777391,1.4727407
Iceland,2002,2.1184323,2.0283331,1.5368353,1.6560351,1.8840897,1.5436288
Iceland,2003,2.101196,2.0805814,1.4335228,1.7721922,1.9169731,1.5694384
Iceland,2004,1.9548506,1.9606064,1.2003873,1.7905867,1.8277848,1.5042563999999998
Iceland,2005,2.2910863999999997,2.0321618,1.3669403,1.8061763,1.8741349,1.578088
Iceland,2006,1.9648349,1.581421,1.3790391,1.7906405,1.8580956,1.6228171999999998
Iceland,2007,1.9939428,1.502124,1.482965,1.7164203,1.8120645,1.6463564
Iceland,2008,2.1085545,1.6156503999999998,1.3564162,1.4200832,1.7146428,1.6444257999999998
Iceland,2009,2.1468511,1.6361249999999998,1.3402775999999998,1.4657913,1.6824519,1.5897903999999998
Iceland,2010,1.8327409,1.4263823999999998,1.0867054,0.9751951,1.6310633,1.5492553
Iceland,2011,1.881645,1.4235563,1.2313176,1.148601,1.6824991,1.498124
Iceland,2012,1.8243195,1.4729314999999998,1.2316756,1.1846502,1.6910691,1.5094717
Iceland,2013,1.8605171,1.5285978,1.2538154,1.1472846,1.6404358,1.54359
Iceland,2014,1.842095,1.3980102,1.2726864,1.1980632,1.6211726,1.4889413
Iceland,2015,1.9854027,1.3946724,1.2622879,1.2962827,1.6421472,1.5172337
Iceland,2016,1.9714103,1.382973,1.2205951,1.2838536,1.6203858999999998,1.5312553999999998
Iceland,2017,1.8691325,1.4685990999999998,1.2503574,1.4266014,1.6658303,1.5010156
Iceland,2018,1.8868085,1.5836283,1.2958486,1.4402955,1.7407855,1.4963063
Iceland,2019,1.8260874,1.5796502,1.556416,1.5164097,1.7467004,1.4945189
Iceland,2020,1.8422993,1.5637066,1.3289196,1.4674124,1.6866361,1.4534576
Iceland,2021,1.8584301,1.8005665,1.3382488,1.6297845,1.7076167999999998,1.4547451
Iceland,2022,1.6495727999999998,1.6330091,1.2672872,1.4250509,1.5968615,1.4313945
Iceland,2023,1.6623764,1.6402729,1.2058266,1.3949539,1.59027,1.4096588
Iceland,2024,1.828818,1.645973,1.2056034,1.3302839,1.6278886,1.4247807
India,1996,-0.2644045,-0.2447752,-0.9656444,-0.6386341,0.2184830999999999,0.3134723
India,1998,-0.1548337,-0.4484838,-1.0558979,-0.5863328,0.1953286,0.3142366
India,2000,-0.2110909,-0.5480326,-0.9733951,-0.3746035,0.2604152,0.2627985
India,2002,-0.5564837,-0.4818453,-1.2778882,-0.3896177999999999,-0.0434055999999999,0.3144249
India,2003,-0.5475555999999999,-0.4274791,-1.4209267,-0.441382,0.0275527,0.332765
India,2004,-0.3879804,-0.1952701,-1.0339705,-0.2047551,0.0575144,0.3455786999999999
India,2005,-0.4094793,-0.1809739,-0.8561375,-0.1774736999999999,0.1692787999999999,0.4298512
India,2006,-0.2300042,-0.1259439,-0.8196652,-0.1925709,0.2268876,0.5500503
India,2007,-0.3273709999999999,-0.0160503,-0.8184973,-0.2088541,0.1942209,0.5529107999999999
India,2008,-0.2950408,-0.1554864,-0.7693557,-0.2663175,0.1618552,0.5070475999999999
India,2009,-0.3452533,-0.0934347,-0.9139549,-0.2438041,0.1502929999999999,0.4657167
India,2010,-0.3618247,-0.1141476999999999,-0.9423192,-0.277761,0.0630896,0.3954553
India,2011,-0.4906967,-0.0726295,-1.1659038,-0.3395793,-0.0132833999999999,0.3687833
India,2012,-0.5029878,-0.0887591,-1.1572568,-0.3740965,-0.1308812,0.2744516999999999
India,2013,-0.4708017,-0.0587027,-1.1709039,-0.3722425,-0.1159615,0.3021831
India,2014,-0.4139641,-0.0134938,-0.8175165999999999,-0.3809018999999999,-0.1656361999999999,0.2647595
India,2015,-0.3449931,0.3968483,-0.7619187,-0.3303195,-0.1374229,0.2973847
India,2016,-0.2852229,0.3761224999999999,-0.7362183,-0.2535746,-0.0823440999999999,0.304626
India,2017,-0.2244224,0.3527821,-0.5721113999999999,-0.2158266999999999,-0.0399917,0.2554492
India,2018,-0.2079644,0.5015296,-0.6785888,-0.1555625,0.0203339999999999,0.2032285999999999
India,2019,-0.2183329,0.5054858,-0.5904661999999999,-0.0981205,-0.0201063,0.1106301
India,2020,-0.2544870999999999,0.3492893999999999,-0.7206311999999999,-0.1486534,-0.1029725,0.056762
India,2021,-0.300757,0.2400136,-0.6015988,-0.1699148999999999,-0.1841026,-0.0956843999999999
India,2022,-0.2924866,0.3392525999999999,-0.7535037,-0.087658,-0.1104884,-0.0982654999999999
India,2023,-0.3353176,0.422603,-0.837974,-0.1271699,-0.0879069,-0.142948
India,2024,-0.2953362,0.4046051,-0.7857624999999999,-0.0960695999999999,-0.0392287,-0.0789293
Indonesia,1996,-0.8336705999999999,-0.2559615,-1.2899584,-0.0665817,-0.5238167,-1.3055431
Indonesia,1998,-1.2280262,-0.7423177999999999,-1.693693,-0.5590187999999999,-0.9140445,-1.3771271
Indonesia,2000,-1.0799309,-0.5497447,-1.9052027,-0.4626283,-0.9501841,-0.7009548
Indonesia,2002,-1.3407374,-0.7684151,-1.8442977,-0.5720758,-1.1356188,-0.4071639999999999
Indonesia,2003,-1.2216426,-0.9085265,-2.1269129,-0.5885779,-0.9354149,-0.3891648
Indonesia,2004,-1.1642347,-0.7626847,-1.6568197,-0.5018689,-0.7699807999999999,-0.1950044
Indonesia,2005,-1.1351666,-0.7337593,-1.403589,-0.4030391,-0.7652559999999999,-0.0945227999999999
Indonesia,2006,-0.8969324999999999,-0.5173516,-1.1230422,-0.1787479,-0.6506633,0.0351727
Indonesia,2007,-0.7032079999999999,-0.4571356,-0.8635335,-0.2282939,-0.6264569999999999,0.0678583
Indonesia,2008,-0.5325944,-0.4526811,-0.711286,-0.1516209,-0.5772889,0.0556929
Indonesia,2009,-0.6204124,-0.3302307,-0.6370844999999999,-0.1179653,-0.5530581,0.0446885
Indonesia,2010,-0.6633382999999999,-0.2531404,-0.7784546999999999,-0.1461447,-0.6518311,-0.0204782999999999
Indonesia,2011,-0.6451671,-0.3273953,-0.7510901,-0.1512321999999999,-0.2852312999999999,0.0600519999999999
Indonesia,2012,-0.7724335999999999,-0.2570835999999999,-0.5992727,-0.1792687999999999,-0.3852324,0.0318185
Indonesia,2013,-0.7278943999999999,-0.1633885,-0.6180612,-0.0485665,-0.419998,-0.0085749
Indonesia,2014,-0.7150247,0.3191277999999999,-0.3850081999999999,0.0028168,-0.338428,-0.0006737
Indonesia,2015,-0.5229666,-0.062646,-0.5390218,-0.1393886,-0.3812221,0.0861197
Indonesia,2016,-0.4822575999999999,0.1221929,-0.463383,0.0343509,-0.3218094999999999,0.102893
Indonesia,2017,-0.3767695,0.1565617,-0.5816146,0.1002062,-0.3165999,0.0621221999999999
Indonesia,2018,-0.3381294999999999,0.2534613,-0.5428012,0.0734587999999999,-0.2197187,0.1218045
Indonesia,2019,-0.4278503999999999,0.3122884999999999,-0.5802685,0.1109826999999999,-0.1919729,0.1137856999999999
Indonesia,2020,-0.3456603,0.213754,-0.5399459999999999,0.2247808999999999,-0.1479773,0.1051795
Indonesia,2021,-0.4162134999999999,0.1470804,-0.6496757,0.3421673,-0.1436778,0.0239606
Indonesia,2022,-0.3702139,0.2328093,-0.7624666,0.2811244,-0.1291182,0.0259013999999999
Indonesia,2023,-0.4431661,0.2732116,-0.613745,0.3408081,-0.0817572,-0.0200561
Indonesia,2024,-0.5446152,0.179804,-0.6091274999999999,0.1247201999999999,-0.2065980999999999,-0.1754316
"Iran, Islamic Rep.",1996,-0.4391182999999999,-0.2701396,-0.2074922,-1.6764164,-0.9692511,-1.1592592
"Iran, Islamic Rep.",1998,-0.1631659,-0.5448568,-0.6065297,-1.6804827999999998,-0.8216941,-0.9815655
"Iran, Islamic Rep.",2000,-0.166867,-0.5434034,-0.6213951,-1.6776936999999998,-0.6912013,-1.0520343
"Iran, Islamic Rep.",2002,-0.4882621,-0.7183695999999999,-0.5266711,-1.3953366,-1.0466677,-0.9923717
"Iran, Islamic Rep.",2003,-0.5007237999999999,-0.7233853,-0.6139157,-1.3519161,-1.0865174,-1.1876155
"Iran, Islamic Rep.",2004,-0.6459403,-0.6691357,-0.6625435,-1.2344334,-0.9580887,-1.2400391
"Iran, Islamic Rep.",2005,-0.7697326999999999,-0.74235,-0.6425423,-1.2647461,-1.0584601,-1.2429559
"Iran, Islamic Rep.",2006,-0.7495746,-0.7346343,-0.787821,-1.2655921,-1.0650939,-1.2174322
"Iran, Islamic Rep.",2007,-0.7763675,-0.7287644999999999,-0.7148896,-1.3434552,-1.101757,-1.2933692
"Iran, Islamic Rep.",2008,-1.0412836,-0.7500004,-0.7480239999999999,-1.3877209,-1.1054035,-1.3737615
"Iran, Islamic Rep.",2009,-1.0476081,-0.7458779999999999,-1.2710065,-1.4986655,-1.1434669,-1.4521839
"Iran, Islamic Rep.",2010,-1.1566514,-0.6340289,-1.5247881,-1.4215061999999998,-1.1024424,-1.4980369999999998
"Iran, Islamic Rep.",2011,-0.9423621,-0.5369305999999999,-1.3564505999999998,-1.1976073,-1.0129657,-1.4955309
"Iran, Islamic Rep.",2012,-0.98264,-0.5324399,-1.2630067,-1.2487391,-0.9840127,-1.4793212999999998
"Iran, Islamic Rep.",2013,-0.9147814,-0.5687029,-1.1808701,-1.3745965,-1.2057757,-1.4357784999999998
"Iran, Islamic Rep.",2014,-0.8168470999999999,-0.2574672,-0.7265961999999999,-1.3019342,-1.2547891,-1.385483
"Iran, Islamic Rep.",2015,-0.7596233,-0.1918033999999999,-0.7896962,-1.0907749,-0.9741059,-1.3080192
"Iran, Islamic Rep.",2016,-0.6561760999999999,-0.2031626,-0.6448832,-1.0558723,-0.9735795,-1.2980897999999998
"Iran, Islamic Rep.",2017,-0.7011486,-0.1973883,-0.6994429999999999,-1.0828666999999998,-0.9283776,-1.2639669
"Iran, Islamic Rep.",2018,-0.9420795,-0.2727406,-0.9686014,-1.2929956,-0.969023,-1.3384928
"Iran, Islamic Rep.",2019,-0.9919553,-0.4172702,-1.2556127,-1.3605617,-1.0537229,-1.3844278
"Iran, Islamic Rep.",2020,-1.1044169,-0.7071428,-1.2213247,-1.3929587,-1.0270682,-1.4381547
"Iran, Islamic Rep.",2021,-1.1267612,-0.6566521,-1.1577773,-1.3936204,-1.0690001999999998,-1.4876262
"Iran, Islamic Rep.",2022,-1.1319144,-0.7076616,-1.1448403,-1.3976255,-1.1257877,-1.5314025
"Iran, Islamic Rep.",2023,-1.1711298,-0.7402272,-1.2694112,-1.4684049,-1.2004629999999998,-1.5488133
"Iran, Islamic Rep.",2024,-1.1472382,-0.7061233,-1.5811883999999998,-1.5113535,-1.2348012,-1.5484136
Iraq,1996,-1.6212095,-1.8244459,-1.4599287,-2.0257669,-1.617606,-2.0788759
Iraq,1998,-1.6224752999999998,-2.0991630999999997,-1.3613194,-2.0979519,-1.6197734,-2.1288516
Iraq,2000,-1.6268569,-2.0977097,-1.3589142,-2.0951628,-1.5349117,-2.1440110999999997
Iraq,2002,-1.6165482,-2.2034846999999997,-1.3274614999999998,-1.9833932,-1.7394662,-2.1775382
Iraq,2003,-0.9576835,-2.0070061,-2.4734997,-1.5473328,-1.6685848,-1.7491237
Iraq,2004,-1.1573744,-1.5863173,-2.8423263,-1.5796388,-1.7565568,-1.4576673999999998
Iraq,2005,-1.2432218,-1.9343147,-2.6075798,-1.4331865,-1.7232147999999998,-1.3206047
Iraq,2006,-1.5173537,-1.8349607,-2.6684044,-1.3863282,-1.6321795,-1.2353847999999998
Iraq,2007,-1.5400330999999998,-1.6317277,-2.59261,-1.3291863,-1.7116406,-1.0855932
Iraq,2008,-1.5399263,-1.2292464,-2.2803432999999997,-1.1713667,-1.5815176,-0.9791694
Iraq,2009,-1.4044175,-1.0843867,-2.1115271,-1.1212805,-1.5460854,-0.9541168
Iraq,2010,-1.3062258,-1.1789936,-2.187694,-0.9629582,-1.5707926,-0.9382818
Iraq,2011,-1.2387175,-1.1846155,-1.913135,-0.9193194,-1.4239293,-1.0131365
Iraq,2012,-1.2678821999999998,-1.1168342,-1.9764261,-1.0140703,-1.4532764,-0.955669
Iraq,2013,-1.2645497,-1.0710124,-2.1039641,-1.0144949,-1.4740494,-0.9935346
Iraq,2014,-1.357674,-0.9609496,-2.2538271,-1.0708086,-1.4559635,-1.043163
Iraq,2015,-1.393567,-1.0793082,-2.2449091,-1.0179473,-1.4888667999999998,-1.0662816
Iraq,2016,-1.4012064,-1.0919194,-2.2291757999999997,-0.9696252,-1.5367902999999998,-1.1001688
Iraq,2017,-1.4065197,-1.0918167,-2.1677252,-1.0692718,-1.5484905,-1.1032692
Iraq,2018,-1.4767763,-1.0744668,-2.1719253,-1.1611811,-1.4320497,-0.971495
Iraq,2019,-1.4433306,-1.1066349,-2.2227253,-1.1604354,-1.37408,-0.9340251
Iraq,2020,-1.3692381,-1.217842,-2.1814743,-1.2511236,-1.512443,-1.0174959
Iraq,2021,-1.3740087,-1.2310377,-2.1722684,-1.1622157,-1.4374976,-1.0273564
Iraq,2022,-1.3733485,-1.223854,-2.2294281,-1.2214123,-1.4550411,-1.0157691
Iraq,2023,-1.4169702,-1.3398894,-2.2246949,-1.2810271,-1.5002727,-1.0426819
Iraq,2024,-1.2050155,-1.1018847,-2.0642762,-1.030546,-1.3581614,-1.0216043
Ireland,1996,1.8849494,1.4635692,1.3935149999999998,1.3399244,1.5126505,1.3237086
Ireland,1998,1.5835800999999998,1.4716166,1.4992086,1.6007472,1.6015452,1.3723223
Ireland,2000,1.2833514,1.4121198,1.5185589,1.7250331,1.6651428,1.3876954
Ireland,2002,1.4335105,1.4188657,1.4347244,1.9727002,1.6320245,1.3662036
Ireland,2003,1.4666734,1.266241,1.364074,1.8929644,1.5508824,1.4315862
Ireland,2004,1.2335938,1.330715,1.0596256,1.7407488999999998,1.5030259,1.3423163
Ireland,2005,1.6445923,1.6000506,1.280701,1.8845907,1.6149497,1.6051153
Ireland,2006,1.5061160999999998,1.4595392,1.3008535,1.9855895,1.6200295,1.5321064
Ireland,2007,1.4613994,1.376367,1.3616515,1.9168528,1.6527835,1.5525635
Ireland,2008,1.4694604999999998,1.3164903,1.2978625,1.8240052,1.6535,1.5689025
Ireland,2009,1.4425076,1.1434304,1.1107935,1.6231073,1.5423223,1.4497435
Ireland,2010,1.4080005,1.0340843,1.0812782,1.5589282,1.508714,1.3749061
Ireland,2011,1.3802238999999998,1.2438015999999998,0.8737859,1.441947,1.5150115,1.3622234
Ireland,2012,1.4035742,1.3719864,0.9454027,1.5219127,1.5276348,1.3639945999999998
Ireland,2013,1.5469722,1.3399877999999998,0.8948024,1.5775092,1.5002207,1.3539291999999998
Ireland,2014,1.5913084,1.4680962,1.1679817,1.655585,1.5324247,1.3604983
Ireland,2015,1.6308016,1.4129064,0.951695,1.7242938,1.603553,1.3918301
Ireland,2016,1.636332,1.4160358,0.8856801999999999,1.7059099,1.5660124,1.3765917
Ireland,2017,1.5580627,1.3768564,0.9418026,1.5978967,1.5319793,1.3987146
Ireland,2018,1.5533781,1.4575251,0.9855531,1.6485933,1.5281158,1.4323389
Ireland,2019,1.5189367,1.3035565,0.9409046,1.5832688,1.5409912,1.4455034
Ireland,2020,1.5958903,1.5003528,0.8785786999999999,1.4657053,1.5214022,1.5010975
Ireland,2021,1.6117468,1.6184383999999998,0.7362963,1.621098,1.5453584,1.5787476
Ireland,2022,1.6463639,1.7057913999999998,0.8053599,1.766517,1.5040266999999998,1.6017718
Ireland,2023,1.5859128999999998,1.6609005,0.876648,1.7973082,1.5980444,1.6268782
Ireland,2024,1.572589,1.6115533,0.7099698999999999,1.7944361,1.5913218999999998,1.6376655
Israel,1996,1.6675231,1.3619807,-0.9780319,0.7031291,1.1809797,0.5566295
Israel,1998,1.1917096,1.3774284,-0.8898288999999999,0.8735322,0.9375171,0.5391659
Israel,2000,1.0165864,1.4483316,-0.8648943,0.9189014,0.9883087,0.4809093
Israel,2002,1.0503727,1.4934459999999998,-1.1758101,0.9944734,1.0002702,0.5185917999999999
Israel,2003,1.0439559,1.4410103,-1.1825503,0.936594,0.9614716,0.5765036
Israel,2004,0.8222197,1.3780584,-0.9453121,0.8766531,0.8813544999999999,0.5593274
Israel,2005,0.8088567,1.4177286,-0.923457,0.9163284,0.8456992999999999,0.575603
Israel,2006,0.8416144,1.2719866,-0.9847171,0.9173152,0.8265488,0.7786949
Israel,2007,0.6742053,1.1804772,-0.8267956,1.0188037,0.7820242,0.7136275999999999
Israel,2008,0.6899301999999999,1.2768979,-0.8279647,1.048727,0.7976008,0.6901172999999999
Israel,2009,0.6872948,1.2296943,-1.0475605,0.9449838,0.7966538999999999,0.6760572
Israel,2010,0.6767019,1.3031018,-0.7562580999999999,1.0545829,0.8139792,0.6136436
Israel,2011,0.722372,1.3431697,-0.8097795,1.1985341,0.8918872,0.5395263
Israel,2012,0.7558579,1.3000012,-0.776944,1.1065081,0.8713316999999999,0.4956908
Israel,2013,0.7521332,1.2984187,-0.8855141,1.0845921,0.8935236,0.4818055
Israel,2014,0.7470114999999999,1.3011387,-0.592453,1.039203,0.9289545,0.4773612
Israel,2015,0.8495585,1.4633523,-0.6113908,1.0998742,1.0408491,0.4834851
Israel,2016,1.1108815,1.5267769999999998,-0.3546496999999999,1.2410934,1.0048922999999998,0.5106974
Israel,2017,0.8089617,1.545783,-0.4501475,1.21522,0.9942786,0.5103599
Israel,2018,0.7398511999999999,1.397369,-0.3446955,1.163545,0.9351938,0.5497977
Israel,2019,0.8011548,1.5693245,-0.4361137,1.2416535,0.9491335,0.5086626
Israel,2020,0.6932777,1.1657244,-0.5678413999999999,1.1520351,0.8873608,0.5590953
Israel,2021,0.9249105,1.5896737,-0.6998991999999999,1.1753426,0.8807927,0.5273842
Israel,2022,0.8878345,1.5237704,-0.9049968,1.1223554999999998,0.8010265,0.512879
Israel,2023,0.8712956,1.3569151,-1.0423159,1.0540976,0.6642378,0.4202063
Israel,2024,0.8533189999999999,1.1726244,-1.0375015,1.1138772,0.5997177,0.2951561
Italy,1996,0.6955612,0.7278188,1.1216307,0.5302022,0.9265851,0.998711
Italy,1998,0.6206939,0.5762609,1.276562,0.7008652999999999,0.7787887,0.9757256
Italy,2000,0.7814295,0.7494274999999999,1.0781398,0.7990919999999999,0.8776423999999999,0.9369108
Italy,2002,0.6844831,0.7774040999999999,0.8264889999999999,0.9037023,0.7768856,0.9632897
Italy,2003,0.5080671999999999,0.5560185,0.4883646,1.0274005,0.7384035999999999,0.9386113
Italy,2004,0.4670868999999999,0.3632507,0.3658660999999999,1.0001335999999998,0.6824036,0.9515154
Italy,2005,0.5477158,0.4420055,0.5970244,0.9062855,0.5942039,1.0077536
Italy,2006,0.5465797,0.3090963,0.5813047,0.9347533,0.4705015999999999,1.1904230999999998
Italy,2007,0.3863064,0.1999166,0.5074765,0.9144553,0.503455,1.2209287
Italy,2008,0.3135748,0.26155,0.6011742999999999,0.8886584,0.4094634,1.15397
Italy,2009,0.2877974,0.3589565999999999,0.4817721,0.7953389,0.3770823,1.1394476
Italy,2010,0.2007651,0.3361573,0.5591006,0.7462046,0.4537097,1.0280408
Italy,2011,0.2491583,0.275086,0.4456141999999999,0.4856351,0.5210134,0.8456621
Italy,2012,0.1585744999999999,0.4071076999999999,0.4718772,0.4822092999999999,0.5461758,0.8871353
Italy,2013,0.0420703,0.4695113999999999,0.3827968,0.4880840999999999,0.5329678999999999,0.9061148
Italy,2014,0.0131434,0.3588428999999999,0.4893962,0.3783433,0.5543355,0.975257
Italy,2015,0.0677760999999999,0.3701946,0.394629,0.5869675,0.4617928,1.0210974
Italy,2016,0.1252338999999999,0.4338893,0.3518422,0.6337421999999999,0.4609981999999999,1.0351199
Italy,2017,0.1948577,0.3879336,0.2543498999999999,0.6356778,0.4389985999999999,0.9884646
Italy,2018,0.2476928,0.4350954999999999,0.3723628,0.5602676999999999,0.4187181,0.9076833
Italy,2019,0.2828801999999999,0.4586097999999999,0.3223325999999999,0.7011105,0.529631,0.8941526999999999
Italy,2020,0.5299614,0.5477288,0.3322840999999999,0.4717415,0.5546367999999999,1.0198604
Italy,2021,0.5394316,0.574774,0.4392225999999999,0.5735641,0.5885,1.0203423
Italy,2022,0.5738577,0.7178718,0.4124683999999999,0.6011866,0.5739685,1.0393532
Italy,2023,0.571449,0.8533467,0.4737388999999999,0.6957479999999999,0.6505552,1.0865677
Italy,2024,0.5531621,0.7922891,0.3087034999999999,0.6401491,0.6192042999999999,1.0673476
Jamaica,1996,0.1124381,-0.0324486,-0.3430404999999999,0.0668425,-0.1660905,0.2613025
Jamaica,1998,0.1111722,-0.0366506,-0.3342743999999999,0.2403377,-0.1682579,0.3989278
Jamaica,2000,-0.0502875999999999,-0.0732758,-0.3051137,0.0591410999999999,-0.489751,0.4016983999999999
Jamaica,2002,-0.3077318,-0.1277929,-0.4712879,0.1037314999999999,-0.293559,0.3606793
Jamaica,2003,-0.3888064,-0.12582,-0.6133632,0.1302785,-0.3051494999999999,0.3717028
Jamaica,2004,-0.3292527,-0.0669283,-0.3401516,0.1923273999999999,-0.2189875,0.4014194
Jamaica,2005,-0.3142249,-0.298197,-0.3271411999999999,0.2253065,-0.1997884999999999,0.5493319999999999
Jamaica,2006,-0.2112339999999999,0.1152720999999999,-0.349823,0.2887176999999999,-0.2465619999999999,0.6834416
Jamaica,2007,-0.2881667,0.0841003,-0.2229834,0.3057306999999999,-0.1580034,0.7250449999999999
Jamaica,2008,-0.2899319999999999,0.1234828999999999,-0.2884524,0.2836894,-0.1644824,0.6133588999999999
Jamaica,2009,-0.2773341,0.1987236,-0.3547882,0.2533509,-0.3096415999999999,0.6063139
Jamaica,2010,-0.2207188,0.1785637,-0.4121285999999999,0.2536728,-0.3988235,0.4838631
Jamaica,2011,-0.0495086999999999,0.165791,-0.1203675999999999,0.1950193999999999,-0.2893569,0.3526706
Jamaica,2012,-0.2406003,0.1538521,0.0478137,-0.0021633,-0.3560127999999999,0.4039313
Jamaica,2013,-0.2538053,0.2032651,0.1274496,0.0417636,-0.2763074,0.4953675999999999
Jamaica,2014,-0.2893901,0.4521342,0.0349026,0.0551423,-0.1823274,0.5392399
Jamaica,2015,-0.2392146,0.4342705,0.0607252,0.1273892,-0.1394095,0.5896511999999999
Jamaica,2016,-0.1668879999999999,0.4750323999999999,0.0960441,0.1445195,-0.1131152,0.5942121
Jamaica,2017,-0.1631899,0.4596789,0.1291365,0.1244681,-0.0899914,0.6039973
Jamaica,2018,-0.1747843999999999,0.4999178999999999,0.169434,0.1473187,-0.1409645,0.4724016
Jamaica,2019,-0.0636837,0.5016204,0.179033,0.1355129,-0.1704977,0.5043883
Jamaica,2020,-0.0800814,0.3867314,0.1525241,0.0985113,-0.1039954999999999,0.5120442
Jamaica,2021,-0.0851526,0.3396405999999999,0.1423134999999999,0.1818115,-0.0742917999999999,0.5026750999999999
Jamaica,2022,-0.0788141,0.2544888999999999,0.4525342,0.1706851999999999,-0.0687388999999999,0.5015442
Jamaica,2023,-0.1364542,0.1649969,0.4762873999999999,0.1485571,-0.0768587999999999,0.4932042
Jamaica,2024,-0.0962722999999999,0.1712622,0.476823,0.0908785,-0.0776697,0.485209
Japan,1996,1.2058025,1.1249251999999998,1.323033,0.3721211,1.3867410999999998,1.0933607
Japan,1998,0.6749031,1.1788166,1.3641788,0.395335,1.3048959999999998,1.0442233
Japan,2000,0.8487414999999999,1.4003303,1.3326572,0.773297,1.310183,1.046647
Japan,2002,0.8492287,1.3101353999999998,1.162444,0.5483447,1.1457695,1.0507626
Japan,2003,0.8804847,1.2980431,1.1294391,0.9636418,1.1529042,1.0855998999999998
Japan,2004,0.8891675,1.3168605,0.9926089,1.0344553,1.158615,1.0019434
Japan,2005,0.9277728,1.4051026,1.1883301,1.2239846,1.2069927,1.0603132
Japan,2006,0.9794703,1.4570227999999998,1.2340831,1.3064725,1.2757128,1.0881164
Japan,2007,0.8591032,1.2948016999999998,1.1610812,1.2530414,1.2565533,1.1567556
Japan,2008,0.9586641,1.2899509,1.0592924,1.2525058,1.225871,1.1266166
Japan,2009,1.1663245,1.3261157,1.1160327,1.224319,1.3097625,1.2506424
Japan,2010,1.3876183,1.3323082,0.9967916,1.197376,1.3391975,1.258734
Japan,2011,1.5406092,1.3314857999999998,0.9897212,1.3335982,1.387931,1.3005589
Japan,2012,1.4904141,1.3144799,0.9655197,1.4295254,1.3484037,1.2947394
Japan,2013,1.4979614,1.4512486,1.0478848,1.3594273,1.3734398,1.225573
Japan,2014,1.5393479,1.7731694,1.2105334,1.2994963,1.4566952,1.2343567
Japan,2015,1.4505850999999998,1.7060508,1.2226375,1.4111482,1.4360203,1.1764466
Japan,2016,1.4452816,1.8137387,1.1198832,1.5287918,1.4336864,1.165848
Japan,2017,1.4760635,1.7125133,1.169376,1.3985801999999998,1.4892014999999998,1.1976783
Japan,2018,1.3909549,1.8248998,1.1378638,1.364542,1.4871198,1.120314
Japan,2019,1.4335295,1.8365282,1.1161393,1.3886549,1.5119949,1.0775489
Japan,2020,1.4301233,1.8051167,1.1325471,1.3671823,1.5138826,1.0813117
Japan,2021,1.4554011,1.653038,1.1600529,1.3955783,1.5319019,1.0951218
Japan,2022,1.4419346,2.0307507,1.2758787,1.4106972,1.5084676,1.0997002
Japan,2023,1.3377896,1.9883877,1.2674256,1.3978822,1.5084872,1.1289319
Japan,2024,1.3570132,2.0879101,1.1343228,1.3296352,1.5115752999999998,1.1161265
"Jersey, Channel Islands",2011,1.0246504,1.2619702,1.4513095,1.2157302,1.6302648,1.4227895
"Jersey, Channel Islands",2012,1.0214471,1.2623875999999998,1.4496094,1.2073565,1.6280036,1.4198844
"Jersey, Channel Islands",2013,1.0216906,1.2628538,1.4444148,1.2061153,1.6229493,1.4156057
"Jersey, Channel Islands",2014,1.0188354,1.2817081,1.4623583999999998,1.20335,1.6255012999999998,1.4202112999999998
"Jersey, Channel Islands",2015,1.02138,1.2782314,1.4583739999999998,1.2112533,1.6277524,1.4213785
"Jersey, Channel Islands",2016,1.0234305,1.2794399,1.4484530999999998,0.9198502,1.6281234,1.4199247
"Jersey, Channel Islands",2017,1.0219635,1.2798324,1.4496687,0.9218056,1.6272154,1.4186607
"Jersey, Channel Islands",2018,1.0244587,1.2819869,1.458219,0.9226096,1.6281107,1.4179056
"Jersey, Channel Islands",2019,1.0278965,1.2840869,1.4607852,1.0714149,1.6279960999999998,1.4172559
"Jersey, Channel Islands",2020,1.0287602999999998,1.2780893,1.246013,1.0677035,1.6289848999999998,1.4163396
"Jersey, Channel Islands",2021,1.0270782,1.2816485,1.2404824,1.0662106999999998,1.6254815,1.4099803
"Jersey, Channel Islands",2022,1.0265006,1.2811126,1.4633644,1.0622322,1.6233274,1.4078917
"Jersey, Channel Islands",2023,1.0245164,1.2829987,1.4649122,1.0626561,1.6227414,1.4058249
"Jersey, Channel Islands",2024,1.0264281,1.2810034,1.4453347,1.063616,1.6226467999999998,1.4046947
Jordan,1996,0.1661306,0.2009393,-0.2494553,-0.3578001,0.2300287999999999,-0.5467806
Jordan,1998,0.3379194,0.0652065,-0.2592859,0.1751268,0.2347440999999999,-0.6713701999999999
Jordan,2000,0.2364885,-0.1715824,-0.2320878999999999,0.1943533999999999,0.256756,-0.4989651
Jordan,2002,-0.0064713999999999,-0.1530624,-0.6190013999999999,0.0239071,-0.1157416999999999,-0.7149308999999999
Jordan,2003,0.2951936,0.0946268,-0.3478648,0.2155183,0.0278854999999999,-0.6772225
Jordan,2004,0.067614,0.0497677,-0.339358,0.3627243,0.1082312,-0.6799694
Jordan,2005,0.063524,-0.079024,-0.2770266,0.3211519,0.1612897999999999,-0.5820164999999999
Jordan,2006,0.0883568,0.0988902,-0.7383727,0.1526239,0.1482972,-0.5633207
Jordan,2007,0.1029529,0.1912327999999999,-0.2892704,0.1566393999999999,0.2709006,-0.5532783
Jordan,2008,0.2408528999999999,0.1884765,-0.3806817999999999,0.308494,0.2768642,-0.5653303
Jordan,2009,0.0885625,0.2225532999999999,-0.4317435,0.2228716,0.1122171,-0.6268332999999999
Jordan,2010,0.0263631,0.0759657,-0.407725,0.1073349,0.0570421999999999,-0.6655506999999999
Jordan,2011,0.1506239999999999,0.1349915,-0.6339348,0.1908722,0.1505452,-0.6597253
Jordan,2012,0.0948384999999999,0.2203514999999999,-0.5975891,0.1819511,0.1782421,-0.6734376999999999
Jordan,2013,0.0969314999999999,0.2411635999999999,-0.6862202,0.0995895,0.1297285,-0.7089293
Jordan,2014,0.0942006,0.3808336,-0.609596,0.1045909999999999,0.1119049999999999,-0.6717732
Jordan,2015,0.2644497,0.3820942,-0.6404285,0.1682905999999999,0.1375421,-0.6098713
Jordan,2016,0.2009081999999999,0.3625454999999999,-0.5380777999999999,0.1178125,0.1691297,-0.5879620999999999
Jordan,2017,0.1776447,0.2771646,-0.4443596999999999,0.1335964,0.1933842999999999,-0.5787424999999999
Jordan,2018,0.0742478,0.089873,-0.3224326999999999,0.0851019,0.1458763,-0.6399465
Jordan,2019,0.0894230999999999,0.011123,-0.2846298,0.159713,0.1365134,-0.6407531
Jordan,2020,0.1409154,0.1138845,-0.3260056,0.1930478,0.1081791999999999,-0.6720902999999999
Jordan,2021,0.0177108,0.1228638,-0.3909883999999999,0.1917529,0.0436082,-0.715912
Jordan,2022,0.0226578,0.1428514,-0.3114621999999999,0.2117070999999999,0.0764869,-0.7613575
Jordan,2023,0.1060315,0.3908883999999999,-0.3007473,0.3141122,0.1232268,-0.7527767999999999
Jordan,2024,0.2721934,0.2162114,-0.3501687,0.2760104,0.1685335,-0.7137403
Kazakhstan,1996,-1.2424102,-1.3618338,-0.3527126,-0.6679486,-1.4202500999999998,-1.2933296
Kazakhstan,1998,-0.9384553,-1.0827506999999998,0.0667855,-0.7054359,-1.1382498,-1.0700865
Kazakhstan,2000,-1.2084641,-1.0960203,0.09126,-0.7662314,-1.2041605,-1.2706492
Kazakhstan,2002,-1.2720543,-1.1296621999999998,0.2486883,-1.0182681999999998,-1.0054771,-0.9972339
Kazakhstan,2003,-1.2728152,-1.1338646,0.3519678,-0.8605155999999999,-1.0076814,-0.9638536
Kazakhstan,2004,-1.1610946,-0.9256831,-0.0886632,-0.8387300999999999,-0.9648704,-1.0126437
Kazakhstan,2005,-1.087526,-0.9470669,0.0846972,-0.5786196,-0.8380354999999999,-0.8989204
Kazakhstan,2006,-1.2051616,-0.9172701,0.0939860999999999,-0.427037,-0.9283745,-0.8520724
Kazakhstan,2007,-1.2166727,-0.9265416,0.5055201,-0.4277090999999999,-0.8239194999999999,-0.7969788999999999
Kazakhstan,2008,-1.0246822,-0.8344328,0.4720784999999999,-0.2820625,-0.790813,-0.6883351
Kazakhstan,2009,-0.9908614,-0.7609,0.6995969,-0.3978898999999999,-0.7351078,-0.7305086
Kazakhstan,2010,-0.9891057,-0.7934049,0.4331905,-0.3591992,-0.7753761,-0.7718332999999999
Kazakhstan,2011,-0.8894339,-0.749787,-0.4304921,-0.3110066999999999,-0.5864784,-0.7953408
Kazakhstan,2012,-0.912828,-0.6199698,-0.3923638,-0.3353459,-0.643061,-0.8886362999999999
Kazakhstan,2013,-0.9287508,-0.5895608,-0.4514259,-0.3372732,-0.6798183999999999,-0.9945294
Kazakhstan,2014,-0.842471,-0.006638,0.0295973,-0.1482337,-0.5977257,-0.9080485
Kazakhstan,2015,-0.8337886,-0.011417,0.0342151,-0.0714085,-0.4919324,-0.7909976999999999
Kazakhstan,2016,-0.7865395,-0.1075078,-0.0865605,-0.1353542999999999,-0.5109376999999999,-0.8250537
Kazakhstan,2017,-0.7427939,0.0122759999999999,-0.0563947,0.0833098999999999,-0.4614698,-0.9065213
Kazakhstan,2018,-0.5048657,-0.1036204,-0.1086366,0.0552752,-0.3704992,-0.8029
Kazakhstan,2019,-0.207193,0.0590993,-0.2210639999999999,0.1127249999999999,-0.4309701999999999,-0.9427464
Kazakhstan,2020,-0.2881195,0.0522732,-0.2842993,0.0538786999999999,-0.4154444,-0.8846303
Kazakhstan,2021,-0.2698189,0.017817,-0.2325504,0.0132366999999999,-0.4655785,-0.8581561
Kazakhstan,2022,-0.1920096,0.1603392,-0.5795614,-0.0640574,-0.4406376999999999,-0.8774668
Kazakhstan,2023,-0.2223164,0.1520225,-0.2021045,0.0054918,-0.3777888,-0.8634651
Kazakhstan,2024,-0.0670902999999999,0.1467640999999999,-0.2827558,0.0470549,-0.3815477,-0.8157128
Kenya,1996,-1.0195375,-0.2701396,-1.1912284,-0.6850718,-0.8762169999999999,-1.1996546
Kenya,1998,-1.1801909,-0.8450595999999999,-1.2950157,-0.5099642,-1.0959866,-1.2624392
Kenya,2000,-0.9754007,-0.8436062,-1.3475172,-0.6593371,-0.9518773,-1.244015
Kenya,2002,-0.9730905,-0.9885635,-1.2330403,-0.2221503,-0.962291,-0.8946611
Kenya,2003,-0.7526162,-1.1042809999999998,-1.2300985,-0.2596713,-0.9121293,-0.4873305
Kenya,2004,-0.8947352,-0.7215366,-0.9416439,-0.3982121999999999,-0.7295068,-0.2607145
Kenya,2005,-1.0460424,-0.7229603,-1.09707,-0.3700978,-0.7380386999999999,-0.2057987
Kenya,2006,-0.946385,-0.6671859,-1.0369132,-0.3344148999999999,-0.7731656,-0.1460813
Kenya,2007,-0.9610262,-0.5239398,-1.4397709,-0.3186137,-0.8625067,-0.2710923
Kenya,2008,-1.0513432,-0.6190145,-1.6211842,-0.3623643,-0.9124338,-0.3707264999999999
Kenya,2009,-1.1084859,-0.6026748,-1.5514921,-0.3937815,-0.9557808,-0.4131881
Kenya,2010,-0.8543664999999999,-0.5014835,-1.3827355,-0.3526400999999999,-0.8769138,-0.3201097
Kenya,2011,-0.9218464,-0.530936,-1.4963456,-0.5228608,-0.8667182999999999,-0.4458657
Kenya,2012,-0.9749478,-0.468612,-1.4931583,-0.5122053999999999,-0.7864458,-0.3543765
Kenya,2013,-0.9346291,-0.4186939999999999,-1.1667366,-0.5061369,-0.7406402,-0.2687045
Kenya,2014,-0.8341786999999999,-0.4155586,-1.2631665,-0.3260229,-0.5508657,-0.195759
Kenya,2015,-0.9711807,-0.3675673,-1.2308131,-0.28953,-0.6423593,-0.2660841
Kenya,2016,-0.9008091,-0.3165796999999999,-1.1791469,-0.2270713999999999,-0.6124632999999999,-0.2881147
Kenya,2017,-0.8985955,-0.3033052,-1.1322093,-0.1985132,-0.5442175,-0.4085002
Kenya,2018,-0.8341484,-0.3449543,-1.1196296,-0.2993553,-0.5107269,-0.5310028
Kenya,2019,-0.8096112999999999,-0.2914418,-1.0751672,-0.3436142,-0.5590088999999999,-0.5001327999999999
Kenya,2020,-0.7505394,-0.3759713,-1.0502651,-0.4601410999999999,-0.5784344,-0.4358175999999999
Kenya,2021,-0.7107878999999999,-0.3468069,-1.1102194,-0.4248134999999999,-0.4456181999999999,-0.4377574999999999
Kenya,2022,-0.751285,-0.3324798,-0.962236,-0.3909087,-0.4245656,-0.2509718999999999
Kenya,2023,-0.7594497,-0.3131112,-0.971652,-0.3986548,-0.4275588999999999,-0.2708269
Kenya,2024,-0.8018297,-0.2978904,-1.3556816,-0.3335684,-0.464532,-0.3542285
Kiribati,1996,,,,,0.9038562,1.1957197
Kiribati,1998,,,,,0.8818861,1.2028229
Kiribati,2000,,,,,0.8674379,1.1581453
Kiribati,2002,,,,,0.8855968,0.9715931
Kiribati,2003,,,0.9514154,,0.8778703999999999,0.9037916
Kiribati,2004,0.4367912,-0.2313473999999999,0.8244422,-0.4621882,0.5577527999999999,0.5557099999999999
Kiribati,2005,0.3218331,-0.4517887,1.3245166,-0.9606224,0.883608,0.2864632
Kiribati,2006,0.2439124,-0.4849566999999999,1.3279824,-0.9623162,0.9118851,0.3212451
Kiribati,2007,0.281657,-0.5215166999999999,1.3337059,-1.0026464,0.8553035999999999,0.2209826999999999
Kiribati,2008,0.0947462,-0.5389148,1.333001,-1.0760724,0.4138758999999999,0.1674197
Kiribati,2009,-0.0076186,-0.6277075999999999,1.5568619,-1.109943,0.3467075,0.1477736
Kiribati,2010,0.0684729,-0.6677172,1.5510465,-1.1712064,0.3552404999999999,0.1820493
Kiribati,2011,0.2356682,-0.6319074,1.5457577,-1.1695716,0.3589525,0.6074912
Kiribati,2012,0.1453839999999999,-0.6849303999999999,1.5451994,-1.1799003,0.3571933,0.6212974
Kiribati,2013,0.1455969,-0.6847075,1.5434936,-1.180479,0.3746722999999999,0.6112816999999999
Kiribati,2014,0.2820761,-0.4119629999999999,1.281381,-0.6670026,0.3242201999999999,0.6138091999999999
Kiribati,2015,0.2843015,-0.4136250999999999,0.9559309,-0.6633176,0.3256281,0.6106159
Kiribati,2016,0.2512941999999999,-0.4130473,0.951395,-0.6785642,0.3258601,0.614837
Kiribati,2017,0.2500111,-0.4128597,0.9519508,-0.6776525,0.3831903,0.6237279
Kiribati,2018,0.2521934,-0.4118296999999999,0.95586,-0.6772777,0.2855611,0.8235364
Kiribati,2019,0.3505034999999999,-0.2735345999999999,1.0992501,-0.5049386,0.5835214,0.8833991999999999
Kiribati,2020,0.3514103,-0.2571454999999999,1.1749608,-0.5492947,1.1590995,0.8858056999999999
Kiribati,2021,0.3344081,-0.2550887,1.1647191,-0.5500931,1.0695661,0.9876663
Kiribati,2022,0.3338154,-0.2553983999999999,1.2429196,-0.5337443,0.7720439,0.9861458
Kiribati,2023,0.3317797,-0.4079699,1.2433279,-0.5997507,0.7346499999999999,0.9846412
Kiribati,2024,0.3745658,-0.4343103,1.2381638,-0.5014363,0.78601,0.9729224
"Korea, Dem. People's Rep.",1996,-1.2924489,-1.9816546,-0.018619,-2.3897037,-1.0049641,-2.0292379
"Korea, Dem. People's Rep.",1998,-1.2945092,-2.3713762,0.1025687,-1.965585,-1.0086364,-2.1748537999999997
"Korea, Dem. People's Rep.",2000,-1.2949955,-2.3693144,0.3029578,-1.863979,-1.0110515,-2.1744407999999997
"Korea, Dem. People's Rep.",2002,-1.1270344,-2.4552171,0.3491798,-2.1264054999999997,-1.4295909,-2.2216541999999997
"Korea, Dem. People's Rep.",2003,-1.560129,-2.4619061,0.2729801,-2.1874501,-1.362989,-2.1941362
"Korea, Dem. People's Rep.",2004,-1.2593031,-1.8807454,-0.1415577999999999,-2.1888186,-1.3908844,-2.1023856
"Korea, Dem. People's Rep.",2005,-1.191793,-1.9145085,-0.1263681999999999,-2.0646651,-1.3735579999999998,-2.1258646999999997
"Korea, Dem. People's Rep.",2006,-1.2900466,-1.9155395,-0.0654043,-1.996096,-1.4550008,-2.120562
"Korea, Dem. People's Rep.",2007,-1.2923254,-1.9139804,-0.0619502,-2.034291,-1.4542052,-2.016461
"Korea, Dem. People's Rep.",2008,-1.3694902999999998,-1.935294,-0.1130588999999999,-2.0349443,-1.4917933,-2.0347539
"Korea, Dem. People's Rep.",2009,-1.2182519,-1.7436269999999998,-0.2064539,-2.2693429,-1.4995259,-2.0764472
"Korea, Dem. People's Rep.",2010,-0.966997,-1.4430083,-0.0471047999999999,-1.8343177,-1.3121367,-1.6755164
"Korea, Dem. People's Rep.",2011,-0.9675004,-1.4501115999999998,-0.0333117999999999,-1.8375062,-1.3123937,-1.6645428
"Korea, Dem. People's Rep.",2012,-1.2713532,-1.8048348,-0.2690174999999999,-2.4263935,-1.5216162,-2.0344525
"Korea, Dem. People's Rep.",2013,-1.2712736999999998,-1.8047014,-0.5030753,-2.4267817,-1.5594854,-2.0610925
"Korea, Dem. People's Rep.",2014,-1.2722061,-1.4604904,-1.0056058,-2.0615378,-1.7508633,-2.0325603
"Korea, Dem. People's Rep.",2015,-1.2713751,-1.4614848,-1.0064947,-2.1049346,-1.7500177,-2.0337046
"Korea, Dem. People's Rep.",2016,-1.4197282999999998,-1.4611391,-0.4555063,-2.1043564999999997,-1.7498783,-2.0387839999999997
"Korea, Dem. People's Rep.",2017,-1.4202074,-1.4610269,-0.3543859,-2.1037448,-1.7730193,-2.0496319
"Korea, Dem. People's Rep.",2018,-1.5872449,-1.481926,-0.275313,-2.0268175,-1.7140751,-1.9520355
"Korea, Dem. People's Rep.",2019,-1.5773982,-1.2531349,-0.1870360999999999,-2.0261356,-1.7136635,-1.9665656
"Korea, Dem. People's Rep.",2020,-1.5735239,-1.2548503,-0.1873506999999999,-1.9455234,-1.6782172,-1.9670643
"Korea, Dem. People's Rep.",2021,-1.651571,-1.4820228,-0.1983915,-1.9459904,-1.680154,-1.9842872
"Korea, Dem. People's Rep.",2022,-1.6517597,-1.3350416,0.2686785,-1.947235,-1.4858772999999998,-1.9570503
"Korea, Dem. People's Rep.",2023,-1.5580486,-1.2707438,0.3264333,-1.8744885,-1.5256234,-1.961019
"Korea, Dem. People's Rep.",2024,-1.5573827999999998,-1.2713101999999998,0.3220654,-1.87416,-1.5256661,-1.9874253
"Korea, Rep.",1996,0.6237495,0.6958006999999999,0.6573186999999999,0.2101694999999999,0.7851404,0.6001082
"Korea, Rep.",1998,0.4277583,0.3167817,0.5228693,0.1171564,0.6872705,0.6861989
"Korea, Rep.",2000,0.3097325999999999,0.6589077,0.4324115,0.4605055999999999,0.810882,0.6968249
"Korea, Rep.",2002,0.2879472999999999,1.0191571,0.3886948,0.6891944,0.7931910999999999,0.7845065
"Korea, Rep.",2003,0.4162143,0.9613302,0.335961,0.5898687,0.7846466999999999,0.7933098
"Korea, Rep.",2004,0.378397,0.8638735,0.5226421,0.8058782,0.8754653,0.6641556
"Korea, Rep.",2005,0.5818218,1.0210353,0.6581189,0.8756782,0.915636,0.7281596
"Korea, Rep.",2006,0.3855479,0.9280549,0.6091618999999999,0.785485,0.8433832,0.8353471
"Korea, Rep.",2007,0.5124785,1.146123,0.7506836,0.9818245,1.028267,0.8657822
"Korea, Rep.",2008,0.414593,0.9389247,0.5925855999999999,0.6842496,0.8940893,0.760196
"Korea, Rep.",2009,0.4369534,1.025545,0.6309262,0.7514493999999999,0.9270364,0.8568313999999999
"Korea, Rep.",2010,0.4243376,1.2722652,0.5807388,0.8025338,0.9000646999999999,0.8758842
"Korea, Rep.",2011,0.582102,1.323113,0.5406915,0.9312521,0.9101943,0.8457093
"Korea, Rep.",2012,0.5254345,1.3333071,0.4992315,0.9288607,1.0189309,0.8603854
"Korea, Rep.",2013,0.584669,1.2238913,0.5061279,1.0180914,0.9929714,0.812211
"Korea, Rep.",2014,0.5041578999999999,1.1863908,0.5969209,0.9937598,1.0706201,0.7891756
"Korea, Rep.",2015,0.3449721,1.1983681,0.6676839999999999,0.996129,1.0105606,0.6911672
"Korea, Rep.",2016,0.3532288,1.186349,0.5156398,0.9758957,1.0280786,0.6918169
"Korea, Rep.",2017,0.427734,1.1827271,0.6254761,0.9593042,1.011855,0.8748979
"Korea, Rep.",2018,0.5413024,1.3865026,0.8705137,0.9569194,1.1100736,0.9068002
"Korea, Rep.",2019,0.6133176,1.6276354,0.8544820999999999,0.9120155,1.1105361,0.8843808
"Korea, Rep.",2020,0.7558651,1.5914906,0.8679971999999999,0.9083199,1.1479729,0.9454893
"Korea, Rep.",2021,0.7614152,1.6261842,0.9005342,0.9879995,1.1681575,0.991734
"Korea, Rep.",2022,0.8217095,1.4844938,0.8556729999999999,1.01728,1.1662138,0.9475108
"Korea, Rep.",2023,0.8788564,1.4955907,0.932168,0.9996554,1.1844569,0.9190605
"Korea, Rep.",2024,0.8495585999999999,1.4867237,0.6393495,1.013674,1.1174546,0.8078027999999999
Kosovo,1996,,,,,,-2.1653635
Kosovo,1998,,,,,,-1.5836025
Kosovo,2000,0.3750989999999999,,,,-0.5437841999999999,-0.6479258
Kosovo,2002,0.3137609,,-0.0088031,,0.0724002,-0.3778871
Kosovo,2003,0.154503,,-0.0244009,,0.672677,-0.0899061
Kosovo,2004,0.0921869,,0.1654912,,0.5904016999999999,-0.1554162
Kosovo,2005,-0.2488485,,0.1975151,,-0.0682444,-0.0774089999999999
Kosovo,2006,-0.3806140999999999,-0.4671323,0.2110370999999999,,0.0533714999999999,0.0239885
Kosovo,2007,-0.3895304,-0.4501384,0.1237775999999999,,0.0571878,-0.1335345
Kosovo,2008,-0.5570823,-0.3696506,0.7330131999999999,-0.3702053999999999,-0.0517872999999999,0.0142487999999999
Kosovo,2009,-0.4181452,-0.3573059999999999,0.4121892,-0.1858215,-0.2855637,0.0894842
Kosovo,2010,-0.4550304,-0.7120597,-0.7551692,-0.3411711,-0.2985784999999999,0.0556423999999999
Kosovo,2011,-0.4495425999999999,-0.6225461999999999,-0.8102541999999999,-0.398874,-0.2600252,0.012208
Kosovo,2012,-0.4549896,-0.5003295999999999,-0.7614632,-0.2195981,-0.3437814999999999,0.0145784
Kosovo,2013,-0.4517413999999999,-0.5481893999999999,-0.7879954,-0.1782814999999999,-0.4200143,-0.0023793
Kosovo,2014,-0.3496944999999999,-0.290095,-0.3019818999999999,-0.2133681999999999,-0.3274012,0.1004975999999999
Kosovo,2015,-0.3704122999999999,-0.3397659999999999,-0.2170007,-0.3315025,-0.2819338999999999,0.1178279999999999
Kosovo,2016,-0.2981032,-0.3482057,-0.2852683,-0.2543421999999999,-0.2420433,0.0979613
Kosovo,2017,-0.4089401,-0.3439391,-0.1718171,-0.2101322,-0.2788817,0.1314551
Kosovo,2018,-0.3876501,-0.3269129,-0.4135898,-0.363327,-0.2504466999999999,0.1234846
Kosovo,2019,-0.3444862999999999,-0.3265902,-0.1060460999999999,-0.3751079,-0.3527628,0.0665373
Kosovo,2020,-0.4235899999999999,-0.3716021,-0.0844029999999999,-0.3899511,-0.2784766999999999,0.1273328
Kosovo,2021,-0.3919167,-0.1579456,0.0010881,-0.3739534,-0.1239774999999999,0.098677
Kosovo,2022,-0.2951205,-0.0237723,-0.0510421999999999,-0.4686367999999999,-0.1492245999999999,0.150453
Kosovo,2023,-0.1480311,0.0092567999999999,-0.1409249,-0.3899858,-0.0437530999999999,0.1685562
Kosovo,2024,-0.2547282999999999,-0.0612949999999999,-0.3218904999999999,-0.2229473,0.0521362,0.1595880999999999
Kuwait,1996,0.6781773,-0.002761,0.330516,-0.1161721999999999,0.7869404999999999,-0.2761863
Kuwait,1998,0.6769115,-0.3071658,0.3631092999999999,-0.5037683,0.6750554999999999,-0.2840086
Kuwait,2000,0.5138229,-0.3057124,0.6565508999999999,-0.4185483,0.6733682999999999,-0.283846
Kuwait,2002,0.5740394999999999,-0.0322085,0.1909264,0.1488541,0.5984993,-0.2293758
Kuwait,2003,0.4566733,0.1578868,0.2533270999999999,0.2014184,0.4805315,-0.2500469
Kuwait,2004,0.4076687,0.1276102,0.1877805,0.3098327999999999,0.5021968,-0.2122698999999999
Kuwait,2005,0.4603332,0.0907877,0.2714609,0.4106112999999999,0.4849198999999999,-0.2173167
Kuwait,2006,0.15691,-0.0339183,0.4019242999999999,0.2859223999999999,0.3433219999999999,-0.3259149
Kuwait,2007,0.0700515,-0.0808076,0.6729088,0.3255243,0.4231405,-0.3335274
Kuwait,2008,0.0880729,-0.0990446,0.5819881,0.3732247999999999,0.39266,-0.2987947999999999
Kuwait,2009,0.0933994,0.1063085,0.5278524,0.3831092,0.3177108999999999,-0.2825129
Kuwait,2010,0.1131822,0.1289713999999999,0.576776,0.4485080999999999,0.3381151,-0.2837021
Kuwait,2011,-0.0793826,0.0334502999999999,0.326635,0.2857251,0.3070359,-0.292831
Kuwait,2012,-0.1357484,0.0282043999999999,0.0971713999999999,0.1507127999999999,0.3272807,-0.3894103
Kuwait,2013,-0.1239605999999999,0.016508,0.1094953999999999,0.1194098,0.2919927,-0.4300527999999999
Kuwait,2014,-0.2717863,0.1409051,0.0855674,-0.0650589,0.0157648,-0.4284675
Kuwait,2015,-0.2419234999999999,0.2377729999999999,-0.1466244,-0.0254842,7.06e-05,-0.426707
Kuwait,2016,-0.3387470999999999,-0.0028171,-0.0213093,-0.0488498,-0.0688786,-0.4168537
Kuwait,2017,-0.3931383,-0.0073085,0.0018547,-0.0306017,-0.0541277,-0.4182404999999999
Kuwait,2018,-0.2747578,0.1281525,0.2360921,0.0185723,-0.0177652,-0.4146491
Kuwait,2019,-0.1345999,-0.1122756999999999,0.2460837,0.1059595,0.0662246,-0.4179028999999999
Kuwait,2020,-0.1551226,-0.11216,0.1554026,0.1356131,0.146885,-0.4688158
Kuwait,2021,-0.0606404,0.0296612,0.1542147999999999,0.1641700999999999,0.1194986,-0.5604317
Kuwait,2022,0.0771437,0.3336204,0.1041663999999999,0.2464239,0.2236666,-0.5541874
Kuwait,2023,0.1660086,0.3091212,0.2906988,0.3224924999999999,0.1910577,-0.5355103
Kuwait,2024,0.2183455,0.3278963,0.2939367,0.4035132999999999,0.2308269,-0.7183421999999999
Kyrgyz Republic,1996,-0.8826482999999999,-0.2734013,-0.4874146,-0.6765378999999999,-0.8466018,-0.9104533
Kyrgyz Republic,1998,-0.761764,-0.2825287999999999,-0.5150958,-0.5441429999999999,-0.8170212,-1.0059222
Kyrgyz Republic,2000,-1.0247621,-0.3533816999999999,-0.6299215,-0.5567827,-0.9100805,-1.29106
Kyrgyz Republic,2002,-1.0348308,-0.6029641,-0.8143863,-0.1669081,-0.6946951,-0.9426646
Kyrgyz Republic,2003,-1.0366425,-0.6120798,-1.1170803,0.0197313,-0.699328,-0.9105257
Kyrgyz Republic,2004,-1.1207444,-0.5562427999999999,-1.1211438,-0.2938165,-0.6315934,-0.8597954999999999
Kyrgyz Republic,2005,-1.3417191,-0.7841751,-1.2443254,-0.5272789999999999,-1.0411481,-0.8332988
Kyrgyz Republic,2006,-1.3607877,-0.8741635,-1.2701597999999998,-0.5763990999999999,-1.1817883,-0.5997653
Kyrgyz Republic,2007,-1.3303239,-0.7425505,-0.8659977999999999,-0.4811610999999999,-1.0852165,-0.6744406
Kyrgyz Republic,2008,-1.3088248999999998,-0.9613572,-0.5213825,-0.4912842999999999,-1.2176076999999998,-0.9259281
Kyrgyz Republic,2009,-1.3428103999999998,-1.001767,-0.5809063,-0.5702782,-1.2183921,-0.9471269
Kyrgyz Republic,2010,-1.1425793,-0.7697326,-0.9344437,-0.4725786999999999,-1.1674615,-0.8101431
Kyrgyz Republic,2011,-1.2108816999999998,-0.8697708,-0.9970807,-0.4152696999999999,-0.9953062,-0.6321637
Kyrgyz Republic,2012,-1.1598391,-0.8926853,-0.8759479,-0.499224,-0.934599,-0.5682541
Kyrgyz Republic,2013,-1.1747911,-0.8625472,-0.8163448999999999,-0.4370868,-0.9467484,-0.4503839
Kyrgyz Republic,2014,-1.1718773999999998,-0.8594428,-0.7066273,-0.5414534,-0.8193140999999999,-0.3187974
Kyrgyz Republic,2015,-1.2076555,-0.8949145,-0.7293545,-0.5596846999999999,-0.8379898,-0.2483693
Kyrgyz Republic,2016,-1.1900138999999998,-0.8966118,-0.5531495,-0.3906415,-0.8007904,-0.2515391999999999
Kyrgyz Republic,2017,-1.1583682,-0.7139171999999999,-0.2975366,-0.2937056,-0.7135136,-0.2832911999999999
Kyrgyz Republic,2018,-1.0445924,-0.5418628,-0.323764,-0.3502337,-0.6921729999999999,-0.2718145999999999
Kyrgyz Republic,2019,-0.9826685,-0.6704150999999999,-0.2068191999999999,-0.4211895,-0.7384495999999999,-0.3956981
Kyrgyz Republic,2020,-1.048438,-0.5862512999999999,-0.5068231,-0.4846177,-0.7295208999999999,-0.4870232
Kyrgyz Republic,2021,-1.1583724,-0.8422527999999999,-0.3876484,-0.5122396,-0.879262,-0.5153924
Kyrgyz Republic,2022,-1.2024196,-0.9984392,-0.422477,-0.5260208,-0.9265186,-0.639873
Kyrgyz Republic,2023,-1.1965583,-1.0041023,-0.5096672999999999,-0.5342741,-0.9738995,-0.730617
Kyrgyz Republic,2024,-1.1364649,-0.8885033,-0.5045251,-0.5167463999999999,-0.9360937,-0.8013292
Lao PDR,1996,-0.7304672999999999,-0.7897088,0.0359199,-1.39069,-1.2234224,-1.2843184
Lao PDR,1998,-0.7332428,-0.7988362999999999,-0.2729497999999999,-1.3683520999999998,-1.2278649,-1.3674368
Lao PDR,2000,-0.7413578,-0.7956793,-0.6018274,-1.4907046,-1.326725,-1.3783059
Lao PDR,2002,-0.7471026,-1.1502742,-0.0799686,-1.3817169,-1.5373033,-1.6997502999999998
Lao PDR,2003,-0.7490623,-1.5309061,-1.0092662,-1.4538744,-1.6175273,-1.7387062999999998
Lao PDR,2004,-1.1120343,-1.0127681,-0.5139608999999999,-1.3157016,-1.4097613,-1.4891358
Lao PDR,2005,-1.2611503,-1.3102987,-0.3800286,-1.226348,-1.1632985,-1.5078162
Lao PDR,2006,-1.3010882,-0.9221857,-0.0903443,-1.1865629,-1.0987704,-1.4378612
Lao PDR,2007,-1.2771996,-0.8734057,-0.1533180999999999,-1.1761206,-1.0493587,-1.4394943
Lao PDR,2008,-1.2442881,-0.8754327,0.0129444,-1.0242586,-1.02587,-1.4338476
Lao PDR,2009,-1.2442993999999998,-0.8878944,-0.0651815999999999,-1.0216488,-1.0303478,-1.4518589
Lao PDR,2010,-1.1900658,-0.8602557,-0.2200354,-0.9484358,-0.9464468,-1.4062968999999998
Lao PDR,2011,-1.1502894,-0.8422502,-0.072408,-0.9273607,-0.9577518,-1.4025949
Lao PDR,2012,-1.1447879,-0.8376374,-0.0728091,-0.8473352,-0.8974981,-1.4072113
Lao PDR,2013,-1.076746,-0.7057833,-0.0505462999999999,-0.8088113,-0.8536497,-1.3985434
Lao PDR,2014,-1.0259697,-0.2761781,0.3772453,-0.7456832999999999,-0.779778,-1.3776916
Lao PDR,2015,-0.9998267,-0.3539782999999999,0.4046383,-0.6993587,-0.7713994,-1.3817502
Lao PDR,2016,-0.9477248,-0.2622768,0.3452009,-0.665338,-0.7516558,-1.3451544
Lao PDR,2017,-1.0088577,-0.2334031,0.2776591,-0.6856629,-0.8221917999999999,-1.3908513999999998
Lao PDR,2018,-1.1101203,-0.649149,0.2651475,-0.7927044999999999,-0.8579945,-1.3641332
Lao PDR,2019,-1.1050142,-0.7571517999999999,0.3582008,-0.7206627999999999,-0.9442456,-1.4478452
Lao PDR,2020,-1.0608703,-0.765948,0.5456553,-0.7757012999999999,-0.8752013999999999,-1.4674351
Lao PDR,2021,-1.0773186,-0.7431648,0.583086,-0.7420677999999999,-0.7575675,-1.3981687
Lao PDR,2022,-0.9974286,-0.7104039999999999,0.7033051,-0.8188603999999999,-0.8397916,-1.3986111
Lao PDR,2023,-0.9646387,-0.7534641999999999,0.7378068,-0.7700083,-0.8447129,-1.4318339999999998
Lao PDR,2024,-0.9798961,-0.5819014,0.5576599,-0.6360281999999999,-0.7424166999999999,-1.4711828999999998
Latvia,1996,-0.294776,-0.4179424,0.5637329999999999,0.5718359,0.0629238999999999,0.4688969
Latvia,1998,-0.0108501999999999,-0.0694747,0.2495049999999999,0.4973014999999999,0.1752328,0.7050824
Latvia,2000,-0.2494373,-0.0326631999999999,0.5717085,0.4415715999999999,0.1497577,0.5878603
Latvia,2002,0.1100642999999999,0.3505684,0.8974441,0.8704037,0.2192826,0.5871236
Latvia,2003,0.2740176,0.4408646,0.94211,1.0905713,0.4424963999999999,0.6594827999999999
Latvia,2004,0.1727394,0.4196126,0.590281,0.9258223,0.3512417,0.5089274
Latvia,2005,0.3168035999999999,0.4020553,0.8556286999999999,0.9713104,0.5067237,0.6963988
Latvia,2006,0.3988243999999999,0.4270382,0.9064264,1.0570369,0.5687930999999999,0.7767940999999999
Latvia,2007,0.3061482,0.3072813,0.7458786,1.0284669,0.648169,0.7781359999999999
Latvia,2008,0.2777419,0.3403341,0.4004351,1.0165052,0.6474712,0.7285188
Latvia,2009,0.2590179999999999,0.4275381,0.6126227,0.9947486,0.5721106,0.8501599
Latvia,2010,0.3436554,0.5604066,0.5895207,0.9998903,0.6393949999999999,0.8505225999999999
Latvia,2011,0.3903533999999999,0.5698289,0.3810125,1.027476,0.5528727999999999,0.7607672999999999
Latvia,2012,0.3863394,0.6097852,0.4809516,0.9299474,0.5723849,0.6957506999999999
Latvia,2013,0.4288743,0.7056306999999999,0.6227437,0.9497473,0.5642617999999999,0.7047937999999999
Latvia,2014,0.5065843,0.874541,0.720197,1.0179488,0.6743998999999999,0.7659564999999999
Latvia,2015,0.6009074999999999,0.7616412,0.7167386,1.0059047,0.6625807,0.7531513
Latvia,2016,0.590799,0.6882967999999999,0.6434248,0.9858411,0.6455907,0.7206220999999999
Latvia,2017,0.6379966,0.6711155999999999,0.6631827,0.9965005,0.6323350999999999,0.7287864
Latvia,2018,0.5446797999999999,0.7981066,0.6632555,1.0176263,0.6152447,0.7056906
Latvia,2019,0.6990995,0.8291601,0.6780506,1.0030074,0.8287289999999999,0.9135978
Latvia,2020,0.7605048,0.7965198,0.726286,0.9806216,0.9229434,0.9256747
Latvia,2021,0.8423495,0.8795712,0.8069841999999999,1.1028018,0.9839815,0.9910654
Latvia,2022,0.8238921,0.7275574,0.7798655999999999,0.9590621,1.0087817,1.06675
Latvia,2023,0.7759204,0.6374221,0.8394628,0.9975052,1.0727082,1.1124815
Latvia,2024,0.8251335999999999,0.7431802,0.6201401999999999,1.0998172,1.0913834999999998,1.1279498
Lebanon,1996,-0.6329891,-0.2732760999999999,-0.7113625,-0.4520914,-0.2320591,-0.7302242999999999
Lebanon,1998,-0.8318588,-0.006963,-0.7986765,-0.592395,-0.371957,-0.7155303
Lebanon,2000,-0.6379561,-0.0055096,-0.647972,-0.5071751,-0.1427456,-0.6328125
Lebanon,2002,-0.6105956,-0.2876731999999999,-0.4731616999999999,-0.425407,-0.4065553999999999,-0.7780922
Lebanon,2003,-0.6113814,-0.2919026999999999,-0.5699154,-0.3457046,-0.5108374,-0.7957537
Lebanon,2004,-0.7036298999999999,-0.1571532,-0.7892319999999999,-0.2485853999999999,-0.2735183,-0.5627742
Lebanon,2005,-0.6804753,-0.1648879999999999,-0.9946131,-0.2381711,-0.3483783,-0.3577830999999999
Lebanon,2006,-0.9629014,-0.2041280999999999,-1.5087488999999998,-0.2330089,-0.4881313,-0.1938986
Lebanon,2007,-1.0164881,-0.266994,-1.8281293,-0.2612833,-0.5947992,-0.3162046
Lebanon,2008,-0.9881524,-0.2995434999999999,-1.5049397,-0.2045200999999999,-0.4987684,-0.2848364
Lebanon,2009,-0.9793422,-0.3214416,-1.3045394,-0.1346545999999999,-0.6447638,-0.3689515
Lebanon,2010,-0.9593813,-0.2435527999999999,-1.4336955999999998,0.0121012,-0.6539495,-0.3436634
Lebanon,2011,-0.8636085,-0.2594872,-1.4563703,-0.2805478,-0.4793095,-0.3557985999999999
Lebanon,2012,-0.938609,-0.2600992,-1.5792359,-0.3620584,-0.5196035,-0.3211237
Lebanon,2013,-0.970075,-0.3257259999999999,-1.6105378,-0.2888629,-0.6166728,-0.3791182999999999
Lebanon,2014,-1.1059903,-0.266612,-1.4947838999999998,-0.4418245999999999,-0.6947778,-0.4595043
Lebanon,2015,-1.0047914,-0.2826924,-1.3952938,-0.3625053,-0.8084504,-0.5520082
Lebanon,2016,-1.069034,-0.2459211999999999,-1.3333648,-0.4156822,-0.8515653,-0.6163145999999999
Lebanon,2017,-1.0714014,-0.2219586999999999,-1.3393518,-0.357388,-0.8213235999999999,-0.6151856
Lebanon,2018,-1.2208803,-0.4996896999999999,-1.2146005,-0.4704610999999999,-0.7717368,-0.5658194
Lebanon,2019,-1.2286796,-0.6222753,-1.3398887,-0.5611682,-0.8604448,-0.6164535
Lebanon,2020,-1.2305227,-0.9492217,-1.3492491,-0.7155520999999999,-0.9184244,-0.6889046
Lebanon,2021,-1.2586741,-1.0567104,-1.3231817,-0.8217369999999999,-1.0028379,-0.7622156
Lebanon,2022,-1.2176298,-1.0420809,-1.3425754,-0.9433232,-1.0323318,-0.7786234
Lebanon,2023,-1.2554109,-1.1658333,-1.2764099,-0.912561,-1.0665045,-0.7573308
Lebanon,2024,-1.3041344,-1.1301199,-1.3896806,-0.9588794,-1.0853525,-0.7732540999999999
Lesotho,1996,-0.2575126,0.2429062,-0.0981278999999999,-0.584135,0.0992281,-0.1550462
Lesotho,1998,-0.4617041999999999,0.2337786,-0.512429,-0.5617972,0.0894182999999999,-0.426098
Lesotho,2000,-0.4698191,0.2369357,-0.4889743,-0.3724868,0.1855462,-0.097219
Lesotho,2002,-0.4607172,0.2686713,-0.3393253,-0.3633489,0.1963907,-0.0519422
Lesotho,2003,-0.4519129,0.2562836,-0.0961278,-0.5465192,0.1964372999999999,0.0887231
Lesotho,2004,-0.3145913999999999,-0.4058341,0.0517556999999999,-0.7328650999999999,-0.2398731999999999,0.0293361
Lesotho,2005,-0.1245853,-0.2471195,-0.0903744,-0.6306158,-0.0570674,0.1159665999999999
Lesotho,2006,0.075208,-0.4790453999999999,-0.1298961,-0.6418986,-0.1425992999999999,0.1811499
Lesotho,2007,0.0238937,-0.5200403,-0.2932114,-0.6878280999999999,-0.1851989,0.0356755
Lesotho,2008,0.1069533,-0.4839484,-0.113854,-0.5292283999999999,-0.1808092,-0.1259968
Lesotho,2009,0.1974813,-0.3333707999999999,0.534396,-0.5280302,-0.1790363999999999,-0.1114535
Lesotho,2010,0.1788739,-0.3521504,0.5816165,-0.5795946,-0.2581736,-0.1491529999999999
Lesotho,2011,0.2006484,-0.3753852,0.6423580999999999,-0.5974921,-0.2534609,-0.1378447
Lesotho,2012,0.1451541999999999,-0.4430566999999999,0.2654833,-0.5142951,-0.1994631,-0.0145537999999999
Lesotho,2013,0.2476871,-0.4522419,0.3249377,-0.3929411,-0.1984955,0.0304049999999999
Lesotho,2014,0.1248333,-0.4988175999999999,-0.1721919999999999,-0.4431457,-0.1499856,-0.0778208
Lesotho,2015,0.0497096999999999,-0.56995,-0.2089386999999999,-0.4345878999999999,-0.1298453,-0.0763691
Lesotho,2016,0.0206204,-0.6209408,-0.2746129,-0.4415504999999999,-0.1871002,-0.211975
Lesotho,2017,0.0469636,-0.6330237,-0.2021614,-0.4168784,-0.2496806,-0.1860106
Lesotho,2018,0.0206213999999999,-0.6318313999999999,-0.1397918,-0.5168768,-0.3372082999999999,-0.1486336999999999
Lesotho,2019,-0.0282232,-0.6744181,-0.2879800999999999,-0.5508683,-0.3415732999999999,-0.1629566999999999
Lesotho,2020,-0.009674,-0.7085808,-0.1451933,-0.7112968,-0.3692264999999999,-0.1369778999999999
Lesotho,2021,-0.1543581,-0.7136054,-0.1334002,-0.6526333,-0.4017432999999999,-0.2217516
Lesotho,2022,-0.1463735,-0.7479260999999999,-0.128161,-0.5786676,-0.4650393,-0.1459999
Lesotho,2023,-0.3006103,-0.7503177,-0.1357263,-0.5644091,-0.4422534999999999,-0.1778783
Lesotho,2024,-0.302427,-0.6470887,-0.2588663,-0.484852,-0.4065864999999999,-0.1551378
Liberia,1996,-1.4944168999999998,-2.0282198,-2.582407,-2.4070115999999997,-2.1566479,-1.516734
Liberia,1998,-1.5850777,-2.0341809,-1.9934702,-2.2140392,-1.9183152,-1.0041901
Liberia,2000,-0.5434764,-2.0321191,-1.8986232,-2.2082317,-1.9212509,-1.1321531
Liberia,2002,-1.1101642,-1.6490728,-1.9064681,-2.0375799999999997,-1.890774,-1.2937464
Liberia,2003,-1.1116189,-1.6557617999999998,-2.0654274999999997,-2.1078782,-1.7948560999999998,-1.5733556
Liberia,2004,-1.246766,-1.6610758,-1.4651904999999998,-1.7916145,-1.5096474,-1.0259486
Liberia,2005,-1.3670714,-1.6617126,-1.3279822,-1.6674589,-1.2444464,-0.4633306
Liberia,2006,-0.7835217999999999,-1.3070227,-1.2364099,-1.3289489,-0.8299262,-0.0434438
Liberia,2007,-0.7198737,-1.3265554,-1.1612123,-1.3277397,-0.9589814,-0.102976
Liberia,2008,-0.6268627,-1.2155432,-1.1609094,-1.2393658,-0.9068367,-0.0882136999999999
Liberia,2009,-0.4387707999999999,-1.1046515,-1.0358291,-1.1266945,-0.9541313,-0.1534704999999999
Liberia,2010,-0.412423,-1.0232677,-0.3931525999999999,-1.0577033,-0.8943513999999999,-0.1748594
Liberia,2011,-0.5668276,-0.9978425,-0.4731869999999999,-1.1772919,-0.8971258999999999,-0.2723024
Liberia,2012,-0.4732171,-0.8815582999999999,-0.3877254,-1.0596247,-0.8335786,-0.1965545
Liberia,2013,-0.664203,-1.1231932,-0.3646399999999999,-1.0524016,-0.8488397999999999,-0.3267253
Liberia,2014,-0.7936808,-1.115021,-0.510413,-0.8265315,-0.7733006,-0.2481803
Liberia,2015,-0.7343546999999999,-1.2026736999999998,-0.5851773,-0.7899866999999999,-0.7924952,-0.2382728999999999
Liberia,2016,-0.8475684,-1.1576727,-0.4531368999999999,-0.8651692,-0.8082285,-0.2242728
Liberia,2017,-0.852785,-1.1579163,-0.2701752,-0.8601742,-0.791767,-0.0459297
Liberia,2018,-0.9857106,-1.1977202,-0.0185577,-0.8639309,-0.8310297999999999,-0.1351080999999999
Liberia,2019,-0.9910994,-1.2862251,-0.2571938,-0.9351647,-0.8706655999999999,-0.2361706999999999
Liberia,2020,-0.9167423,-1.3754275,-0.2201025999999999,-0.9601829,-0.8553584999999999,-0.1946272
Liberia,2021,-0.9896145,-1.3272214999999998,-0.2103506,-0.9457248,-0.8429491,-0.1873575999999999
Liberia,2022,-1.0479173,-1.3315969,-0.2807974,-0.9669682,-0.8587463999999999,-0.1659338
Liberia,2023,-1.01213,-1.2153121,-0.1740479999999999,-0.9050469,-0.8997457,-0.111354
Liberia,2024,-1.0473848,-1.246293,-0.228549,-0.8418216,-0.868004,-0.1117659
Libya,1996,-0.7275475,-1.0785486,-0.8452373,-1.7261164999999998,-1.2657422,-1.7734550999999998
Libya,1998,-0.7288134,-1.3532658,-0.6428417,-1.7983015999999998,-1.2679096,-1.8582652
Libya,2000,-0.7325145,-1.3518124,-0.3492053,-1.5339076,-1.182786,-1.8581172
Libya,2002,-1.0539097,-1.4595055,-0.2474046,-1.6910017,-1.3801427,-1.8921898
Libya,2003,-1.0548034,-1.4645212,-0.1098149,-1.6909816,-1.2248297,-1.8592574
Libya,2004,-1.1162753,-1.2264938,-0.0114758,-1.3810190999999998,-1.1296781,-1.9052156
Libya,2005,-1.1957157,-1.3464635,0.2379930999999999,-1.3536844,-1.1693927,-1.8580118
Libya,2006,-1.1939274,-1.3287689,0.1965752999999999,-1.2786635,-1.1415494,-1.7668746
Libya,2007,-1.1569251,-1.4187378,0.4998891,-1.1435433,-1.069897,-1.7682143
Libya,2008,-1.1162314,-1.3014774,0.5158275999999999,-0.9755728,-1.0141289,-1.7716811
Libya,2009,-1.2049286,-1.2930174,0.5227168999999999,-1.1573267,-1.1792783999999998,-1.7649978
Libya,2010,-1.2258396,-1.2821058,-0.4787846,-1.2492866,-1.1938263,-1.8268971
Libya,2011,-1.250864,-1.2825394,-1.6341249,-1.4491899,-1.1904098,-1.5248663
Libya,2012,-1.1136811,-1.3979031,-1.5745603,-1.3472691,-1.0379947,-0.8508505
Libya,2013,-1.2916518,-1.3728325,-1.9032456,-1.5750015,-1.3948385,-0.8115608999999999
Libya,2014,-1.475239,-1.5663079,-2.2652694,-1.9460903,-1.5953619,-1.0752096
Libya,2015,-1.5959911999999998,-1.6501127,-2.2100778,-2.0211489,-1.7545590999999998,-1.165613
Libya,2016,-1.5977532,-1.666709,-2.2576529,-2.1039014,-1.6960655,-1.1997746
Libya,2017,-1.6097899,-1.5287142,-2.2943152,-1.9779852,-1.6097257,-1.2324321
Libya,2018,-1.5160133999999998,-1.5515532,-2.2839145999999997,-2.0627355,-1.5684814,-1.1886225
Libya,2019,-1.5465395,-1.5537488,-2.2589596999999997,-2.0416816,-1.6213786,-1.108952
Libya,2020,-1.5214215,-1.6327551,-2.2231779,-1.9895714,-1.6334673,-1.1145078
Libya,2021,-1.5502152,-1.4589466,-2.2069296,-1.9018167,-1.5627941,-1.2687345
Libya,2022,-1.5332986,-1.563716,-2.0039724999999997,-1.9030704,-1.7431898,-1.3168916
Libya,2023,-1.5426693,-1.447749,-2.0418754,-1.8217848,-1.6684728999999998,-1.3571083
Libya,2024,-1.5315957,-1.419488,-1.8964767,-1.7391073,-1.6980126,-1.3359995999999998
Liechtenstein,1996,1.3626213,1.2755211,1.2502075,1.5948285999999998,1.3698461,1.5419543999999998
Liechtenstein,1998,1.3581531999999998,1.2663936,1.2511111,1.6257171,1.3608534,1.5405979
Liechtenstein,2000,1.3450898,1.2695506,1.2490265,1.6341256,1.3549394,1.5413614999999998
Liechtenstein,2002,1.3358417,1.2698018,1.2512043,1.8243575,1.3623722,1.3661755
Liechtenstein,2003,1.332687,1.2569496,1.3177029999999998,1.8244396,1.1639177,1.3713788999999998
Liechtenstein,2004,1.1175694,1.3540816999999998,1.1466993,1.3030083,0.6527769,1.2606034
Liechtenstein,2005,1.3271197,1.2500658999999998,1.3245166,1.8230147,1.0931461,1.4669813
Liechtenstein,2006,1.3353033,1.7634272,1.3279824,1.6416309999999998,1.2384748,1.4355128
Liechtenstein,2007,1.2571172,1.7678826,1.3337059,1.6482253999999998,1.5259943,1.4939677
Liechtenstein,2008,1.2137618,1.7713578,1.333001,1.6453008,1.5232341,1.4928783
Liechtenstein,2009,1.7630631,1.7129995,1.6495712,1.7123155,1.6765125,1.7325203999999998
Liechtenstein,2010,1.7634559,1.7144028,1.644869,1.7123847,1.6760806,1.7317171999999998
Liechtenstein,2011,1.7624719999999998,1.7135772,1.6405927,1.7128762,1.6504211,1.6875787999999998
Liechtenstein,2012,1.7604274,1.7137852,1.6401413,1.7419622,1.5897692,1.5292348
Liechtenstein,2013,1.8180523,1.7140174,1.6387619999999998,1.7659616,1.5866416,1.5296566
Liechtenstein,2014,2.0144421,1.7234083,1.6435263999999998,1.5568901,1.6526677,1.4558907
Liechtenstein,2015,2.0160894,1.7216767,1.5056039,1.5612024999999998,1.6540606999999998,1.4528957999999998
Liechtenstein,2016,2.0174168999999997,1.7222786,1.5021925,1.5622108,1.6249582,1.3998969
Liechtenstein,2017,2.0164671,1.7224741,1.5026104999999998,1.6555278999999998,1.6243963,1.3818292
Liechtenstein,2018,2.0180825,1.7235471999999998,1.5055506,1.6559665,1.6319998,1.3073919
Liechtenstein,2019,2.0203081,1.7245932,1.6431087,1.6571558,1.6319229,1.313823
Liechtenstein,2020,2.0208673,1.7216059,1.6427344,1.6551308,1.6347174999999998,1.3135419
Liechtenstein,2021,1.7554607999999998,1.5136250999999998,1.5846135,1.5620661999999998,1.6323677,1.3347361
Liechtenstein,2022,1.7550868,1.5173885,1.5871411,1.5352187,1.7279582,1.3366924999999998
Liechtenstein,2023,1.7538022999999998,1.6939974,1.5875521,1.53545,1.7276011999999998,1.3149688
Liechtenstein,2024,1.7550399,1.6931644,1.5823538,1.5359737999999998,1.7275435,1.3276421
Lithuania,1996,0.4479313,-0.0205655,0.5679871,0.6118671999999999,0.4052681999999999,0.8345037
Lithuania,1998,0.2075768999999999,-0.0694747,0.6229570999999999,0.5557076,0.4186702,0.8276332
Lithuania,2000,0.1949824,-0.0691171,0.6100705,0.3678478,0.1697538999999999,0.7832795
Lithuania,2002,0.2232328999999999,0.5321923,0.9288215,0.9361025,0.2479799999999999,0.6413544999999999
Lithuania,2003,0.3131684,0.7480840999999999,1.0000414,1.1760281,0.37538,0.7560891
Lithuania,2004,0.5136179,0.5898262,0.6263607,1.0391911,0.3615852,0.7325148
Lithuania,2005,0.5123846,0.6552222,0.8170275,1.0774747999999998,0.5178973,0.8192978999999999
Lithuania,2006,0.3034081999999999,0.549991,0.7891625,1.120892,0.5905926,0.8639506
Lithuania,2007,0.1802647,0.4643619,0.8142957,1.0779591,0.6067427,0.8577283
Lithuania,2008,0.1757147,0.295576,0.7510344999999999,1.0138857,0.5154425,0.8569481
Lithuania,2009,0.2168574999999999,0.5365352,0.6237602999999999,0.9445431,0.5293133999999999,0.9515418
Lithuania,2010,0.48572,0.5772759,0.7159839,0.9389202,0.5982483,0.9490259
Lithuania,2011,0.4310611,0.5794635,0.6843003,0.9138081,0.5466728,0.884775
Lithuania,2012,0.5599732,0.7054268,0.7176973,1.0029205,0.5849095,0.8717718
Lithuania,2013,0.5798078,0.7087015999999999,0.9839797,1.0155294,0.5869679999999999,0.8688475
Lithuania,2014,0.5991274999999999,0.7945609,0.936572,1.0103786,0.7406313,0.8890129999999999
Lithuania,2015,0.6814439,0.8794501,0.9444776,1.1895249,0.8491405999999999,0.9019303
Lithuania,2016,0.7346676999999999,0.8452214,0.9545715,1.0789062,0.9019135,0.8522698999999999
Lithuania,2017,0.6761874999999999,0.7582409,0.8922633999999999,1.0760082,0.8591133999999999,0.8829716
Lithuania,2018,0.4531588,0.86117,0.9070273,1.0635821,0.7490781999999999,0.8135129999999999
Lithuania,2019,0.7581203999999999,0.8510012,0.9825192,0.9756202,1.0578671,1.0715599
Lithuania,2020,0.8813827999999999,0.9591268,1.1506312,0.8963652,1.1400782,1.086472
Lithuania,2021,0.9249581,0.9787009,1.0111257,1.1708847999999998,1.2107283,1.134426
Lithuania,2022,0.8550679999999999,0.9431482,0.963939,1.1852774,1.2283309999999998,1.1824494
Lithuania,2023,0.8884763999999999,0.9448653,0.9517926,1.2128759,1.3288837999999998,1.1887714
Lithuania,2024,0.9927892,1.2014922,0.9394441,1.291591,1.3742358,1.2226462
Luxembourg,1996,2.252685,1.8145116,1.4651241,1.3539584999999998,1.7057696999999998,1.499901
Luxembourg,1998,1.9541985,1.8414119,1.4656867999999998,1.3137544,1.7073629,1.491604
Luxembourg,2000,1.9607248,1.9764288,1.5335472,1.9022871,1.8788532,1.4899762
Luxembourg,2002,1.9689887,2.217132,1.5347147,2.2598289,1.8078816,1.4644187
Luxembourg,2003,1.697981,2.0282325,1.3466046,2.0999602,1.7486636,1.4952786
Luxembourg,2004,1.7217536999999998,1.9125262,1.0947844,1.9324248,1.6816181,1.5313331
Luxembourg,2005,1.7188584999999998,1.7422656,1.2513173,1.8854201,1.5567865,1.4493037
Luxembourg,2006,2.0357708,1.8449016,1.3608359,1.7537988999999998,1.6398901,1.5923957
Luxembourg,2007,2.0689964,1.8128865,1.4946425,1.7793234999999998,1.7218692,1.593974
Luxembourg,2008,2.0727675999999997,1.8311499,1.5178517,1.6975144,1.6983757,1.6216169
Luxembourg,2009,2.0505925,1.9030234,1.4891067999999998,1.7052538,1.6972405,1.6592487
Luxembourg,2010,2.0803607,1.8503746,1.4878051,1.7207932,1.7383685,1.6473099999999998
Luxembourg,2011,2.2289765,1.9488475,1.3788317,1.8390106,1.7584094,1.6599762
Luxembourg,2012,2.169911,1.9034421,1.3639242,1.7520668,1.7782538,1.6519811999999998
Luxembourg,2013,2.1532215999999997,1.8352325,1.316509,1.7748859,1.7641968,1.6170350999999998
Luxembourg,2014,2.1721389,1.8322174,1.4310288999999998,1.5852947,1.7507788,1.5878417
Luxembourg,2015,2.2241466,1.8995712,1.4125194,1.6718385,1.8141125,1.6105935999999998
Luxembourg,2016,2.1912929,1.8926746,1.3457296,1.7201423999999998,1.7993709,1.598235
Luxembourg,2017,2.1475168,1.9443969,1.2715421,1.6392801,1.7990450999999998,1.6256817
Luxembourg,2018,2.2100505,1.9421635,1.3055181,1.7344218999999998,1.8614373,1.6101762
Luxembourg,2019,2.2590117,1.9821714,1.3055593,1.7336486,1.8431648,1.6112736
Luxembourg,2020,2.2067723,1.9824291,1.2105167,1.8008159,1.796841,1.653888
Luxembourg,2021,1.9638476,1.9512038,1.1450494,1.8555011,1.7333366,1.6761180999999998
Luxembourg,2022,1.9674109,1.9655271,1.0244114,1.8671503,1.7477473,1.6940035
Luxembourg,2023,2.0124074,2.1455984,1.0156548,1.8374052,1.7286548,1.6677685
Luxembourg,2024,2.0157594999999997,2.0397137,1.0730532,1.8386524,1.7617682,1.6653277
"Macao SAR, China",1996,0.4265513999999999,0.2429062,0.1629634999999999,0.3516569,0.0418327999999999,0.1357513
"Macao SAR, China",1998,0.4220833,0.2337786,0.1638669999999999,0.3825454,0.0300849999999999,0.1325989
"Macao SAR, China",2000,0.4090199,0.2369357,0.4335934999999999,0.5685496,0.0223593,0.1343735
"Macao SAR, China",2002,-0.0682631,0.7534943,0.4357713,0.7587815,0.5423118,0.3731117
"Macao SAR, China",2003,0.8646520999999999,1.2569496,0.974216,1.2916516,1.048423,0.5984868
"Macao SAR, China",2004,1.1553904,1.3123599,0.936718,1.0303354999999998,0.97811,-0.0244688
"Macao SAR, China",2005,0.3910498,1.2500658999999998,1.2548508,1.2902266999999998,0.7886266,0.3862272
"Macao SAR, China",2006,0.3992333999999999,0.7308121999999999,0.9553274,1.2864392,0.5308738,0.3969226999999999
"Macao SAR, China",2007,-0.0746635,0.7352677,0.3708897,1.1154374,0.2809399999999999,0.1712112999999999
"Macao SAR, China",2008,-0.0731053,0.7387427999999999,0.3702843999999999,1.1579521,0.4567836999999999,0.1686795999999999
"Macao SAR, China",2009,0.3396119999999999,1.0837386,0.35272,1.4091345,0.7140717,0.7105410999999999
"Macao SAR, China",2010,0.3400104,1.0851419,0.3473008999999999,1.4338701,0.7136715,0.7092756
"Macao SAR, China",2011,0.3390125,1.0843163,0.3423725999999999,1.4342883,0.7170747,0.7115526999999999
"Macao SAR, China",2012,0.0415248,0.6871473,0.3418523,1.4297193,0.6059678,0.4175646999999999
"Macao SAR, China",2013,0.0416824,0.6873796,0.7532928,1.4290421,0.6030696,0.414769
"Macao SAR, China",2014,0.5684691,1.3260314,1.1417297,1.7042834999999998,0.8482195,0.1256885999999999
"Macao SAR, China",2015,0.5701164,1.3242998,1.1400764,1.7085958,0.9044154,0.418541
"Macao SAR, China",2016,0.8357614,1.1151481,1.3130313,1.617354,0.9046282,0.417591
"Macao SAR, China",2017,0.5704941,1.3250972,1.3135357,1.6184208999999998,0.9041075,0.4167652
"Macao SAR, China",2018,0.5721094999999999,1.1164167,1.1477542,1.5266096,0.9595261,0.5238535
"Macao SAR, China",2019,0.5743349999999999,1.1174627,1.1488191,1.527799,0.9063774,0.5232038
"Macao SAR, China",2020,0.5748942,1.1144754,1.0596983,1.4335238,0.8569176,0.5222875
"Macao SAR, China",2021,0.5738053,1.1162482,0.9688675,1.4327093,0.7814373,0.0689022
"Macao SAR, China",2022,0.5734313,1.1159812999999998,0.9728177,1.4305385,0.7797993,0.0668135
"Macao SAR, China",2023,0.5721468,1.1169207,0.9734599,1.4307698,0.7793536,0.0647468
"Macao SAR, China",2024,0.5733844,1.1159269,1.053872,1.3713907,0.8520978,0.0636166
Madagascar,1996,0.0520044999999999,-0.9700687,0.1284756,-1.2397786,-0.3072618,-0.1957343
Madagascar,1998,-0.0685591,-0.9760298,0.0801906,-0.8156599999999999,-0.3703866999999999,-0.0834193999999999
Madagascar,2000,-0.0745829,-0.973968,0.0538724,-0.5342589,-0.287284,-0.1328344
Madagascar,2002,-0.0393789,-0.5079696,-0.2444069999999999,-0.3440795,-0.3299612,-0.2730669
Madagascar,2003,0.0792649,-0.8781019,0.2935597,-0.382073,-0.5065395,-0.1312296
Madagascar,2004,-0.3107225,-0.675701,-0.0227541,-0.5454591,-0.3418461,-0.1469641
Madagascar,2005,-0.3115825,-0.5664990999999999,-0.0435418,-0.455103,-0.2887078,-0.1220433
Madagascar,2006,-0.1926405,-0.5842788,0.1406385,-0.4229158,-0.3078826,-0.0736595
Madagascar,2007,-0.1559895,-0.4517328,0.1026496,-0.375112,-0.3068549,0.0013637
Madagascar,2008,-0.1853766,-0.5164841,-0.4815149999999999,-0.4327952,-0.3523698,-0.3168072
Madagascar,2009,-0.2117032999999999,-0.5389524,-0.7671093999999999,-0.5707981,-0.7108084,-0.7749469999999999
Madagascar,2010,-0.3902245,-0.6564666,-1.1657418,-0.7429887,-0.8509099,-0.7792941999999999
Madagascar,2011,-0.4045495,-0.7418961,-0.8035247,-0.7428343,-0.8607739,-0.7694481
Madagascar,2012,-0.6123708999999999,-0.908933,-0.6903891,-0.7533594,-0.8274005,-0.8368405
Madagascar,2013,-0.7119532,-0.9315533,-0.6021042,-0.8753209,-1.0194324,-0.8737117
Madagascar,2014,-0.7838366999999999,-0.9922593,-0.5624437,-0.8934656,-0.914848,-0.7331899
Madagascar,2015,-0.784991,-0.9995334,-0.5263576999999999,-0.8780507999999999,-0.7873387,-0.6761863
Madagascar,2016,-0.7948759999999999,-0.8355651,-0.4661162,-0.7997983,-0.7441264,-0.6621363
Madagascar,2017,-0.922522,-0.819978,-0.5350161999999999,-0.7939974999999999,-0.7899503,-0.6761349
Madagascar,2018,-0.9185574,-0.8877092,-0.7625617,-0.8901794,-0.7923835,-0.5792419999999999
Madagascar,2019,-0.9256695,-0.867749,-0.529453,-0.8495415,-0.8395324,-0.534724
Madagascar,2020,-0.8463989,-0.9069144,-0.574674,-0.8711152,-0.8586345999999999,-0.4743286
Madagascar,2021,-0.9473613,-0.9458829,-0.4612648,-0.8689985,-0.893154,-0.5564671999999999
Madagascar,2022,-0.9659728,-0.9182243,-0.5250260999999999,-0.8313081999999999,-0.9669241,-0.5338533999999999
Madagascar,2023,-0.9853603,-0.9548243,-0.8409401999999999,-0.8500495,-0.9554116,-0.6052114
Madagascar,2024,-1.0099165,-0.8631928,-0.4805584,-0.7485885999999999,-0.8827065,-0.7253683999999999
Malawi,1996,-0.4138309,-0.8736817,-0.6204537,-0.5739685,-0.3229574,-0.1898317
Malawi,1998,-0.4150968,-0.6073685,-0.5156138,-0.1515682,-0.4121974,-0.1211565999999999
Malawi,2000,-0.4079104,-0.6059150999999999,-0.7863591999999999,-0.1487791,-0.4136227999999999,-0.3332113
Malawi,2002,-1.0735796,-1.0005233,-0.0575040999999999,-0.7634704999999999,-0.4621830999999999,-0.6993016999999999
Malawi,2003,-0.9516688,-1.1331279,-0.2167736999999999,-0.7011362999999999,-0.3690919,-0.6313059
Malawi,2004,-0.7886719,-0.9782063,-0.1397246,-0.7103803,-0.2881019999999999,-0.511396
Malawi,2005,-0.7827588999999999,-0.9423736,-0.0355158,-0.572481,-0.1724688,-0.3466788
Malawi,2006,-0.6539942,-0.8616703,-0.0703742,-0.5598848,-0.2208244999999999,-0.2101888999999999
Malawi,2007,-0.6636818999999999,-0.8044334,-0.0623315,-0.5110094,-0.1641484,-0.1570662
Malawi,2008,-0.5696725,-0.6552057,-0.2109774999999999,-0.528103,-0.1003642,-0.1891998
Malawi,2009,-0.5351013,-0.5518949,0.0040021,-0.5666135999999999,-0.1222938,-0.0990168
Malawi,2010,-0.4404681,-0.5426828,-0.0357653,-0.3917746,-0.1327298999999999,-0.2711499
Malawi,2011,-0.3507495,-0.5839959,-0.1906666,-0.4812109,-0.1907518,-0.325003
Malawi,2012,-0.4934439,-0.5762271,-0.0861299,-0.7275328,-0.2988361,-0.231948
Malawi,2013,-0.6431454999999999,-0.5704237,-0.203203,-0.7635909,-0.2363682999999999,-0.2411969
Malawi,2014,-0.8197428999999999,-0.542739,-0.0287147,-0.7225965999999999,-0.3096161,-0.1612398
Malawi,2015,-0.8291499999999999,-0.5855030999999999,-0.0522558,-0.7497528999999999,-0.320057,-0.1423560999999999
Malawi,2016,-0.8277565,-0.6089526,-0.2578002,-0.7414888,-0.3434887,-0.1932075999999999
Malawi,2017,-0.7151681999999999,-0.5782225,-0.3130008999999999,-0.6848017,-0.2603898,-0.2175942
Malawi,2018,-0.8171813,-0.6337094999999999,-0.3896791,-0.6718156,-0.2926334,-0.2241128999999999
Malawi,2019,-0.802321,-0.686037,-0.2824512,-0.6631094,-0.3048007,-0.2728638
Malawi,2020,-0.4785598,-0.7484164,-0.0766165999999999,-0.7334284999999999,-0.2626798999999999,-0.0851979
Malawi,2021,-0.4316195,-0.6797637,-0.1028434999999999,-0.6948634,-0.2454536,-0.0757201
Malawi,2022,-0.6548107,-0.7814561999999999,-0.166924,-0.669774,-0.2154529999999999,-0.0793215999999999
Malawi,2023,-0.6275339999999999,-0.7685413,-0.2424398999999999,-0.7064862,-0.1343556,-0.0714795
Malawi,2024,-0.6486607,-0.7257604,-0.3802084,-0.5849557,-0.1463001,-0.1094339999999999
Malaysia,1996,0.3518450999999999,0.7731110999999999,0.376776,0.4603764999999999,0.5043567999999999,-0.6063501
Malaysia,1998,0.1266807,0.7309536999999999,-0.0807152999999999,0.3917479,0.2018982,-0.6828681
Malaysia,2000,0.1485516,0.8746596999999999,0.0161148999999999,0.4097445999999999,-0.0264614,-0.8673493999999999
Malaysia,2002,0.0229281,0.9197187,0.3662257,0.5675736,0.2232436,-0.6218648
Malaysia,2003,0.1430371,0.9352283,0.3617264,0.7165568999999999,0.3410072,-0.4508324999999999
Malaysia,2004,0.1525683,0.8416173,0.1553244,0.5752967999999999,0.3711285,-0.4750985
Malaysia,2005,0.0332139,0.7787883999999999,0.4092882,0.5598434,0.2772333999999999,-0.3806414999999999
Malaysia,2006,0.1145548,0.8257169999999999,0.2101206,0.6788801999999999,0.3835036,-0.3556457999999999
Malaysia,2007,0.05892,0.8924989999999999,0.158114,0.7212038,0.2985608999999999,-0.3809345999999999
Malaysia,2008,-0.0949358,0.7810638999999999,0.1350346,0.6129114999999999,0.2195174,-0.4031884
Malaysia,2009,-0.1462104,0.7061109,0.0283292999999999,0.5057859,0.2116536,-0.3870416
Malaysia,2010,-0.0491702,0.9606573,0.1752998999999999,0.6535173,0.2255439,-0.2505399
Malaysia,2011,0.0660407,0.9015908,0.0582972,0.5248522999999999,0.1386142,-0.2990577
Malaysia,2012,0.1532346,0.8762495,-0.0196796999999999,0.754922,0.2392426,-0.3845057
Malaysia,2013,0.2159569999999999,0.8710349,-0.0428372,0.8446929999999999,0.1917655999999999,-0.397625
Malaysia,2014,0.2951747999999999,0.9192375,0.0879800999999999,0.8827965,0.2420724,-0.4098159999999999
Malaysia,2015,0.2439906999999999,0.8365268,0.0447869,0.7623928,0.1141707999999999,-0.4440462
Malaysia,2016,0.1034428,0.7772776,-0.0158376,0.729094,0.098701,-0.4559705
Malaysia,2017,0.0731841,0.7610752,-0.011848,0.7662251999999999,0.1306432,-0.4206464
Malaysia,2018,0.4935414999999999,0.8592295999999999,0.1769644,0.7479363,0.2863953999999999,-0.1773200999999999
Malaysia,2019,0.4609032999999999,0.8172716,0.1608891999999999,0.7557539999999999,0.3389272,-0.0505939
Malaysia,2020,0.420523,0.8675225999999999,0.1400703999999999,0.637551,0.3499705999999999,-0.1578862
Malaysia,2021,0.3015023,0.8036415,0.196108,0.7295908,0.3016338,-0.2516963
Malaysia,2022,0.3710292,0.7857271,0.2483001,0.6557653999999999,0.2952941,-0.1529312
Malaysia,2023,0.380697,0.7474757999999999,0.2281849,0.588407,0.3016842999999999,-0.1658995
Malaysia,2024,0.4983973,0.9147725,0.3847799,0.6804759,0.3451357,-0.1267194999999999
Maldives,1996,-0.1460025999999999,0.7592137,1.0227549,0.8844449,-0.0796752999999999,-0.900983
Maldives,1998,-0.1607139,0.7500861,1.2252809999999998,0.9153334,-0.3972511999999999,-0.8451749
Maldives,2000,-0.1688289,0.7532430999999999,1.1350154,0.9237418,-0.0918951,-0.8349226
Maldives,2002,-0.1745737,0.7534943,1.0233078,0.9363777,-0.4031311999999999,-0.7843099
Maldives,2003,-0.1765333999999999,0.7406421999999999,0.8715847999999999,0.7588636,-0.4030517999999999,-0.9731119
Maldives,2004,-0.3830013,0.1883553,0.3671507,-0.2323375,-0.7354816,-1.2165759
Maldives,2005,-0.4535157999999999,-0.0164817999999999,0.6725137999999999,0.1085006999999999,-0.138339,-0.8235011999999999
Maldives,2006,-0.5325262,-0.018205,0.6537917999999999,0.1070556999999999,-0.0951472,-0.7925979999999999
Maldives,2007,-0.7593466999999999,-0.0155991,0.0053508,0.0233535,-0.1744105,-0.6817736999999999
Maldives,2008,-0.7361177,-0.1240918999999999,-0.1597836,-0.2754608,-0.2247672,-0.2422255999999999
Maldives,2009,-0.5420702,-0.1568621,-0.1147630999999999,-0.2829263999999999,-0.1429166,-0.0042204999999999
Maldives,2010,-0.5557447999999999,-0.0057589,-0.1410869,-0.1730587999999999,-0.203502,-0.0276323999999999
Maldives,2011,-0.5425327999999999,-0.0970951999999999,-0.2839227,-0.2450514999999999,-0.4818581999999999,-0.0873877
Maldives,2012,-0.7108251,-0.0383274,-0.3264349,-0.2539345,-0.5310522999999999,-0.3456379
Maldives,2013,-0.7639045999999999,-0.0966727,-0.0388545999999999,-0.2756001999999999,-0.774328,-0.5151977999999999
Maldives,2014,-0.5760219,-0.1718945,0.4805132,-0.2630012,-0.5612798,-0.5291201
Maldives,2015,-0.587453,-0.232125,0.0821002,-0.3073858,-0.6506457,-0.5793588
Maldives,2016,-0.764795,-0.06644,0.079118,-0.228403,-0.623651,-0.6394160999999999
Maldives,2017,-0.8676893,-0.3095637,-0.0431782999999999,-0.2273572999999999,-0.6815256,-0.7497602
Maldives,2018,-0.8929583999999999,-0.3083187,-0.1359999999999999,-0.2269273,-0.6259826,-0.7287193
Maldives,2019,-0.5207478999999999,0.0070406999999999,-0.0811059,-0.2257615999999999,-0.4837309999999999,-0.3286885
Maldives,2020,-0.1711344,-0.0983054999999999,0.2036825,-0.3494424,-0.3114817,-0.1241501999999999
Maldives,2021,-0.1632074,0.1471020999999999,0.4430279,-0.2598203,-0.1352825,-0.1371966
Maldives,2022,-0.2650232999999999,-0.2212354,0.2721524999999999,-0.3523685,0.1059572999999999,-0.2241225
Maldives,2023,-0.2664677,-0.2203448999999999,0.0832571999999999,-0.3521418,0.096589,-0.2014419999999999
Maldives,2024,-0.3359537999999999,-0.2212869999999999,-0.0544563,-0.2353508,0.0443492,-0.4118749
Mali,1996,-0.5107229999999999,-1.3538291999999998,0.2392726999999999,-0.8828442999999999,-0.2549079999999999,-0.0079914
Mali,1998,-0.8087455,-1.3597903,0.1435941,-0.4587256999999999,-0.2647917999999999,-0.2810233
Mali,2000,-0.8147692999999999,-1.3577285,-0.1842193,-0.3571194,-0.2649884,-0.2760877
Mali,2002,-0.7363348,-0.8107898,0.1705088,-0.5189047,-0.3221838999999999,0.1218761
Mali,2003,-0.7017145,-1.0756994,0.0765265,-0.5066862,-0.1787465,0.18633
Mali,2004,-0.5385639,-1.0002198,0.3269246,-0.4898009,-0.3638342,0.2255057
Mali,2005,-0.5198863,-0.887585,0.1778809999999999,-0.4053358999999999,-0.2395513,0.2051429
Mali,2006,-0.4876272,-0.9167964,0.4847828999999999,-0.4109408,-0.2679440999999999,0.2594192999999999
Mali,2007,-0.506626,-0.8640028999999999,0.3542953,-0.3268622,-0.1351054,0.2288994
Mali,2008,-0.5653538,-0.8339004,0.306278,-0.3515342999999999,-0.3684673,0.178788
Mali,2009,-0.5124794,-0.8048193,0.1772717999999999,-0.391741,-0.3095302,0.0807908
Mali,2010,-0.5808838,-0.9244336,-0.130322,-0.5175337,-0.4185293,0.0289389
Mali,2011,-0.5360999,-0.8221921,-0.7719954,-0.4706606,-0.4621075,0.0305248999999999
Mali,2012,-0.6661507999999999,-0.9100926,-1.9634653,-0.5259218,-0.7497307999999999,-0.4575998
Mali,2013,-0.5995501999999999,-0.8529578,-1.6463052,-0.6307686,-0.8221189999999999,-0.3652117
Mali,2014,-0.6426253,-1.0499743,-1.5900042,-0.6481828,-0.7038046,-0.2315605999999999
Mali,2015,-0.6307364,-0.9383384,-1.5535933,-0.5110576,-0.7521911,-0.3385420999999999
Mali,2016,-0.6456428,-0.929614,-1.5338819,-0.5614688999999999,-0.7584401,-0.3368327
Mali,2017,-0.7069740999999999,-0.8719878999999999,-1.7186414,-0.5653398,-0.7545362,-0.3671838
Mali,2018,-0.7448311999999999,-0.9789893,-1.8782856,-0.6149817,-0.7515531,-0.4790175
Mali,2019,-0.7719638,-1.0954319,-2.0550073,-0.6559592,-0.8086867,-0.5066704
Mali,2020,-0.7753949,-1.1224054,-2.0594968,-0.7294119,-0.8335984,-0.6560614
Mali,2021,-0.8964002999999999,-1.1810763,-2.3319481,-0.6697155,-0.8826881999999999,-0.8115395999999999
Mali,2022,-0.8528176,-1.2060162,-2.4680844,-0.7107857,-1.0213887,-0.9784979
Mali,2023,-0.8493558999999999,-1.2258828,-2.5578431,-0.7441068,-1.0366418,-1.10441
Mali,2024,-0.9808589,-1.2871409,-2.4909619999999997,-0.7622873,-1.0943496,-1.2210359
Malta,1996,0.8913508,1.0009185,1.2892011,0.455796,0.9664356,1.0600674
Malta,1998,0.8892905999999999,0.8030771,1.3234705999999998,0.8799146999999999,1.2632451,1.0591861
Malta,2000,1.0990867,0.8051389,1.3221725,0.9427853,1.3754114,1.0693739
Malta,2002,0.8354077,0.8053028999999999,1.2749051,1.1118698,1.4713969999999998,1.0709548
Malta,2003,0.8904217999999999,0.7114165,1.2267079,1.2282799,1.484469,1.2143234
Malta,2004,0.8467711,0.6858015,0.8935636,1.1172908,1.2623303,1.1740106
Malta,2005,0.9299871,0.8230735,1.1222549,1.1386504,1.5216189999999998,1.2584071
Malta,2006,1.0538865,0.9316963,1.0634983999999998,1.293102,1.5082377,1.181549
Malta,2007,1.0046746,1.0171682,1.1249848999999998,1.320609,1.5631947,1.2236387
Malta,2008,0.9990969,1.1402107,1.1981438,1.3577334,1.5805578999999998,1.3120517
Malta,2009,0.964889,0.9895339,1.2004623,1.3200741,1.3996654,1.2521793
Malta,2010,0.9659229,0.9877609,1.2175773,1.3373913,1.4095187,1.2332963
Malta,2011,0.9455787,0.9882811,1.0020842,1.2161781,1.2204987,1.164284
Malta,2012,0.9075464,1.0718539,1.0126602999999998,1.2325928,1.2523387,1.1636111
Malta,2013,0.9129264,1.1879853,0.9719428,1.2084197,1.2109839,1.2117495
Malta,2014,0.8102062,1.0645056,1.0486158,0.8732281,1.0293544,1.1728082
Malta,2015,0.8513512999999999,1.008955,0.9507103,0.9916351,1.0918616,1.1871536
Malta,2016,0.7852018,1.1103655,0.9368787,1.0656325,1.0417449,1.163645
Malta,2017,0.7943079,1.0116786,1.082828,1.2566571,1.1123707,1.1266584
Malta,2018,0.7416132,1.0139730999999998,1.1121321,1.2462056,1.058595,1.1635326
Malta,2019,0.4163583999999999,0.9937489,0.9193493,0.8271849,1.0185769999999998,1.112703
Malta,2020,0.6113259999999999,1.0778299,0.9914658,1.0901554,0.9438011,1.1610836
Malta,2021,0.4667226,1.0227164,0.9318346,0.7210401,0.8666429,1.0102414
Malta,2022,0.4469911,0.9128888,0.9316852,0.5640571999999999,0.8543613999999999,1.0201012
Malta,2023,0.3219728,0.7610243999999999,0.9382841,0.5286404,0.7940278,0.9614657
Malta,2024,0.2667935999999999,0.6224959999999999,0.8049168999999999,0.4916337999999999,0.7271799999999999,0.9216359
Marshall Islands,1996,,,,,-0.0206329,1.2873997
Marshall Islands,1998,,,,,-0.0426029999999999,1.2853351
Marshall Islands,2000,,,,,0.8674379,1.2864973
Marshall Islands,2002,,,,,0.8855968,1.1030014
Marshall Islands,2003,,,0.9514154,,0.8778703999999999,1.1170334
Marshall Islands,2004,,,0.9474922,,0.8716771999999999,1.106337
Marshall Islands,2005,-0.2093345999999999,-0.6106585,0.9705879,-0.5991453999999999,1.2088153,1.0918821
Marshall Islands,2006,-0.4768368,-0.8708568,0.9803401,-0.885855,1.1266925,1.0769575999999998
Marshall Islands,2007,-0.5066283,-0.9748603,0.9964451,-0.8670538,1.21133,1.0749308
Marshall Islands,2008,-0.4987092999999999,-0.9595638,0.9944616,-0.8753922,1.2066122,1.0560967
Marshall Islands,2009,-0.3327901,-0.9670683,1.5889495,-1.0983617,0.8999283,0.9883295
Marshall Islands,2010,-0.4162416,-0.7741146,1.3502698,-1.0564363,1.0194161,0.9864973
Marshall Islands,2011,-0.1709639,-1.2346237,1.5682717,-1.0536779,0.6288064,0.872458
Marshall Islands,2012,-0.1763141,-1.2342386,1.5672321,-1.0600603,0.6261616,0.8702091
Marshall Islands,2013,-0.0429856,-1.202114,1.5640556,-1.0873386,0.6588507,0.8797777
Marshall Islands,2014,-0.1142152999999999,-1.1847221,1.5750282,-1.0894464,0.6618356,0.8769026999999999
Marshall Islands,2015,0.8140299999999999,-0.316748,1.1425008,-0.8144777999999999,0.6868748,0.9435256
Marshall Islands,2016,0.7744118999999999,-0.3160496,0.8824276999999999,-0.7916806,0.6872034,0.9357159
Marshall Islands,2017,0.7728719,-0.3158227999999999,1.1385207,-0.7904557999999999,0.6863992,0.9347059
Marshall Islands,2018,0.3468948,-0.3344329,1.14243,-0.7985966,0.5808532,0.9067185
Marshall Islands,2019,0.3505034999999999,-0.3332193,1.1508696,-0.7972311999999999,0.8478418,0.9369232
Marshall Islands,2020,-0.0245517,-0.21495,1.0394581,-0.8924599999999999,0.7858463,0.6958712
Marshall Islands,2021,-0.0263173999999999,-0.2128931999999999,1.004613,-0.8933951,0.7827543,0.6912417
Marshall Islands,2022,-0.0269237999999999,-0.1660294,1.2819745,-0.9175268,0.836255,0.6897211
Marshall Islands,2023,-0.0290067,-0.1651389,1.2823827,-0.9172612,0.8357983,0.6882165
Marshall Islands,2024,0.3907327,-0.2909441,1.2772187,-0.6875722,0.8357245999999999,0.9544108
Martinique,1996,0.8945863,0.7592137,0.1629634999999999,0.8844449,1.062318,0.5809802
Martinique,1998,0.8901182999999999,0.7500861,0.1638669999999999,0.9153334,1.0505702,0.5778278
Martinique,2000,0.8770547999999999,0.7532430999999999,0.4335934999999999,0.9237418,1.0428445,0.5796024
Martinique,2002,0.8678068,0.7534943,0.4357713,0.9363777,1.0525544,0.5957262
Martinique,2003,0.8646520999999999,0.7406421999999999,0.702405,0.9364598,0.7933017,0.5984868
Martinique,2004,0.7393594,0.4779236,1.0831347,0.6572045,0.6482561,0.4792243
Martinique,2005,0.8590846999999999,0.7337585,1.1812157,0.9350349,0.7886266,0.6088416
Martinique,2006,0.8672683,0.7308121999999999,1.184192,0.9312473,0.7859951,0.6195371
Martinique,2007,0.8614064,0.7352677,1.1891071,0.9378417,0.7911827,0.6164402
Martinique,2008,0.8629646,0.7387427999999999,0.5991489999999999,0.9349171,0.7863873,0.6139085
Martinique,2009,0.8629097,0.7508771999999999,0.6062769,0.9309992,0.7805983999999999,0.6144098
Martinique,2010,0.8638503,0.7531799,0.5993238,0.9311505,0.7788885999999999,0.6114991
Martinique,2011,0.8614942,0.7518252,0.5930004999999999,0.9322238,0.7934275,0.6167363
Martinique,2012,0.8565980999999999,0.7521664,0.592333,0.9204959,0.7878883999999999,0.6123704999999999
Martinique,2013,0.8569702,0.7525474999999999,0.5902934,0.9187576,0.7755074,0.6059403999999999
Martinique,2014,1.1646295,1.1121628,0.8176369,0.8556857999999999,-0.0402989,0.6128618
Martinique,2015,1.1685187,1.1093212,0.8160725,0.8667549999999999,-0.0347847,0.6146157999999999
Martinique,2016,1.1716528,1.110309,0.8121773,0.8693432999999999,0.8732221,0.612431
Martinique,2017,1.1694105,1.1106297,0.8126545,1.1088764,0.8709977999999999,0.6105316
Martinique,2018,1.1732244,1.1123907,0.8160116,1.1100024,0.8731909999999999,
Martinique,2019,1.1784788,1.1141072,0.6568020999999999,1.1130552,0.6461361,
Martinique,2020,0.5557527999999999,1.109205,0.4960317999999999,0.6342679,0.6485582,
Martinique,2021,0.5531818,1.1121142,0.4938604,0.6321770999999999,0.6399760999999999,
Martinique,2022,0.5522988999999999,1.214283,0.497598,0.6266049,0.8013243,
Martinique,2023,0.5492661999999999,0.9540388,0.3379886,0.6271987,0.8002751,
Martinique,2024,0.552188,0.9528002,0.1257476,0.6285431,0.8001056,
Mauritania,1996,-0.5575926,-0.2734013,0.0419772,-0.6389313999999999,-0.5587984,-0.9409437
Mauritania,1998,-0.5603680999999999,-0.2825287999999999,0.0122329,-0.6165936,-0.5632408999999999,-0.9692503
Mauritania,2000,-0.5684831,-0.2793718,-0.0374667,-0.4272832,-0.5607951999999999,-1.0389131
Mauritania,2002,-0.2834875,-0.2791206,0.0866841,0.2599767,-0.5571233,-0.8362221
Mauritania,2003,-0.2854472,-0.2919728,-0.2889869,0.1316029,-0.6540874999999999,-0.832928
Mauritania,2004,-0.5709681,-0.5791923999999999,-0.3131249,-0.3986832999999999,-0.890168,-1.1473715
Mauritania,2005,-0.6740497999999999,-0.6774526,-0.4302110999999999,-0.3332112,-0.7919799,-0.9315849
Mauritania,2006,-0.6238901,-0.8516161,0.1309329,-0.5720193,-0.7435007,-0.7122584
Mauritania,2007,-0.5401178,-0.7673540999999999,-0.1587898999999999,-0.4757283,-0.5999118,-0.4779401
Mauritania,2008,-0.7988269,-0.9346936,-0.6838597,-0.678917,-1.0780743,-0.8250607999999999
Mauritania,2009,-0.7090306,-0.7632987,-0.5625221,-0.6482334,-0.9367894,-0.9128454
Mauritania,2010,-0.6166503,-0.5153748,-0.8153859999999999,-0.5076316,-0.8994886999999999,-0.6984326
Mauritania,2011,-0.5421054,-0.505274,-1.0034248,-0.4821211999999999,-0.9539079,-0.6639976
Mauritania,2012,-0.7346161999999999,-0.6504224,-1.0990669,-0.6788529999999999,-0.9892722,-0.8761489
Mauritania,2013,-0.7989219,-0.8307825999999999,-1.1394547,-0.8388686,-1.069894,-0.943839
Mauritania,2014,-0.9214158,-0.8456368999999999,-0.7612141,-0.8327688999999999,-0.9896735,-0.9174476
Mauritania,2015,-0.9528354,-0.9313712,-0.7765101999999999,-0.8218413999999999,-0.9742152,-0.9225402
Mauritania,2016,-0.8308534,-0.8954384999999999,-0.9065538,-0.6847164,-0.9155345,-0.9229242
Mauritania,2017,-0.8700694,-0.8206663,-0.7637873,-0.707577,-0.806902,-0.9714367
Mauritania,2018,-0.8944903,-0.8343636999999999,-0.7485248999999999,-0.7617925,-0.8239588999999999,-0.9387206
Mauritania,2019,-0.9810075,-0.8240740999999999,-0.645438,-0.7614288,-0.7821412,-0.8727345
Mauritania,2020,-0.7915263,-0.9008005,-0.6263455,-0.8732894,-0.7061772,-0.7988632999999999
Mauritania,2021,-0.879153,-0.8482902999999999,-0.5222228,-0.9699003,-0.8740834,-0.8943325999999999
Mauritania,2022,-0.8477941,-0.87695,-0.2992865,-0.9681657,-0.8487425,-0.8832882
Mauritania,2023,-0.7965253,-0.8187576999999999,-0.5042694999999999,-0.8613964,-0.8540015,-0.8388492999999999
Mauritania,2024,-0.933745,-0.7412472999999999,-0.5595872,-0.7781511999999999,-0.8635098999999999,-0.925315
Mauritius,1996,0.4571539,0.4731933,1.0035055,0.1552377,0.8053907,0.7643381
Mauritius,1998,0.4550643,0.4620261,0.9258552,0.2711922,0.9953086,0.8503314
Mauritius,2000,0.3762098,0.4142593,0.6733755,0.3727258,0.9536851,0.8493541
Mauritius,2002,0.4145757,0.5783874,0.9327373,0.2670391,0.9596849,0.7209186999999999
Mauritius,2003,0.3492525999999999,0.5883142,0.858401,0.4711627,0.9029544,0.8548946
Mauritius,2004,0.2162981,0.571632,0.7698343,0.4758764,0.8654116,0.8400268
Mauritius,2005,0.2458762,0.6077906,1.0395271,0.4588987,0.9387356,0.887861
Mauritius,2006,0.4004471,0.6104298,0.8914789,0.5745072999999999,0.8666351,0.9349098
Mauritius,2007,0.3592469,0.6110365999999999,1.0260872,0.6667862999999999,0.8866194,0.9543621
Mauritius,2008,0.5643594,0.8303881999999999,1.0395312,0.8694135,0.94264,0.9083394
Mauritius,2009,0.5303188,0.7962256,0.5736232,0.8399871,0.9104794,0.8758305
Mauritius,2010,0.3259093,0.7333444,0.502475,0.8089042999999999,0.837472,0.7170552
Mauritius,2011,0.343491,0.7467754,0.4718019,0.7545105999999999,0.8838383,0.7228475999999999
Mauritius,2012,0.4410037,0.98957,1.0701031,0.9687685,1.0288472,0.8183553
Mauritius,2013,0.4205263999999999,0.9262441,1.0531756,0.9616397,0.9329893,0.8106968
Mauritius,2014,0.4563262999999999,1.052631,0.8096196999999999,1.1372839,0.9599584,0.8373596
Mauritius,2015,0.2903886,1.0592368,1.0248107,1.0125431,0.8836383999999999,0.8000558999999999
Mauritius,2016,0.3223687,1.1005388,1.0313567,1.062971,0.9620156,0.8176715999999999
Mauritius,2017,0.2855506,1.0288458,1.0144918,1.0666823,0.9262704,0.7837643999999999
Mauritius,2018,0.3016043,0.9336102,0.8991855999999999,1.0408014,0.926741,0.7783715999999999
Mauritius,2019,0.3198001,0.8595784,0.9291254,0.9600603,0.8929961999999999,0.5288847
Mauritius,2020,0.3426669,0.8319143999999999,0.928832,0.9972365,0.9547352,0.4901439999999999
Mauritius,2021,0.416008,0.738763,0.9264413,0.9383776,0.7212841999999999,0.3693402
Mauritius,2022,0.3948817,0.7319597,0.8607357,0.8968459999999999,0.6838381,0.3427295999999999
Mauritius,2023,0.3417899,0.823778,0.8348296,0.9443204,0.6633408,0.2964923
Mauritius,2024,0.3404819,0.7653533,0.7903521,0.9400045,0.638614,0.3689045999999999
Mexico,1996,-0.6581789,-0.4136033,-0.8016,0.1693645,-0.686834,-0.0326496
Mexico,1998,-0.4125420999999999,0.0376533,-0.3811671,0.2688993,-0.6620642999999999,0.0274516
Mexico,2000,-0.052013,0.0182799999999999,-0.0676808,0.265601,-0.5434,0.1643504999999999
Mexico,2002,-0.3231180999999999,-0.3151304,-0.1388043,0.5430047,-0.2878254,0.2942606
Mexico,2003,-0.3217358999999999,-0.2703012999999999,-0.0924325999999999,0.5160342,-0.2396114999999999,0.3394357
Mexico,2004,-0.4561652,-0.2433608,-0.1538786999999999,0.3851401,-0.1818945,0.4314852999999999
Mexico,2005,-0.4324373999999999,-0.1302682,-0.3587092,0.3326887,-0.2086303,0.4327973
Mexico,2006,-0.3379787999999999,-0.0851155,-0.5961789,0.3855941,-0.2086418,0.3267985
Mexico,2007,-0.4025576999999999,-0.1597858999999999,-0.6336248,0.359664,-0.2930473,0.2914444
Mexico,2008,-0.3871309,0.0066137999999999,-0.74551,0.3449351,-0.5412926,0.2666715
Mexico,2009,-0.3160119999999999,0.103917,-0.7909518,0.3417056,-0.4784662999999999,0.3465962999999999
Mexico,2010,-0.383217,-0.0704234,-0.8229063,0.1160395999999999,-0.5089477,0.302969
Mexico,2011,-0.4247504,0.0989004,-0.7251572,0.1727168999999999,-0.6179783999999999,0.1509914
Mexico,2012,-0.4579567,0.1981929999999999,-0.8010179,0.2864858,-0.5948829,0.1613289
Mexico,2013,-0.5312775,0.2228276,-0.8044532999999999,0.2862274999999999,-0.6475514,0.1404409999999999
Mexico,2014,-0.7528978,0.131427,-0.9596586,0.2083406,-0.5831095,0.0591695
Mexico,2015,-0.8409038999999999,0.0999956999999999,-0.8922633999999999,0.1825598,-0.6829719,-0.0649057
Mexico,2016,-0.8211672,0.1280596,-0.8339120999999999,0.1610393,-0.6675924999999999,-0.09985
Mexico,2017,-0.9481326,0.0099863,-1.0455954,0.1640815,-0.7300047,-0.1417561
Mexico,2018,-0.9427494,-0.0269292,-0.9273168,-0.0031766999999999,-0.8062687,-0.0473499999999999
Mexico,2019,-0.8896518,-0.0086684999999999,-0.8974274,-0.0417639999999999,-0.8760117,-0.0639434
Mexico,2020,-0.853792,-0.0462657999999999,-0.7772933,-0.1196879,-0.9866652,-0.0915771
Mexico,2021,-0.8733867,-0.0457428999999999,-0.7362046999999999,-0.1912821999999999,-1.0248188,-0.17373
Mexico,2022,-0.8757541,-0.0874176,-0.5890439,-0.156337,-1.0822517,-0.2405284999999999
Mexico,2023,-0.9321625,-0.0748651999999999,-0.5984727,-0.1760497,-1.0777054,-0.2517507
Mexico,2024,-0.9408772,-0.2199329,-0.7154541,-0.1957883,-1.1538644999999998,-0.338295
"Micronesia, Fed. Sts.",1996,,,,,0.9038562,1.1498795
"Micronesia, Fed. Sts.",1998,,,,,0.8818861,0.9675107
"Micronesia, Fed. Sts.",2000,,,,,0.8674379,1.005345
"Micronesia, Fed. Sts.",2002,,,,,0.8855968,1.0006253
"Micronesia, Fed. Sts.",2003,,,0.4720559,,0.8778703999999999,0.9389357
"Micronesia, Fed. Sts.",2004,0.2855073999999999,-0.1479039,0.7454666,0.1549128,0.841814,0.7823527
"Micronesia, Fed. Sts.",2005,-0.0472444,-0.3495235,1.080277,0.4808997,1.3201919,0.9932304
"Micronesia, Fed. Sts.",2006,-0.0392937,-0.3523272,1.0827662999999998,0.4775605,1.3187202,0.9978304
"Micronesia, Fed. Sts.",2007,-0.1040768,-0.4549879,1.0868771,-0.1569857999999999,1.2764098,0.9866059
"Micronesia, Fed. Sts.",2008,-0.102563,-0.478406,1.0863708,-0.4652238999999999,0.527073,0.9855171
"Micronesia, Fed. Sts.",2009,-0.1026163,-0.4668585999999999,1.4345035,-0.5513133,0.5250338,0.9857327
"Micronesia, Fed. Sts.",2010,-0.1017024,-0.4379422,1.2088755,-0.5512136,0.495955,0.9844809
"Micronesia, Fed. Sts.",2011,-0.2277112,-0.6911109999999999,1.0812283,-0.7803074999999999,0.2574728,0.7496022
"Micronesia, Fed. Sts.",2012,-0.0430928,-0.6908698,1.08067,-0.7847858,0.2560216,0.8485562
"Micronesia, Fed. Sts.",2013,-0.0428372,-0.6707453999999999,1.0789642,-0.7612623,0.2527776,0.846155
"Micronesia, Fed. Sts.",2014,0.8531295,-0.1731488,1.0732123999999998,-0.8079514,0.1504371,0.8534086999999999
"Micronesia, Fed. Sts.",2015,0.8558005999999999,-0.1751578,1.071904,-0.7795373999999999,0.1518817999999999,0.8540637
"Micronesia, Fed. Sts.",2016,0.7744118999999999,-0.1744595,1.0686461,-0.7728383,0.15212,0.8439099
"Micronesia, Fed. Sts.",2017,0.7728719,0.0691179,1.0690453,-0.6813720999999999,0.1515371999999999,0.8432004999999999
"Micronesia, Fed. Sts.",2018,0.7754911999999999,0.0703628999999999,1.2058557,-0.7713626,0.0309073999999999,0.8841627999999999
"Micronesia, Fed. Sts.",2019,0.7791,0.0007813,1.009383,-0.8495212,0.2217998,1.0303454
"Micronesia, Fed. Sts.",2020,0.4040448,0.1389059,1.1206831,-0.8515060999999999,0.6699225,0.6446556
"Micronesia, Fed. Sts.",2021,0.3004111,0.1409627,1.2268624,-0.761884,0.8844428999999999,0.640026
"Micronesia, Fed. Sts.",2022,0.2998184,-0.0852637,1.5042238,-0.7640118,0.9774711,0.6385055
"Micronesia, Fed. Sts.",2023,0.2977827,-0.0843730999999999,1.5046321,-0.7637851,0.9770145,0.6370009
"Micronesia, Fed. Sts.",2024,0.7080175999999999,-0.1847801,1.499468,-0.7632717,0.9769408,0.9031951
Moldova,1996,-0.1623573999999999,-0.7325729,-0.1053862999999999,-0.2310626999999999,-0.0751416999999999,-0.1421494999999999
Moldova,1998,-0.2232422999999999,-0.6073685,0.0775608,-0.4069139,0.0594122,-0.0925163
Moldova,2000,-0.4864883,-0.6693344,-0.3285582999999999,-0.5728508,-0.2290671,-0.2382137
Moldova,2002,-1.0149545,-0.7261883,-0.082243,-0.5954788,-0.5384607,-0.525512
Moldova,2003,-1.0158162,-0.7311656999999999,-0.2486934999999999,-0.6235143,-0.5391037,-0.4943916
Moldova,2004,-1.1664256,-0.8264427,-0.2977569,-0.5613404,-0.2335559999999999,-0.3763651999999999
Moldova,2005,-0.931449,-0.9015247,-0.3647959,-0.588108,-0.3146653,-0.4207992
Moldova,2006,-0.8457783999999999,-0.8426635,-0.2113082999999999,-0.4967545,-0.3252891,-0.0987538999999999
Moldova,2007,-0.8311103999999999,-0.7566373,0.0593731999999999,-0.3737606,-0.2736569,-0.0949819
Moldova,2008,-0.8023372,-0.7274060999999999,-0.2408166,-0.2929637,-0.2944795,-0.1193983999999999
Moldova,2009,-0.7723296,-0.7462462999999999,-0.2909869,-0.2472868,-0.3413333,-0.1913591999999999
Moldova,2010,-0.6878966,-0.6041274999999999,-0.0745102,-0.2010615999999999,-0.3350164,0.083603
Moldova,2011,-0.6534376,-0.5793138,0.1492996999999999,-0.1975832,-0.2783037,0.2324501
Moldova,2012,-0.7197195,-0.5624904,0.1385944,-0.2869801999999999,-0.360517,0.0215491999999999
Moldova,2013,-0.8114962,-0.5012795,0.1501042,-0.2287158,-0.4252199,-0.0685532
Moldova,2014,-0.9696877,-0.4639187999999999,-0.0788413999999999,-0.1363385,-0.3649082999999999,-0.0337182
Moldova,2015,-1.0385702,-0.6288785,-0.1714471,-0.1992691999999999,-0.4193157999999999,-0.0642348
Moldova,2016,-1.099628,-0.6014068,-0.1842961,-0.2315935999999999,-0.4243118999999999,-0.1039684999999999
Moldova,2017,-0.9372312,-0.4025781,-0.1818402999999999,-0.1222811999999999,-0.4332048,-0.1105299999999999
Moldova,2018,-0.8713198999999999,-0.2156018999999999,-0.2383059,-0.1859583,-0.4034988,-0.1677532
Moldova,2019,-0.7732817,-0.2731316,-0.1474608,-0.1132727999999999,-0.3747443,-0.1508752
Moldova,2020,-0.7308378,-0.2721944,-0.1490893999999999,-0.1518578,-0.3778015999999999,-0.0883867
Moldova,2021,-0.550342,-0.2101435999999999,-0.0451684,-0.0862631,-0.2519381,0.0252853
Moldova,2022,-0.4215125999999999,-0.133791,-0.2465629,-0.0435626,-0.1948034,0.0872112999999999
Moldova,2023,-0.2660502999999999,-0.0336705,-0.2678685,-0.0545226,-0.1938657,0.2629208
Moldova,2024,-0.2915803,0.2576379,-0.3449915,-0.0467374,-0.1613321999999999,0.2837193
Monaco,1996,,,,,0.9038562,1.1315437
Monaco,1998,,,,,0.8818861,1.129479
Monaco,2000,,,,,0.8674379,1.1306413
Monaco,2002,,,,,0.8855968,1.0052091
Monaco,2003,,,0.9514154,,0.8778703999999999,0.8946234
Monaco,2004,,,0.9183465,,0.8716771999999999,0.8686472
Monaco,2005,,,0.9293244,,1.269863,0.8943382999999999
Monaco,2006,,,0.9339598,,1.2671381,0.9013433
Monaco,2007,,,0.9416149,,1.2725098,0.899315
Monaco,2008,,,0.9406721,,1.2675442,0.8976567999999999
Monaco,2009,,,0.9517737,,1.2615499,0.8979851999999999
Monaco,2010,,,0.9409444,,1.2597795,0.9870805
Monaco,2011,,,0.9310959,,1.2748343,0.7175055
Monaco,2012,,,0.9300563,,1.2690986,0.7146461
Monaco,2013,,,0.9268798,,1.2562782,0.7602859
Monaco,2014,,,0.9378524,,1.2627514,0.7648189999999999
Monaco,2015,1.7925654,1.7977313,1.2059066,1.3403443,1.6037534999999998,0.7659676999999999
Monaco,2016,1.7956995,1.7987191,1.2026488,1.3429326,1.6042767,0.6889006999999999
Monaco,2017,1.7934572,1.7990398,1.5452188999999998,1.3456712,1.6029964,0.6532766999999999
Monaco,2018,1.7972711,1.8008008,1.5480267,1.3467972,1.536679,0.8095481
Monaco,2019,1.8025255,1.8025173,1.5488693999999998,1.3498500999999998,1.5364829,0.8817819
Monaco,2020,1.1797991,1.7976151,1.2062355,1.3446521,1.379704,0.8806320999999999
Monaco,2021,1.1772281,1.8005243,1.2044193,1.3425612999999998,1.3737068,0.9018722
Monaco,2022,1.1763452,1.7371134,1.3786309,1.3369891,1.3462901,0.8992513999999999
Monaco,2023,1.1733125,1.7382841999999998,1.3791391,1.3375827999999998,1.3454922,0.8382191
Monaco,2024,1.8002811,1.7370456,1.2387076,1.1021324,1.3453634,0.836801
Mongolia,1996,0.2481772,-0.5863082,0.6432519,-0.4974476,0.2371468,0.3593893999999999
Mongolia,1998,0.2461169,-0.5922693,0.3853494999999999,-0.3448260999999999,0.2348056,0.4457644
Mongolia,2000,-0.2507903999999999,-0.5902075,0.6004674999999999,-0.3402329,0.061002,0.2227915
Mongolia,2002,-0.1359898,-0.4417254,0.991888,0.0930838,0.1450536,0.2465827
Mongolia,2003,-0.3307723999999999,-0.4602942,0.8598615,-0.0901063999999999,0.1455551,0.2905205999999999
Mongolia,2004,-0.3130479,-0.4188563999999999,0.5138365,-0.3539886,0.1323650999999999,0.32327
Mongolia,2005,-0.5181569,-0.5956412,0.8633542,-0.1506316,-0.1863496,0.2214217
Mongolia,2006,-0.5684421,-0.5722669,0.6573716,-0.1740962999999999,-0.220498,0.2659395
Mongolia,2007,-0.6428024999999999,-0.6715084,0.6918806,-0.1828489999999999,-0.2335498,0.3072485
Mongolia,2008,-0.6709369,-0.6861459,0.4201759,-0.2602782999999999,-0.3439559,0.2177941
Mongolia,2009,-0.5759451999999999,-0.6265816,0.677234,-0.2964764,-0.2518534,0.1937475
Mongolia,2010,-0.6280549,-0.5374241,0.6671330999999999,-0.2778251,-0.3222340999999999,0.2262623
Mongolia,2011,-0.5822872,-0.5445631,0.5645353,-0.3091131,-0.236366,0.2045317999999999
Mongolia,2012,-0.6058663,-0.5466493,0.6048549999999999,-0.3833453,-0.2337148,0.0473849
Mongolia,2013,-0.5605354,-0.5000373,0.643466,-0.4706872,-0.2558773,0.086139
Mongolia,2014,-0.5593028,-0.3047729999999999,0.8872709999999999,-0.309591,-0.2460842999999999,0.1797307
Mongolia,2015,-0.5866612999999999,-0.3329464,0.7608377,-0.3044292,-0.2154153,0.1742773
Mongolia,2016,-0.6103892,-0.3588601999999999,0.7157785,-0.0277123,-0.1441468,0.2098393999999999
Mongolia,2017,-0.5320484,-0.4472314,0.716039,-0.0358613,-0.1693798,0.1974465
Mongolia,2018,-0.5738487999999999,-0.2974017,0.7490657,0.0263885,-0.1798972999999999,0.1650009
Mongolia,2019,-0.6152153,-0.3385736,0.7382926,-0.0663774999999999,-0.2038322,0.1580404
Mongolia,2020,-0.6207183,-0.3116669999999999,0.7498288,-0.1342621,-0.1742243,0.1817007
Mongolia,2021,-0.6644684,-0.3519979,0.7338327,-0.1284159,-0.1731689,0.1480496
Mongolia,2022,-0.662165,-0.2986908,0.6315012999999999,-0.1946255999999999,-0.1500746,0.1368044
Mongolia,2023,-0.6187813,-0.3639022999999999,0.6432601,-0.0410209,-0.1575492,0.1629614
Mongolia,2024,-0.4859579,-0.3892189,0.4203821,-0.0707494999999999,-0.09977,0.1269074
Montenegro,1998,0.0025656,,0.0675725,,-0.2727922,-0.4983633999999999
Montenegro,2000,-0.1687411999999999,,0.0612922999999999,,0.2104761,-0.6439083
Montenegro,2002,-0.1806393,,0.7503795,,0.234814,-0.0658969
Montenegro,2003,-0.2615426999999999,,0.7347817,,0.1572225,-0.2925918999999999
Montenegro,2004,-0.2644386999999999,,0.7293417999999999,,0.1537242,-0.3044627
Montenegro,2005,-0.2683332,,0.7613656999999999,,0.1522838,-0.2501891
Montenegro,2006,-0.0452344,0.1240062,0.2036378999999999,-0.3618655,0.0522385999999999,0.3034887
Montenegro,2007,-0.0957006,-0.3320250999999999,0.1618388,-0.1430740999999999,-0.0276796,0.2459826
Montenegro,2008,-0.2592603,-0.2727389,0.7371209,-0.0366577,-0.0447595,0.2307097
Montenegro,2009,-0.2631765,-0.1421387999999999,0.7291378,0.0424361,-0.0392154,0.2133588
Montenegro,2010,-0.5600265999999999,-0.3366901,0.5091882,-0.0475861999999999,-0.1052593,-0.0387663
Montenegro,2011,-0.559879,-0.3313272,0.502446,-0.0547623,-0.1620815,-0.0294923
Montenegro,2012,-0.3376349999999999,-0.0931564,0.6136633,0.0226967,-0.0747745,0.2010496
Montenegro,2013,-0.3423607999999999,-0.0085519999999999,0.5891056,0.0617531999999999,-0.0539604,0.1690829999999999
Montenegro,2014,-0.1569915999999999,0.3125985,0.3043293999999999,0.2298046,-0.0473708,0.1944069
Montenegro,2015,-0.1544911,0.3138915,0.2272365999999999,0.2611715,-0.0128937999999999,0.1963459
Montenegro,2016,-0.1624556,0.2498331999999999,0.2828464,0.2705951,-0.0365595,0.10191
Montenegro,2017,-0.1096413,0.2868544,0.0506422,0.3423045,-0.0822842999999999,0.1672644999999999
Montenegro,2018,-0.0848879999999999,0.190468,0.131692,0.2925707999999999,0.0650279,0.1124883999999999
Montenegro,2019,-0.0626438,0.2001455999999999,0.1956009,0.2943513,0.0784686,0.0915887
Montenegro,2020,-0.0359882,0.0904093,0.0295753999999999,0.2464903,0.1134367,0.0979351
Montenegro,2021,0.0383454,-0.0246248999999999,-0.0332398999999999,0.2209769,0.0178112,0.0861181
Montenegro,2022,-0.0127453999999999,0.0193238,0.0236518,0.2592331,-0.0546103999999999,0.1804086
Montenegro,2023,-0.0680776999999999,0.2766963,0.262079,0.1972249999999999,0.1276478,0.215248
Montenegro,2024,-0.0594344,0.3664948,0.3318563,0.1273183,0.1813833,0.3909571
Morocco,1996,-0.1050425,-0.002761,-0.3921728,-0.3628971,0.4363129,-0.6577039
Morocco,1998,-0.0906577,-0.006963,-0.0087862,-0.0229276,0.252351,-0.4565816
Morocco,2000,-0.2831165,-0.0055096,-0.3789177999999999,-0.0201385,0.2141976,-0.7033455
Morocco,2002,-0.123071,-0.2675859,-0.3083776,-0.2390429,-0.1580799,-0.5924178
Morocco,2003,-0.3936459,-0.2984293,-0.4523723,-0.2386893,-0.3429218,-0.7032743
Morocco,2004,-0.3883585,-0.3771806,-0.3813317,-0.3138614999999999,-0.2119047,-0.6339203
Morocco,2005,-0.5205989,-0.5017545999999999,-0.5634806,-0.4958568,-0.4379494,-0.7196764999999999
Morocco,2006,-0.3493154,-0.3257233,-0.3798256,-0.1473941,-0.3782659,-0.631904
Morocco,2007,-0.3077874,-0.2764328,-0.4138396,-0.0858921,-0.3834633,-0.645029
Morocco,2008,-0.3770822,-0.3040519,-0.5121647,-0.0413585999999999,-0.4672058999999999,-0.7007192999999999
Morocco,2009,-0.3848958,-0.2775582,-0.4275208,0.0292961,-0.4139992999999999,-0.7054983
Morocco,2010,-0.3011276,-0.1168913999999999,-0.4404693999999999,0.0236411999999999,-0.3848819,-0.5290341
Morocco,2011,-0.5058263,-0.1652959,-0.5060194,-0.0756699,-0.3819676999999999,-0.5468459999999999
Morocco,2012,-0.5029325,-0.2011827,-0.5760215,-0.0055365,-0.3317303,-0.5882097
Morocco,2013,-0.4173212,-0.2189575,-0.6954656,0.0197468999999999,-0.4333613,-0.7073083
Morocco,2014,-0.4165717,-0.2696224,-0.4094598,0.0501017,-0.3724931999999999,-0.6694114
Morocco,2015,-0.3520551999999999,-0.2363813,-0.4546654,0.0585252,-0.3687701,-0.6459636
Morocco,2016,-0.3146541,-0.1396764,-0.4710854,0.0139184,-0.2935249,-0.5720272
Morocco,2017,-0.3911459,-0.2631327,-0.5065227,0.0044748,-0.3713857,-0.6220770999999999
Morocco,2018,-0.4751422999999999,-0.3161959,-0.4264507999999999,-0.1157961,-0.3248223,-0.6930849
Morocco,2019,-0.4256593999999999,-0.1333028,-0.3903994999999999,0.0271992,-0.3198643,-0.6666584
Morocco,2020,-0.4085519999999999,-0.0577221999999999,-0.4094491999999999,0.0648279,-0.3146628999999999,-0.6956447
Morocco,2021,-0.4783966,-0.1241745,-0.4686437,-0.0751135,-0.4447944,-0.696885
Morocco,2022,-0.4879114,-0.1200179,-0.492008,-0.0811815999999999,-0.4491939,-0.6956057
Morocco,2023,-0.5521901,-0.0188320999999999,-0.5349771999999999,-0.0473438,-0.3934002,-0.7258593
Morocco,2024,-0.5186913,0.1763558999999999,-0.4408003,-0.0266854999999999,-0.3678036,-0.7267049999999999
Mozambique,1996,-0.222016,-0.0652727,-0.0649483,-0.8295891999999999,-0.7144999,-0.317432
Mozambique,1998,-0.2232818999999999,-0.610505,0.037929,-0.4880073,-0.7179766,-0.3150683999999999
Mozambique,2000,-0.5559649999999999,-0.6090516,-0.2160945,-0.2363131,-0.7078803,-0.3406841
Mozambique,2002,-0.6641965999999999,-0.7890387,-0.1425853,-0.2483493,-0.6607183999999999,-0.2868103999999999
Mozambique,2003,-0.6145358,-1.0136614,-0.1891123999999999,-0.3557456,-0.7630262,-0.1911332
Mozambique,2004,-0.7101065999999999,-0.7991638,-0.2898214,-0.5261306,-0.6481694,-0.1019486999999999
Mozambique,2005,-0.6635624999999999,-0.746992,-0.0829699,-0.5850255,-0.5631045,0.0146550999999999
Mozambique,2006,-0.6055707,-0.6705936,0.2636579,-0.5499364,-0.4953955,-0.0108417999999999
Mozambique,2007,-0.5146029,-0.5972324,0.1182921,-0.5021076999999999,-0.5530645,-0.0606001
Mozambique,2008,-0.4411018,-0.5785872,0.1823787,-0.4237415,-0.5816598,-0.0880476999999999
Mozambique,2009,-0.5409016,-0.4475614,0.2678511,-0.4044183999999999,-0.5769245,-0.1330873
Mozambique,2010,-0.6420833,-0.6480562,-0.0221082999999999,-0.5331532,-0.6362812,-0.3171161999999999
Mozambique,2011,-0.648115,-0.7025583,-0.0890489999999999,-0.5600061,-0.7838554,-0.3975939
Mozambique,2012,-0.5844214,-0.5577082999999999,0.0409191999999999,-0.5052211999999999,-0.6756875,-0.2990317999999999
Mozambique,2013,-0.7525881,-0.5437434999999999,-0.4955724999999999,-0.5617285,-0.9450097,-0.3736809
Mozambique,2014,-0.8613413999999999,-0.5716435,-0.6196453,-0.5800794,-0.9046279,-0.3834841
Mozambique,2015,-0.8687712,-0.580096,-0.6842917,-0.6403998,-0.8527751,-0.4059028999999999
Mozambique,2016,-0.9916519,-0.6823519,-1.2808563,-0.6946758,-1.0119212,-0.5790188
Mozambique,2017,-0.9645689,-0.6898963,-1.0653022,-0.6821754,-0.9914898,-0.591888
Mozambique,2018,-0.8725989,-0.6871201,-0.7980387999999999,-0.7313974999999999,-0.9808812,-0.6520336999999999
Mozambique,2019,-0.8757647,-0.6500467999999999,-0.8295224,-0.7252116,-0.9656024,-0.71209
Mozambique,2020,-0.7627176,-0.8223436,-1.3457513,-0.7751237,-1.0406476,-0.6308138
Mozambique,2021,-0.8090706999999999,-0.8185849,-1.2675269,-0.8186743,-1.0487663,-0.7863927
Mozambique,2022,-0.9013357,-0.7706816,-1.3208653,-0.7862195,-1.0728381,-0.7774109
Mozambique,2023,-0.9042864,-0.7779691999999999,-1.4184038,-0.7520317999999999,-1.1016921,-0.8059008
Mozambique,2024,-1.0618104,-0.7157933,-1.7581974,-0.7635095,-1.1949508,-1.0056256
Myanmar,1996,-1.4879265,-1.3490638,-1.4967061,-1.8356075,-1.5043605,-2.1460367
Myanmar,1998,-1.4891924,-1.3532658,-1.6349614,-1.9077926,-1.5065279,-2.1960124
Myanmar,2000,-1.4928935,-1.3518124,-1.6348752,-2.0479562,-1.4214042999999998,-2.2429794
Myanmar,2002,-1.4955136,-1.5711763,-1.5158471999999998,-2.1741261,-1.8277832,-2.1695445
Myanmar,2003,-1.4964073999999998,-1.576192,-1.2950773,-2.2218221,-1.8284729,-2.2144146
Myanmar,2004,-1.5927276,-1.6415171,-1.0811254,-2.4021448,-1.8172024,-2.2308409
Myanmar,2005,-1.5927781,-1.7237551999999998,-0.9344471,-2.3131581999999997,-1.8445931,-2.193193
Myanmar,2006,-1.5910295,-1.5909977,-0.7871077999999999,-2.1245544,-1.6570855999999998,-2.1180376
Myanmar,2007,-1.532181,-1.5894841,-1.0447303,-2.1230815,-1.6565113,-2.1143226
Myanmar,2008,-1.5318481,-1.6096857,-1.1194619,-2.1237348,-1.6929326,-2.1473241
Myanmar,2009,-1.5504204,-1.6679918,-1.1579001,-2.1529061,-1.6993749,-2.1377326
Myanmar,2010,-1.1870224,-1.3166107,-1.0884224,-1.6750288999999998,-1.4706145,-1.6038546
Myanmar,2011,-1.1856058,-1.3109568,-1.084601,-1.5954532,-1.3804301,-1.4729778999999998
Myanmar,2012,-1.3191853,-1.5557382,-1.0596578,-1.7631165999999998,-1.4351950999999998,-1.4471572
Myanmar,2013,-1.149632,-1.5485581,-1.2724274,-1.4584015,-1.2647157999999998,-1.3997465
Myanmar,2014,-1.0510924,-1.3003242,-1.1507422,-1.3316118,-1.2517405,-1.3409972
Myanmar,2015,-1.0035195,-1.2574663,-1.123947,-1.110113,-1.24813,-1.2819315999999998
Myanmar,2016,-0.8542761999999999,-1.1523629,-1.0196122,-0.8822049,-1.045056,-0.9424002
Myanmar,2017,-0.7617201,-1.2517085,-1.24136,-0.8430158999999999,-1.0912436,-1.067998
Myanmar,2018,-0.7679218,-1.3199541,-1.2978729999999998,-0.8166314,-1.1735375,-1.0234249
Myanmar,2019,-0.7649935,-1.3177807,-1.3625611,-0.8502984,-1.1866977,-0.9702642
Myanmar,2020,-0.6277817,-1.318284,-1.5318775,-0.7286511,-1.1631619,-0.9104823
Myanmar,2021,-0.9391159,-1.5416257999999998,-2.0939498999999997,-1.1369347,-1.5648147,-1.4221985
Myanmar,2022,-1.136637,-1.6445781,-2.2412758,-1.2603466,-1.6587577999999998,-1.8445657
Myanmar,2023,-1.1116397999999998,-1.5813496,-2.2086828,-1.4451128,-1.7242442,-1.9995543
Myanmar,2024,-1.2527062,-1.5583075,-2.0903985,-1.4197208,-1.811602,-2.12458
Namibia,1996,0.9179483,0.8783939,0.7664841,-0.0012760999999999,0.4917662,0.3099676
Namibia,1998,0.5596911,0.4684191,0.4154760999999999,0.2562624,0.3597754999999999,0.1853204
Namibia,2000,0.55599,0.4698724999999999,-0.1691489,0.1750081,0.4451608999999999,0.1680103
Namibia,2002,0.1007832999999999,0.139743,0.0532317,0.665689,0.3587995,0.1645942
Namibia,2003,0.0648883,0.1683865,0.1957486,0.5074505,0.3291829,0.177181
Namibia,2004,-0.0108496,0.1048886,0.4625424999999999,0.1669931999999999,0.0183018,0.2750815
Namibia,2005,-0.0218681999999999,0.0443144,0.5812349,0.0968554,0.0620159,0.4319039
Namibia,2006,0.3198085,0.2765043,0.703831,0.1809998,0.2704801,0.5126142
Namibia,2007,0.2818941,0.2960431,0.9275704,0.1182005,0.2781029,0.4836832
Namibia,2008,0.5812992,0.3728454,1.0648168999999998,0.2911269999999999,0.3694738999999999,0.4413537999999999
Namibia,2009,0.4769442,0.4732973,0.9292612,0.3241247,0.3701518,0.3930597999999999
Namibia,2010,0.3382448999999999,0.2412292999999999,0.7872857,0.1608353,0.2970201,0.2395443
Namibia,2011,0.3080152,0.1893852999999999,0.7152048999999999,0.0071335,0.1702200999999999,0.2343006
Namibia,2012,0.4912085,0.3978933,0.843349,0.1789728,0.2567192,0.3490938
Namibia,2013,0.4707981,0.3354358,0.8788275,0.2217773999999999,0.2527678,0.3342281
Namibia,2014,0.4361436999999999,0.3164677999999999,0.6369054,0.1780391,0.2053056999999999,0.4142267
Namibia,2015,0.4537303,0.2927673,0.7175058,0.2438319,0.2731422,0.4428483
Namibia,2016,0.4077913999999999,0.2349554999999999,0.6657312999999999,0.147564,0.3115188,0.4197917
Namibia,2017,0.3675534,0.2683996999999999,0.6294292,0.0957317999999999,0.2204754,0.4105667999999999
Namibia,2018,0.4425861,0.3136094,0.6942558999999999,0.0632488,0.1832389999999999,0.4426180999999999
Namibia,2019,0.4318791999999999,0.2867850999999999,0.5859149,0.1209404999999999,0.1859133999999999,0.3782960999999999
Namibia,2020,0.3917523,0.1498863,0.5126307999999999,0.0768145,0.2186834,0.4048963
Namibia,2021,0.3260821,0.1596202,0.5136088999999999,0.1492446999999999,0.2859048999999999,0.4148382
Namibia,2022,0.3167747999999999,0.165395,0.3736394999999999,0.0818334,0.3187607,0.3873027
Namibia,2023,0.1649292,0.1539385,0.4150583,0.0866506,0.3088084,0.4017843
Namibia,2024,0.1265202,0.0993430999999999,0.5467327,0.1349052,0.3278567,0.3365397
Nauru,1996,,,,,0.9038562,1.0001354
Nauru,1998,,,,,0.8818861,0.9980708
Nauru,2000,,,,,0.8674379,0.935057
Nauru,2002,,,,,0.8855968,0.8951929999999999
Nauru,2003,,,0.9514154,,0.8778703999999999,1.0054894
Nauru,2004,,,0.9474922,,0.8716771999999999,0.9825689
Nauru,2005,,,0.9705879,,1.269863,1.0094061
Nauru,2006,,,0.9803401,,1.2671381,1.0301631
Nauru,2007,-0.1975355999999999,-0.4804007999999999,0.9964451,-0.7290983999999999,1.0522623,1.0247109
Nauru,2008,-0.1896166,-0.3414891,0.9944616,-0.7374368,1.0475445,1.023054
Nauru,2009,-0.1898956,-0.2880778,1.5889495,-0.7486071999999999,1.0418494,1.0233821
Nauru,2010,0.1239776,-0.2779418999999999,1.5781203,-0.7481757,1.0401673,1.0296596999999998
Nauru,2011,0.1120032,-0.2839048999999999,1.5682717,-0.7451154,1.0544708,1.0330872
Nauru,2012,0.0871205999999999,-0.2824029999999999,1.5672321,-0.7785529999999999,1.1969132,1.0302299
Nauru,2013,-0.2200811,-0.2807256999999999,1.5640556,-0.9214645,1.0753753,0.9972266
Nauru,2014,-0.2422591999999999,-0.212894,1.4041403,-0.9325071,0.8616334999999999,0.9347654
Nauru,2015,0.4974376,0.0078710999999999,1.0147322,-0.5659337,0.3628451,0.796778
Nauru,2016,0.4413945999999999,-0.0446392,1.0101963,-0.5636517,0.2363634999999999,0.7528113
Nauru,2017,0.4392161,-0.044334,0.8241820999999999,-0.5612372,0.3827844999999999,0.7515682
Nauru,2018,0.4429213999999999,0.2848959,0.8079535,-0.3514786,0.1995658,0.4038603
Nauru,2019,0.4480263,-0.0410247,0.7595803999999999,-0.3487870999999999,0.2134606,0.4258567
Nauru,2020,0.4493089999999999,-0.0456897,0.7590998,-0.3533698999999999,0.214808,0.4250521
Nauru,2021,0.4468111999999999,-0.0429212999999999,0.7572142,-0.3552132,0.2100341,0.4194685999999999
Nauru,2022,0.4459534,-0.0433382,0.9276426,-0.3601258,0.3476922,0.4176346999999999
Nauru,2023,0.443007,-0.0418711,1.0356891,-0.5683682,0.3470294,0.4158200999999999
Nauru,2024,0.5049336999999999,0.0100272,1.1047052,-0.5245236999999999,0.2518105,0.5990843
Nepal,1996,-0.5232773,-0.7897088,-0.4907785999999999,-0.6389313999999999,0.0150975,-0.3941095
Nepal,1998,-0.5260528,-0.7988362999999999,-0.8297528,-0.6165936,0.0154855,-0.4865492999999999
Nepal,2000,-0.5326757999999999,-0.7956793,-1.3925858,-0.738946,-0.3509356999999999,-0.5741679
Nepal,2002,-0.5220089,-1.0473603,-1.9045021,-0.6175961999999999,-0.6714971,-0.9560013
Nepal,2003,-0.3414469,-1.0566051,-2.1384565,-0.6897536,-0.7063252999999999,-0.5575436
Nepal,2004,-0.9235359,-0.7174016,-2.1116627,-0.6054303999999999,-0.8475638,-0.9703791
Nepal,2005,-0.8728543999999999,-0.9213844,-2.1457885,-0.4938229999999999,-0.8865765,-1.0005929
Nepal,2006,-0.735571,-1.0330024,-1.8669857,-0.5144183,-0.7085482,-0.6445443
Nepal,2007,-0.7834808999999999,-0.946673,-1.8213249,-0.5037311999999999,-0.6984973,-0.3701383
Nepal,2008,-0.8631829,-1.0164892,-1.8469133,-0.6423609,-0.7479876999999999,-0.3972395999999999
Nepal,2009,-0.7575980999999999,-0.7872136,-1.6385607,-0.7285532,-0.809673,-0.4329802
Nepal,2010,-0.7276754999999999,-0.6925409,-1.5990906,-0.8355484999999999,-0.9479279,-0.4811359
Nepal,2011,-0.8315433,-0.7963154,-1.5205463,-0.8068972,-0.8779526,-0.4260539
Nepal,2012,-0.9736551,-1.1094999,-1.4781419,-0.7926961,-0.594797,-0.4868227
Nepal,2013,-0.9181893,-1.0517978,-1.2264145,-0.8136878999999999,-0.6010709,-0.3737706999999999
Nepal,2014,-0.8428983,-0.8952954,-0.8435975,-0.7167857999999999,-0.5761514999999999,-0.3204742
Nepal,2015,-0.8308293999999999,-1.1633738999999998,-1.0154123,-0.6993283,-0.5990489,-0.32513
Nepal,2016,-0.8461694999999999,-0.9818725,-0.9210801,-0.6483257,-0.5665318,-0.2440407
Nepal,2017,-0.781145,-0.9277366,-0.5502541,-0.6569100999999999,-0.4439383999999999,-0.1836874
Nepal,2018,-0.7384128,-0.9143987,-0.4957865999999999,-0.5915737,-0.3671878999999999,-0.1223765999999999
Nepal,2019,-0.7367895,-1.1116758,-0.4056357,-0.5734193,-0.4127847,-0.1752100999999999
Nepal,2020,-0.7011569999999999,-1.0263856,-0.2503055999999999,-0.6639499999999999,-0.3725321,-0.1316182
Nepal,2021,-0.6245204999999999,-0.9460782,-0.2520173,-0.6375284,-0.3560122,-0.1442262
Nepal,2022,-0.6520503999999999,-0.9545158,-0.3755496,-0.5966637,-0.3340683,-0.0989531
Nepal,2023,-0.6292198999999999,-0.8440479999999999,-0.312959,-0.6072877999999999,-0.3365421,-0.0530459999999999
Nepal,2024,-0.632602,-0.8845295,-0.4146133999999999,-0.5523334999999999,-0.3036533999999999,-0.0597655
Netherlands,1996,2.2506276,1.9299903,1.6066942,1.5614222,1.727061,1.6400795
Netherlands,1998,2.2334567,1.9940895,1.6332106,1.7807289,1.7633154999999998,1.6552422
Netherlands,2000,2.1695715,2.0986317,1.6844708,2.1764948,1.832769,1.687868
Netherlands,2002,2.0243224,2.0845534999999997,1.033487,2.0589234,1.7393438,1.6701898
Netherlands,2003,2.0071151,1.953188,1.1398884,1.9869442,1.7078117,1.6746801
Netherlands,2004,1.9056799,1.8519422,0.8645759,1.9272495,1.7095087,1.6450174
Netherlands,2005,1.9826747,1.9473728,1.0093119,1.9779286,1.702348,1.6952912999999998
Netherlands,2006,2.0600723,1.75539,0.9634029,1.793438,1.7691521,1.7641726999999998
Netherlands,2007,2.0981723,1.7574727,0.9304457,1.8554736,1.787188,1.7585718
Netherlands,2008,2.0721003,1.7685674999999998,0.9775963,1.7453699,1.7322699,1.7322883
Netherlands,2009,2.0386843999999997,1.7769018,1.0557331,1.6683007,1.6712825,1.6984632
Netherlands,2010,1.9892792,1.7362289,0.9924275,1.646277,1.690341,1.6472625
Netherlands,2011,2.0151382,1.853741,1.0827056,1.7926864,1.7111245,1.7296106
Netherlands,2012,2.0604599,1.9206541,1.1275327,1.7611187,1.7690975,1.7986999
Netherlands,2013,1.9281622,1.8904217,1.0569335,1.759796,1.7344626,1.7172917
Netherlands,2014,1.9485,1.9168757,1.0691945,1.663238,1.8261478,1.7156638
Netherlands,2015,1.8631148,1.9280339,0.9118761,1.7856938,1.8839565,1.7919881999999998
Netherlands,2016,1.9077694,1.9619805,0.880799,1.9568543,1.8913985,1.7861497
Netherlands,2017,1.8270031,2.0046983,0.7820237,1.9684193,1.8652949,1.7312326999999998
Netherlands,2018,1.9465556,2.0295601999999997,0.7930988,1.9366985,1.8202279,1.7339629
Netherlands,2019,1.9497836,2.0639556999999997,0.6985452,1.8629208,1.843311,1.7262784999999998
Netherlands,2020,2.0646074999999997,2.0397583,0.7092891,1.7647355999999998,1.8319749,1.8102322
Netherlands,2021,2.0280226,1.8535742,0.732977,1.8243489,1.7767646,1.7227024
Netherlands,2022,1.9175777,1.7650127,0.6252295999999999,1.7233661999999998,1.7289109,1.7314051
Netherlands,2023,1.8837073,1.7511282,0.6084395,1.7180996,1.7174805,1.7002227
Netherlands,2024,1.9100133,1.7519973999999998,0.4281196,1.7218270999999998,1.7069218,1.6536632999999998
Netherlands Antilles (former),2004,0.5124335999999999,0.7699764,0.3656404,0.6572045,0.6070244,0.263356
Netherlands Antilles (former),2005,1.3271197,0.7337585,0.8207276,1.1126306,0.7886266,0.6088416
Netherlands Antilles (former),2006,1.3353033,0.7308121999999999,1.184192,0.9312473,0.7859951,0.6195371
Netherlands Antilles (former),2007,1.3294413,0.7352677,1.1891071,0.9378417,0.7911827,0.6164402
Netherlands Antilles (former),2008,1.3309995,0.7387427999999999,1.1885017,0.9349171,0.7863873,0.6139085
Netherlands Antilles (former),2009,0.8629097,0.7508771999999999,1.1956297,0.9309992,0.7805983999999999,0.3917952999999999
Netherlands Antilles (former),2010,0.8638503,0.7531799,1.1886766,0.9311505,0.7788885999999999,0.3888845999999999
Netherlands Antilles (former),2011,0.8614942,0.7518252,1.1823532,0.9322238,0.7934275,0.3941218999999999
Netherlands Antilles (former),2012,0.8565980999999999,0.7521664,1.1816856999999998,0.9204959,0.7878883999999999,0.389756
Netherlands Antilles (former),2013,0.8569702,0.7525474999999999,1.1796462,0.9187576,0.7755074,0.383326
Netherlands Antilles (former),2014,0.8526062999999999,0.7679579999999999,1.1866913,0.9148845,0.7817586999999999,0.3902473999999999
Netherlands Antilles (former),2015,0.8564955,0.7651163,1.1851269,0.9259537,0.787273,0.3920013
Netherlands Antilles (former),2016,0.8596296,0.7661041,1.1812317,0.928542,0.7881817999999999,0.3898164999999999
Netherlands Antilles (former),2017,0.8573873,0.7664249,0.7119725,0.9312807,0.7859575,0.3879170999999999
New Caledonia,2018,,,0.9953247,,0.9937326,0.5184953999999999
New Caledonia,2019,,,1.0596771,,1.0556694,1.0294099
New Caledonia,2020,,,1.0443731,,1.0460544,1.1809761
New Caledonia,2021,0.1313142,,1.1123709,,1.1043988,1.0690156
New Caledonia,2022,0.1269261,,1.1152109,,1.0881945,0.7376429
New Caledonia,2023,0.1118532,,1.1167211,,1.0855574,0.7333027999999999
New Caledonia,2024,0.1263751,,1.0976197,,1.0851316,0.7309295
New Zealand,1996,2.3420297,1.9844191,1.3956505,1.6714681,1.8309867,1.542685
New Zealand,1998,2.3877064,1.8920972,1.4112969,1.7168967,1.8237613,1.474789
New Zealand,2000,2.2807543,1.7800026999999998,1.4272934,1.6192487999999998,1.8405509,1.5367304
New Zealand,2002,2.2344037,2.0369265,1.2246578,1.7577146,1.8332683,1.5382246
New Zealand,2003,2.2516947,2.0022757,1.1780353,1.8612532,1.8308277,1.5528528
New Zealand,2004,2.2088428,1.798038,1.3723068,1.8965959,1.7793185,1.5171701
New Zealand,2005,2.2001559,1.9120353,1.3418499,1.8626031,1.7939652,1.604046
New Zealand,2006,2.2946774,1.8456251,1.2825155,1.7941668,1.8093114,1.6214594
New Zealand,2007,2.2640781,1.8177905,1.3369202,1.7955232,1.8071594,1.6153654
New Zealand,2008,2.2557956,1.8174015,1.2062542,1.8177911,1.8294496,1.6404095
New Zealand,2009,2.2791384,1.9669744,1.1995646,1.828573,1.8306406,1.6872214
New Zealand,2010,2.2287548,1.8083666,1.4165428,1.7182417,1.7953195,1.6967611
New Zealand,2011,2.2483581,1.9627757,1.3902927,1.9708492,1.8866596,1.8099009
New Zealand,2012,2.1842584,1.9728103,1.4088511,1.9928169,1.8321393,1.7896
New Zealand,2013,2.1951606999999997,1.9354282,1.3788423,1.9265097,1.7748161,1.7659546
New Zealand,2014,2.1663289,2.0335793,1.4958227,2.0123173,1.8133202,1.7121664
New Zealand,2015,2.1997554,1.9501288,1.4661126999999998,2.0128965,1.856389,1.7885444
New Zealand,2016,2.2087113,1.8226403,1.4642556999999998,2.059195,1.8655448,1.7849243
New Zealand,2017,2.169806,1.7876311,1.4924848,2.0795821,1.819209,1.7721205999999998
New Zealand,2018,2.0940331,1.7035417,1.4448938999999998,1.9706404,1.8012723,1.7394111
New Zealand,2019,2.1526849,1.6838138,1.3883858999999998,1.970839,1.7838001,1.748734
New Zealand,2020,2.154305,1.6915539,1.4605501,1.9329931,1.7666346,1.7549282
New Zealand,2021,2.1244607,1.6029686,1.3569818,1.8534819,1.7303955999999998,1.7410291
New Zealand,2022,2.0822927,1.656508,1.2327589,1.8604747,1.7220183999999998,1.7403015
New Zealand,2023,2.0156067,1.7271046,1.2849613,1.8767831,1.7075544,1.7161746999999998
New Zealand,2024,1.9285412,1.8491848,1.1506563,1.8444942,1.6674536,1.6892342
Nicaragua,1996,-0.4894379,-1.2089067999999998,-0.6758827,-0.7659925999999999,-0.6057045,-0.1502212
Nicaragua,1998,-0.7522207999999999,-1.2123272,-0.6645044,-0.6225828999999999,-0.6954948,-0.1826316
Nicaragua,2000,-0.8559534,-1.3307093,-0.3250112,-0.4086189,-0.8906980999999999,-0.2666318
Nicaragua,2002,-0.8248308999999999,-1.3375375,-0.3721163999999999,-0.5683189,-0.6258408,-0.222983
Nicaragua,2003,-0.7451009,-1.3204114999999998,-0.402922,-0.4363396,-0.4839699999999999,0.0140913
Nicaragua,2004,-0.5554549,-1.0683834,-0.4509313,-0.2438355999999999,-0.5566362,0.0503285
Nicaragua,2005,-0.7076327,-0.9910403,-0.3908856,-0.1918318,-0.5418182,-0.0772921999999999
Nicaragua,2006,-0.7299823,-0.8846033999999999,-0.2789194,-0.2778159,-0.6182996,-0.1445283
Nicaragua,2007,-0.8209443,-0.8746318999999999,-0.1079659999999999,-0.3207312,-0.6625234999999999,-0.1607003
Nicaragua,2008,-0.825777,-0.9073504,-0.2070926,-0.3788964999999999,-0.734583,-0.3531428
Nicaragua,2009,-0.8179046,-0.8378983,-0.2757211,-0.4549073999999999,-0.7960282,-0.3865193999999999
Nicaragua,2010,-0.8482531,-0.8157755999999999,-0.5388003,-0.4466148,-0.8388047,-0.3933659
Nicaragua,2011,-0.8486233,-0.8011847999999999,-0.457223,-0.4514777,-0.7770366,-0.5054961
Nicaragua,2012,-0.843244,-0.7538922,-0.4628059,-0.4036894,-0.832325,-0.6345073999999999
Nicaragua,2013,-0.815753,-0.7345756999999999,-0.3620672,-0.3734933,-0.8327561,-0.5906235
Nicaragua,2014,-0.9953873,-0.7610142,-0.1441664,-0.4022048,-0.9055411,-0.6204725999999999
Nicaragua,2015,-1.0165801,-0.7548906999999999,-0.1762303999999999,-0.3075662999999999,-1.0046454,-0.7262708
Nicaragua,2016,-1.094141,-0.786049,-0.1674906,-0.3988331,-0.9723001,-0.8657174999999999
Nicaragua,2017,-1.0961543,-0.4977074999999999,-0.1815015999999999,-0.4972784999999999,-0.9134992,-0.8526969
Nicaragua,2018,-1.2181897,-0.7706904,-1.1119701,-0.5539729,-1.3054508,-1.165448
Nicaragua,2019,-1.2048569,-0.7436807,-0.9448045,-0.6516936,-1.3334159,-1.189809
Nicaragua,2020,-1.1373893,-0.7981834,-0.5232726,-0.6810712999999999,-1.3373983,-1.1904584
Nicaragua,2021,-1.237514,-0.7550562,-0.4075357,-0.8867041,-1.474372,-1.3557067
Nicaragua,2022,-1.2447097,-0.9210621,-0.1684602999999999,-1.0016657,-1.4947534999999998,-1.4677015
Nicaragua,2023,-1.2598802999999998,-0.9367708,-0.0652355999999999,-1.0126191,-1.5960126,-1.5354061
Nicaragua,2024,-1.4326926,-1.0529768,-0.0694255,-0.9910347,-1.6197013,-1.715777
Niger,1996,-0.7843911,-1.307264,-0.4336318999999999,-1.5695534,-0.6903746,-1.5588676
Niger,1998,-1.2942051,-1.3132251,-0.6649134999999999,-0.8739376,-0.6931596,-1.4970234
Niger,2000,-0.9976217,-1.3111633,-0.3813939,-0.8693443999999999,-0.895342,-0.3340471
Niger,2002,-1.0018861,-1.0453991,-0.5421073,-0.8949950999999999,-0.8025618,-0.2586991
Niger,2003,-1.0033408,-1.0520881,-0.2458257999999999,-0.8949669,-0.8036580999999999,-0.2835593999999999
Niger,2004,-0.8820479,-0.8354534,-0.4852167,-0.9120346,-0.6771649,-0.0687907
Niger,2005,-0.7805882,-0.7441785,-0.4096853,-0.7243621,-0.6483549,-0.1530177999999999
Niger,2006,-0.7720629999999999,-0.8062252999999999,-0.1317713,-0.6327737999999999,-0.6245355,-0.2364413
Niger,2007,-0.6805262,-0.8180004999999999,-0.3573665,-0.5914231999999999,-0.6328629,-0.25593
Niger,2008,-0.5497619,-0.7451342999999999,-0.5913305,-0.5745441,-0.6759696,-0.4650094999999999
Niger,2009,-0.6322886999999999,-0.6827442,-0.9211855,-0.5235896999999999,-0.6424424999999999,-0.8821317999999999
Niger,2010,-0.6019841,-0.7350007,-1.0817352,-0.5069873,-0.6195252,-0.608378
Niger,2011,-0.5110743999999999,-0.695647,-0.7587227999999999,-0.5324314,-0.5181874,-0.3188767
Niger,2012,-0.4350720999999999,-0.5898721,-0.8831462999999999,-0.7242274,-0.6902391,-0.2520333
Niger,2013,-0.374697,-0.6374806,-0.934017,-0.724202,-0.7158576,-0.2991173
Niger,2014,-0.4434815,-0.5887916,-0.9806619,-0.746923,-0.6904258,-0.2734287999999999
Niger,2015,-0.4307116,-0.5908565,-0.7994889,-0.7183876,-0.5809198,-0.282134
Niger,2016,-0.4203841,-0.5660436999999999,-0.94432,-0.6537562,-0.5704113,-0.4534935
Niger,2017,-0.4352048,-0.654903,-1.0412801,-0.6396879999999999,-0.5600199,-0.4700356
Niger,2018,-0.4471908,-0.6127385,-1.1906754,-0.6639231,-0.5744578,-0.5145248
Niger,2019,-0.4388367999999999,-0.6646514,-1.1901488999999998,-0.6452363,-0.5391518,-0.526837
Niger,2020,-0.5299908999999999,-0.6573806999999999,-1.502479,-0.7497121999999999,-0.5192429,-0.4299989999999999
Niger,2021,-0.5632509,-0.6395046999999999,-1.4793091,-0.6944663999999999,-0.5989751999999999,-0.5571309
Niger,2022,-0.5631731,-0.644957,-1.299076,-0.6740254,-0.665473,-0.5522528999999999
Niger,2023,-0.517433,-0.6115288999999999,-1.6533793,-0.7280992,-0.8040847999999999,-0.7681783
Niger,2024,-0.6169138,-0.7696662,-1.7634214,-0.7624578,-0.9457241,-0.9706736
Nigeria,1996,-1.1619134,-1.0785486,-1.3347198999999998,-1.0728714,-1.1352687,-1.5687344
Nigeria,1998,-1.3225666,-1.3235782,-1.115589,-1.0626256,-1.1332464,-1.3465171
Nigeria,2000,-1.4274289999999998,-1.2673021,-1.6267513,-1.2023868,-1.2256919,-0.8697906999999999
Nigeria,2002,-1.6883572,-1.526427,-2.0636563,-1.1555737,-1.5261562,-0.9112545
Nigeria,2003,-1.5156767,-1.3727196,-1.8566436,-1.1482554,-1.4253748,-0.8789467
Nigeria,2004,-1.3957478,-1.0917105,-1.7245397,-1.23812,-1.2389652,-0.8697064999999999
Nigeria,2005,-1.2796302,-1.0897789,-1.7338852,-1.0189616,-1.2662786,-0.7831209
Nigeria,2006,-1.1887753,-1.0454643,-1.8286711,-0.8992521,-1.1068189,-0.6623487
Nigeria,2007,-1.1576585,-0.9559052,-1.7074110999999998,-0.8413883,-1.0404247,-0.6976321
Nigeria,2008,-1.0428079,-1.0168012,-1.5994258,-0.7606817,-0.9990706,-0.7412127
Nigeria,2009,-1.0705308,-1.1203412,-1.4819713,-0.7510414999999999,-1.0044187,-0.838162
Nigeria,2010,-1.1312205,-1.1375966,-2.0245506,-0.9112702,-1.1156581,-0.8874004999999999
Nigeria,2011,-1.1407268,-1.1214371,-1.9456535,-0.8755063999999999,-1.061201,-0.7739016999999999
Nigeria,2012,-1.1466737,-0.9699142,-2.0883526999999997,-0.7528414999999999,-1.0854852,-0.6541165999999999
Nigeria,2013,-1.1851958,-0.9819811,-1.9893057,-0.7409667999999999,-1.1858575999999998,-0.6666434
Nigeria,2014,-1.2981195,-1.0549073,-2.1855496999999997,-0.7940186,-1.1320206,-0.6329701
Nigeria,2015,-1.1613946,-0.9138838,-1.6677712999999998,-0.7402000999999999,-0.9608775,-0.5168669
Nigeria,2016,-1.0910815,-0.9191662,-1.7100665,-0.8149879,-0.8794569,-0.5825956999999999
Nigeria,2017,-1.1443962,-0.8608661,-1.9097854,-0.7780788,-0.793796,-0.5449969
Nigeria,2018,-1.1452871,-0.8458382,-1.8854786,-0.8300183999999999,-0.8138238999999999,-0.4981167999999999
Nigeria,2019,-1.1258494,-0.9678483,-1.9732073,-0.8646096999999999,-0.8377059,-0.6028496
Nigeria,2020,-1.1178348,-0.9841775,-2.0090379,-0.8874002,-0.8413031,-0.6092451999999999
Nigeria,2021,-1.1909306,-1.0500622,-2.0135756,-0.8726579,-0.9263276,-0.7594776
Nigeria,2022,-1.225087,-1.056847,-1.9526169,-0.9963194,-0.9998212,-0.7666744
Nigeria,2023,-1.098731,-0.8677545,-1.9559706,-0.8274258,-0.9348488,-0.7370051
Nigeria,2024,-1.1145909,-1.0065889,-2.0025617,-0.6332954,-1.0069453,-0.7265446999999999
Niue,2009,-0.340057,-0.6786824,1.6013433,-0.8037192999999999,-0.7040291,-0.1712991999999999
Niue,2010,-0.3380081,-0.623591,1.5857688,-0.8576885999999999,-0.6063841,-0.1823474
Niue,2011,-0.3431404,-0.6264635,1.5716047,-0.8559042,-0.5621181,-0.1624682999999999
Niue,2012,-0.3538052,-0.62574,1.5701094999999998,-0.8754016,-0.5789827,-0.1790399
Niue,2013,-0.3529946,-0.6249319999999999,1.5655411,-0.8782915,-0.6166788999999999,-0.2034465
Niue,2014,-0.3625003,-0.5922573999999999,1.5813217,-0.8847303999999999,-0.5976457,-0.1771749
Niue,2015,-0.3540285999999999,-0.5982824,,-0.8663282,-0.5808566,-0.1705173999999999
Niue,2018,,,1.0651969,,1.064287,1.2040262
Niue,2019,,,1.3381797,,1.3368907,1.2091644
Niue,2020,,,1.3898043999999998,,1.3948578,1.1665423
Niue,2021,,,1.3844083,,1.3790918,1.153188
Niue,2022,-0.4918103,-1.3275705,1.3936962,-0.9105136,0.9849264,1.123868
Niue,2023,-0.5072232,-1.3207847,1.3952064,-0.9088209,0.9825141,1.1195348
Niue,2024,-0.4923736999999999,-1.3279634,1.4364773,-0.9049877,0.9821246,1.1171653
North Macedonia,1996,-0.5970382,-0.6498263999999999,-0.927531,-0.5754727,-0.4462073,-0.6190645
North Macedonia,1998,-0.6001006,-1.0527655,-1.1911397,-0.5646512,-0.4635288999999999,-0.4607258999999999
North Macedonia,2000,-0.9284927,-1.0517492,-1.0865561,-0.5209490999999999,-0.6254358,-0.6195596999999999
North Macedonia,2002,-0.8826737,-0.6266164,-1.2987171,-0.3131719,-0.6237207,-0.435676
North Macedonia,2003,-0.9069409,-0.7460711999999999,-1.2182328999999998,-0.2719824,-0.7172662999999999,-0.2525667
North Macedonia,2004,-0.4915742999999999,-0.2049755999999999,-0.7898320999999999,-0.1255677,-0.3143595999999999,-0.0969674
North Macedonia,2005,-0.516346,-0.4250752,-0.9533971,-0.1862880999999999,-0.376913,0.0501041
North Macedonia,2006,-0.2936871,-0.3434784999999999,-0.6274535,0.0721402999999999,-0.517517,0.245191
North Macedonia,2007,-0.2757399,-0.3422349,-0.2627047,0.1270314,-0.3829706,0.2826517
North Macedonia,2008,-0.2650308,-0.2809392,-0.1838420999999999,0.1611043999999999,-0.310505,0.2146703999999999
North Macedonia,2009,-0.2499787,-0.2346588999999999,-0.0911297,0.1963624,-0.2921824,0.1950684999999999
North Macedonia,2010,-0.3133081,-0.522895,-0.4531814999999999,-0.1118569,-0.4166187,-0.0793722999999999
North Macedonia,2011,-0.3397578,-0.3540497999999999,-0.6796464999999999,-0.0874218,-0.3870299,-0.2353209
North Macedonia,2012,-0.1278505999999999,-0.0959845,-0.399539,0.2094251999999999,-0.1897024,-0.0177664999999999
North Macedonia,2013,-0.0923630999999999,-0.0831042999999999,-0.4044213,0.1453678,-0.2010497,-0.1093794999999999
North Macedonia,2014,-0.1454437999999999,0.1406151,0.2261525999999999,0.2802096,-0.1921359,-0.1806253
North Macedonia,2015,-0.3062159,-0.0722863,-0.2204312,0.2705037999999999,-0.2782059,-0.2537076
North Macedonia,2016,-0.2959048999999999,-0.1218577999999999,-0.3424451,0.2741,-0.3194317,-0.3081163
North Macedonia,2017,-0.2620741,-0.0997098,-0.2494817999999999,0.3426423999999999,-0.3143012,-0.2727594
North Macedonia,2018,-0.3408571999999999,0.0333879,-0.1184433,0.3988409,-0.2267515,-0.1175171
North Macedonia,2019,-0.4600251999999999,-0.1182044,0.0391431999999999,0.1928119999999999,-0.2862328,-0.1170509
North Macedonia,2020,-0.4569769999999999,-0.0922934,0.0891281999999999,0.30335,-0.1729781,-0.0924122
North Macedonia,2021,-0.3856405,-0.0787865,0.0908151,0.2238641999999999,-0.117091,-0.0157161
North Macedonia,2022,-0.332673,0.0111046,0.3218511,0.2225911,-0.1802257,-0.0046644999999999
North Macedonia,2023,-0.3541776,0.022351,0.2173101999999999,0.2015162999999999,-0.2738806,-0.0011212
North Macedonia,2024,-0.3292214,-0.0323427,0.1558087,0.2663031999999999,-0.2249296999999999,0.0737386999999999
Norway,1996,2.2358013999999997,1.8969617,1.5709818999999998,1.3571661,1.9288331,1.6676879
Norway,1998,2.2219721,1.8079836,1.5392349,1.340771,1.9338659,1.6552672
Norway,2000,2.0714406999999997,1.9102227,1.5602332,1.2405151,1.9126119,1.6462466999999998
Norway,2002,2.0686405999999997,1.8984462,1.5224853,1.4267535999999998,1.8842199,1.6713931
Norway,2003,2.0211967,1.8614686,1.1755929,1.4191127,1.8783443,1.661152
Norway,2004,1.8590594,1.8956582,1.062216,1.5761098,1.8461992,1.5590506
Norway,2005,2.0172526,1.8964957,1.267795,1.6422972999999998,1.8793059,1.7182902999999998
Norway,2006,2.0946634,1.938595,1.2311357,1.4781227,1.9111782,1.7340026
Norway,2007,1.912833,1.9141752,1.2184256999999998,1.554125,1.87338,1.7463082
Norway,2008,1.8541704,1.7167728999999998,1.3383189,1.6201132,1.9127601,1.744942
Norway,2009,1.8987615,1.7868741,1.413466,1.6011759,1.8708742,1.7524622
Norway,2010,1.9314806,1.7800228,1.4149557,1.6371606,1.9035187,1.7627122
Norway,2011,2.0777923,1.8129314,1.3466634,1.7953532,1.9659305,1.8109178
Norway,2012,2.1281645,1.9504302,1.3326311,1.8217161,1.9857425,1.8802205
Norway,2013,2.1405464,1.9341009,1.3123527,1.91434,1.9934349,1.8850457
Norway,2014,2.1311201,1.9539907,1.1999067,1.7656125,1.9521623,1.8437744
Norway,2015,2.1755199,1.9270491,1.1710873,1.7813823,1.9800469,1.9139631
Norway,2016,2.1206565,1.9604222,1.1454306,1.8051537,2.0056522,1.9140808
Norway,2017,2.1682749,2.0636859,1.0956941999999998,1.8376808,2.0388476,1.9306924
Norway,2018,2.0857026,1.9374028,1.1115481,1.8168864,2.0289199,1.9573175
Norway,2019,2.0603724999999997,1.9446493,1.0766478,1.7665668,2.0322989,1.9498022
Norway,2020,2.0836375,1.9498703,1.2049763,1.6975606,2.0591873,1.9557738
Norway,2021,2.070812,1.9916736,1.0721678,1.6492378,2.0582629,1.9844255
Norway,2022,2.0332101,1.8212872,0.9197731,1.5730046,1.9409153,1.9385647
Norway,2023,2.0745237,1.7870167,0.9361906,1.6350956,1.9859646,1.9331357
Norway,2024,1.9610085,1.843057,0.9032646,1.6704537,1.9494549,1.9294246
Oman,1996,0.5024369,0.2677542,0.8880007,-0.1591088,0.5199857999999999,-1.0905548
Oman,1998,0.6987747999999999,-0.006963,0.8367676,-0.0680446,0.4711999999999999,-1.0454995
Oman,2000,0.6950737,-0.0055096,1.0169263,0.0331001,0.3985595999999999,-0.7094435
Oman,2002,0.6811065,0.1056215,0.9604254,0.7170181,0.5175375,-0.6783982
Oman,2003,0.5541684,0.2957168,1.0039654999999998,0.7088289,0.5168513,-0.7021206999999999
Oman,2004,0.5924370999999999,0.1866734,0.9058704,0.6970510999999999,0.5043168,-0.6514253
Oman,2005,0.5527816,0.2931176,0.9464385,0.7691608,0.3070555,-0.6945199999999999
Oman,2006,0.5045908,0.1659918,0.8435712,0.7040891,0.3077882999999999,-0.7943028
Oman,2007,0.3274633,0.1196740999999999,0.8841772999999999,0.7334568,0.2909254,-0.7521766
Oman,2008,0.3348494999999999,0.2438058,0.8521681999999999,0.8308675999999999,0.3627015,-0.68292
Oman,2009,0.3084555,0.2643655,0.8400494,0.8407639,0.4004044,-0.6852807
Oman,2010,0.276183,0.3192865,0.5865684999999999,0.8483843,0.4122993,-0.6771591
Oman,2011,-0.0352342,0.0808802,0.3126716,0.7404489,0.2438476,-0.6450589
Oman,2012,-0.0252944999999999,0.0510826999999999,0.3876466,0.8307365,0.3148844,-0.6724102
Oman,2013,-0.0651045,-0.0148916999999999,0.3339535999999999,0.8178219999999999,0.2530108,-0.7040470999999999
Oman,2014,0.0116479,0.138753,0.5698008,0.7762583,0.2045054999999999,-0.7052596999999999
Oman,2015,-0.0016798,0.0805473999999999,0.6155394,0.6495172,0.2116285,-0.6424569
Oman,2016,-0.020659,0.1613755999999999,0.5065831,0.6980708999999999,0.2216168,-0.6219852
Oman,2017,-0.0211191,0.1108223,0.5468563,0.7080042,0.1808943999999999,-0.6296881
Oman,2018,-0.0203366,0.1114018,0.5392522,0.5279849999999999,0.1837812999999999,-0.6904135
Oman,2019,0.1612578999999999,0.2040480999999999,0.5167644,0.5010361,0.260692,-0.710401
Oman,2020,0.0239194,0.1018135999999999,0.468834,0.4719412,0.2562542,-0.6875220999999999
Oman,2021,0.0233919,0.102771,0.3902352,0.4254017,0.2255116999999999,-0.7945707
Oman,2022,0.0212394999999999,0.4468675,0.4399615,0.4679553999999999,0.3524322,-0.8006772999999999
Oman,2023,0.2277239999999999,0.4719958999999999,0.5521576,0.4701815,0.3443083,-0.7690296
Oman,2024,0.5072492,0.5675096,0.6272361,0.6875152,0.4493583,-0.8876853
Pakistan,1996,-1.1564696,-0.5406548,-1.4196289,-0.6380289,-0.4566375,-0.974779
Pakistan,1998,-0.8007442,-0.5448568,-1.3211412,-0.8069569999999999,-0.8504778,-1.0279154
Pakistan,2000,-0.9743969,-0.5434034,-1.1873447,-0.9614331,-1.0634936,-1.355986
Pakistan,2002,-0.9135442,-0.6066986999999999,-1.6400553999999998,-0.9188664,-0.9386971,-1.2265651
Pakistan,2003,-0.9225643,-0.793561,-1.5829175,-0.9357016,-1.0085098,-1.1962586
Pakistan,2004,-1.0879191,-0.6574624,-1.5558398999999998,-1.0151869,-1.0013333,-1.2460172
Pakistan,2005,-1.0743073,-0.6434103999999999,-1.7357942,-0.5838514,-0.9201855,-1.1248172
Pakistan,2006,-0.8810819,-0.5367579,-1.8752024,-0.4707100999999999,-0.7828206999999999,-0.9079499
Pakistan,2007,-0.8461031999999999,-0.5280229,-2.3006211999999997,-0.5229792999999999,-0.8002429999999999,-0.9927729
Pakistan,2008,-1.0382107,-0.7930155,-2.4251193,-0.6345983,-0.9724115,-0.9642662
Pakistan,2009,-1.1784502,-0.7786638,-2.1981254999999997,-0.6691879,-0.8926248,-0.936045
Pakistan,2010,-1.2022076,-0.7771494,-2.4586916999999997,-0.6877422999999999,-0.8136536,-0.8759869
Pakistan,2011,-1.2203431,-0.8257262,-2.7114561,-0.7580939999999999,-1.1504900999999998,-0.9662494
Pakistan,2012,-1.2451953999999998,-0.6500644999999999,-2.6807174,-0.80848,-1.0639182,-0.9572693
Pakistan,2013,-1.1290617,-0.6600164,-2.6678365,-0.8058791,-1.0488128,-0.932626
Pakistan,2014,-1.0043761,-0.6822115,-2.4621614999999997,-0.7484896,-0.970695,-0.8714681
Pakistan,2015,-0.981117,-0.6105847,-2.4299435,-0.6860082,-0.9148283,-0.8331014
Pakistan,2016,-0.9729255,-0.5304516,-2.3350493,-0.6596324,-0.9129583,-0.8238114999999999
Pakistan,2017,-0.935034,-0.4213336,-2.2184098,-0.6642218999999999,-0.8654801999999999,-0.8186114
Pakistan,2018,-0.9640896,-0.5073375999999999,-1.9857782,-0.6623047999999999,-0.8396216,-0.8294349
Pakistan,2019,-0.9714617,-0.4968027,-1.9293422,-0.6202662999999999,-0.8122676,-0.9036869
Pakistan,2020,-0.9370003,-0.6149667999999999,-1.5881564,-0.7006155,-0.8129660999999999,-0.8727743
Pakistan,2021,-0.9061812,-0.5170351,-1.6496402,-0.6543467,-0.8231206,-0.9211047
Pakistan,2022,-0.9459689,-0.682084,-1.7555938,-0.7653493,-0.9108794,-0.9699194
Pakistan,2023,-1.0461855,-0.6585378,-1.9403838,-0.8219841999999999,-1.0042887,-1.0251755
Pakistan,2024,-1.0656237,-0.6003273,-2.0634311,-0.7928043,-1.017096,-1.1663298
Palau,1996,,,,,0.9038562,1.1315437
Palau,1998,,,,,0.8818861,1.129479
Palau,2000,,,,,0.8674379,1.1306413
Palau,2002,,,,,0.8855968,1.0816093
Palau,2003,,,0.9514154,,0.8778703999999999,1.0956413
Palau,2004,,,0.9474922,,0.8716771999999999,1.0910569
Palau,2005,,,0.9705879,,1.269863,1.1022322
Palau,2006,,,0.9803401,,1.2671381,1.1092372
Palau,2007,,,0.9964451,,1.2725098,1.1072089
Palau,2008,-0.1896166,-0.4651041999999999,0.9944616,-0.7374368,1.2066122,1.102069
Palau,2009,-0.1898956,-0.411693,1.5889495,-0.7486071999999999,1.2009170999999998,1.1023971
Palau,2010,-0.1851151,-0.5251718,1.5781203,-0.7481757,1.199235,1.1004922
Palau,2011,-0.1970895,-0.2839048999999999,1.5682717,-0.4692041999999999,1.2930723,1.090178
Palau,2012,-0.2219720999999999,-0.2824029999999999,1.5672321,-0.5026417,1.2876229,1.0873207
Palau,2013,-0.2200811,-0.2807256999999999,1.5640556,-0.5075978,1.2754423,1.0899834
Palau,2014,-0.2422591999999999,-0.212894,1.5750282,-0.5186405,1.2815924,1.0945132
Palau,2015,0.4974376,-0.3196826,0.9559309,0.3971071,1.351141,1.0956611
Palau,2016,0.4413945999999999,-0.3187426,0.951395,0.399389,1.3516492999999998,1.0860487
Palau,2017,0.4392161,-0.3184374,1.1385207,0.4018035,1.3504054,1.0848056
Palau,2018,0.4429213999999999,0.0107920999999999,1.14243,0.1940307,1.3124976,1.0430933
Palau,2019,0.4480263,0.0124256,1.1436032,0.4054877,1.1592619,1.0422789
Palau,2020,0.4493089999999999,-0.0189645999999999,1.1429587,0.4009049999999999,1.1608966,1.0411302
Palau,2021,0.4468111999999999,-0.0161962,1.1404301,0.3990616999999999,1.1551047,1.0331583
Palau,2022,0.4459534,-0.0433382,1.2446282,0.3941489999999999,1.171936,1.0305400999999998
Palau,2023,0.443007,-0.0418711,1.2451365,0.3946725,1.17116,1.0279492
Palau,2024,0.5049336999999999,0.0100272,1.2387076,0.4811763,1.1710347,1.0369618
Panama,1996,-0.3245795999999999,-0.3601687,0.0962886,0.1770646,-0.2148676,0.1014597999999999
Panama,1998,-0.3258455,0.1717314999999999,0.1766186,0.5994649,-0.2148690999999999,0.3776821999999999
Panama,2000,-0.4847693999999999,-0.0550960999999999,0.103699,0.5208576,-0.2963865,0.4698515
Panama,2002,-0.4770593999999999,-0.1992295,0.2858212,0.4404317,-0.090547,0.5018897999999999
Panama,2003,-0.4114856999999999,-0.2413468,0.0824331,0.2683754,-0.0870775999999999,0.4900856999999999
Panama,2004,-0.4036407999999999,-0.1354879,0.1001436,0.2422318,-0.0126133999999999,0.5768829999999999
Panama,2005,-0.4800212,-0.1164168,-0.0584832999999999,0.3128875,-0.0773161,0.6092662
Panama,2006,-0.4315926,-0.041967,0.0855250999999999,0.3177834,-0.0614406,0.6910502
Panama,2007,-0.4810331,0.0608038,0.1127519999999999,0.4048484,-0.0240050999999999,0.6696611
Panama,2008,-0.2174085999999999,0.0294370999999999,0.0710551,0.5432735,-0.0807623,0.6686945
Panama,2009,-0.2986068,0.0974308,0.1158121,0.4170069999999999,-0.1123227,0.7159230999999999
Panama,2010,-0.3394637,0.1224423999999999,-0.0820154,0.5004366,-0.1247477999999999,0.6350224999999999
Panama,2011,-0.3472258,0.1252675,-0.0424882,0.5428985,-0.0333011999999999,0.5966722999999999
Panama,2012,-0.459041,0.2315672,-0.0613991,0.4723528999999999,-0.2767365,0.4231413
Panama,2013,-0.4300887,0.2144278999999999,-0.0995914,0.4205556,-0.2985413,0.3682821
Panama,2014,-0.3942406,0.22621,0.2814967,0.3858888,-0.1423563,0.4491061999999999
Panama,2015,-0.4240393999999999,0.3209870999999999,0.4833108,0.4212845999999999,-0.1702773,0.5022803
Panama,2016,-0.5035567,0.3973659,0.4612990999999999,0.4184473999999999,-0.1355383,0.4886932
Panama,2017,-0.5589478999999999,0.343385,0.4579919999999999,0.3409116,-0.1596595999999999,0.4645761
Panama,2018,-0.5480745,0.3258150999999999,0.364313,0.3136844,-0.2517367,0.4994086
Panama,2019,-0.5437065999999999,0.4971964,0.399288,0.3190176,-0.2786019,0.5255263
Panama,2020,-0.5190072,0.2314559,0.3368353,0.2697187,-0.2397538,0.5176533
Panama,2021,-0.5235702,0.2101815,0.3538331999999999,0.2114141,-0.2304099999999999,0.4667899
Panama,2022,-0.5629265999999999,0.0399223,0.428471,0.0393931,-0.2146567999999999,0.4471573
Panama,2023,-0.5669514999999999,0.0311824,0.3693808,0.0230492999999999,-0.2279440999999999,0.4467096
Panama,2024,-0.5541186,0.2451471999999999,0.264681,-0.0738011,-0.2634275,0.4411062
Papua New Guinea,1996,-0.3270546,-0.2701396,-0.6904418,-0.7799368,-0.4790176,-0.15722
Papua New Guinea,1998,-0.3665368,-0.5448568,-0.2559810999999999,-0.5905169,-0.5244594,-0.3078905999999999
Papua New Guinea,2000,-0.6890128999999999,-0.5434034,-0.267413,-0.4355658,-0.6826704,-0.3893188999999999
Papua New Guinea,2002,-0.8510205,-0.7183695999999999,-0.8442622999999999,-0.7959588999999999,-0.5459293,-0.4571056
Papua New Guinea,2003,-0.8519142,-0.7233853,-0.9055723,-0.8827398,-0.6318047999999999,-0.4275226
Papua New Guinea,2004,-1.1020596,-0.5305369,-0.7719374999999999,-0.7122151999999999,-0.4401180999999999,-0.4609913
Papua New Guinea,2005,-1.1920123,-0.9362249,-1.048107,-0.8534659,-0.7066405,-0.3321513
Papua New Guinea,2006,-1.0546271,-0.735262,-1.0799066,-0.5024183999999999,-0.6858738999999999,-0.1145587999999999
Papua New Guinea,2007,-1.0483268,-0.7193402,-0.9276787,-0.3703479,-0.6581517,-0.13633
Papua New Guinea,2008,-1.0818488,-0.649118,-0.7838524,-0.4476401,-0.6816725,-0.1571299
Papua New Guinea,2009,-1.0987722,-0.6690648,-0.9272324,-0.4401124999999999,-0.69819,-0.1478507
Papua New Guinea,2010,-0.9715433,-0.6857865,-0.9409904,-0.4333699,-0.7032712999999999,-0.1996623
Papua New Guinea,2011,-0.9769416,-0.6833058,-0.9018493,-0.4280705999999999,-0.6611764,-0.1907682
Papua New Guinea,2012,-1.0036539,-0.6577442,-0.8790758999999999,-0.5009861,-0.7227231,-0.2314358
Papua New Guinea,2013,-1.0035819,-0.6662104999999999,-0.7908101,-0.4653449,-0.8041796999999999,-0.2308578
Papua New Guinea,2014,-0.9742497,-0.7337737,-0.6691482999999999,-0.2587839,-0.5838074,-0.18564
Papua New Guinea,2015,-0.9734974,-0.7346421,-0.6937922999999999,-0.3927754,-0.614147,-0.1841012
Papua New Guinea,2016,-0.984655,-0.8173469,-0.7576267999999999,-0.4591785,-0.6183169,-0.1046203999999999
Papua New Guinea,2017,-0.9946183,-0.7120555,-0.8689907,-0.5227809,-0.6199276,-0.0994270999999999
Papua New Guinea,2018,-0.940001,-0.6966528,-0.7969145,-0.4670821,-0.6685244,-0.0378458
Papua New Guinea,2019,-0.9871229,-0.7267308,-0.7991969999999999,-0.5079956,-0.7140866,-0.0745731
Papua New Guinea,2020,-0.5484433,-0.8860450999999999,-0.7687147999999999,-0.5871307,-0.6603549,-0.0509719
Papua New Guinea,2021,-0.6567906,-0.9081302,-0.7476250999999999,-0.7514953999999999,-0.6493713,-0.074268
Papua New Guinea,2022,-0.5882269999999999,-1.0845367,-0.6856785,-0.7469684,-0.5458926,-0.0744077
Papua New Guinea,2023,-0.6018212,-1.0841072,-0.530809,-0.710919,-0.5107674999999999,-0.1098476999999999
Papua New Guinea,2024,-0.7973513,-0.9004466999999999,-0.653875,-0.6004013,-0.5713328999999999,-0.3264396
Paraguay,1996,-1.2696619999999998,-0.8214262999999999,-0.8332253,-0.6415674,-0.4953376,-0.2822357
Paraguay,1998,-1.4685317,-1.0936216,-1.0471733,-0.7961832999999999,-0.8073958999999999,-0.4814149
Paraguay,2000,-1.4568712,-1.2376909,-1.2346496,-1.1100972999999998,-1.0266216,-0.6314658
Paraguay,2002,-1.6027924,-1.3698159,-1.3529771,-0.7289979999999999,-1.1199192999999998,-0.5925036
Paraguay,2003,-1.5857992,-1.3719230999999998,-0.928343,-0.7433537,-1.1082704,-0.5002468
Paraguay,2004,-1.3774883,-1.1021491,-0.3992694,-0.7490842999999999,-0.8107637,-0.3426763
Paraguay,2005,-1.26164,-0.9710489,-0.4908118999999999,-0.7594521999999999,-0.8268523,-0.2437543999999999
Paraguay,2006,-0.9845011,-0.8984078,-0.5411225,-0.6532749999999999,-0.7800712,-0.2284595999999999
Paraguay,2007,-1.0561471999999998,-0.8949391,-0.430481,-0.5705538,-0.7763416999999999,-0.1722539
Paraguay,2008,-0.8979853999999999,-0.8423313,-0.4621386999999999,-0.5102337,-0.7527113,-0.0915827999999999
Paraguay,2009,-0.8563839999999999,-0.7789347,-0.4759748,-0.5287986,-0.7345532,-0.0886642
Paraguay,2010,-0.7003918,-0.7673432,-0.5333587,-0.5035793,-0.7105241999999999,-0.0814527999999999
Paraguay,2011,-0.6726051,-0.7523261,-0.5668194,-0.4404632,-0.7081535,-0.0790865999999999
Paraguay,2012,-0.7579324,-0.7641431999999999,-0.5745262,-0.4410038,-0.7586864,-0.1957200999999999
Paraguay,2013,-0.9476908,-0.7612361,-0.6183216,-0.4312854,-0.7655462,-0.2113266999999999
Paraguay,2014,-0.9760553,-0.7384539999999999,0.0107526,-0.2947838,-0.5971079,-0.1893736999999999
Paraguay,2015,-0.9511009,-0.7854223,0.0826536,-0.1856905999999999,-0.5495654,-0.1455953999999999
Paraguay,2016,-0.8070807,-0.6786705,0.0944783,-0.1553139,-0.4907217,-0.1633870999999999
Paraguay,2017,-0.8291544,-0.6426736,-0.0283019999999999,-0.1580121,-0.4932562,-0.131242
Paraguay,2018,-0.8709501,-0.4995478,-0.0337829,-0.1217096,-0.4540616999999999,-0.1065124
Paraguay,2019,-0.8760395,-0.4663941,0.0355269,-0.1606718,-0.4294945,-0.1070339999999999
Paraguay,2020,-0.8101421,-0.6074736,0.0082817,-0.172904,-0.3727181,-0.1215489999999999
Paraguay,2021,-0.9055003,-0.5769998,-0.0550381999999999,-0.1860035,-0.5280024,-0.1702578
Paraguay,2022,-0.9538621,-0.4957841999999999,-0.0659073999999999,-0.2027128,-0.5403787999999999,-0.1905079999999999
Paraguay,2023,-1.0149203,-0.337846,0.0023837999999999,-0.1971096,-0.5801149999999999,-0.1564693
Paraguay,2024,-1.0248859,-0.3545101,-0.0738359,-0.1411883,-0.5835849,-0.1497783
Peru,1996,-0.4211294,-0.4545375,-1.0655367,0.3422517,-0.6279175,-0.610698
Peru,1998,-0.565847,-0.2306083,-0.7327073,0.5218164,-0.6198313999999999,-0.7018031
Peru,2000,-0.511564,-0.4850279999999999,-1.2971467,0.2074243999999999,-0.7597657,-0.6604451
Peru,2002,-0.2430338,-0.6468917,-1.2329146,-0.1589446,-0.5353011,0.2489563
Peru,2003,-0.057581,-0.8784706,-1.2849879,-0.0742275999999999,-0.5205074,0.2092851999999999
Peru,2004,-0.4101705,-0.7658359,-0.9355655,0.0691972,-0.3791477,0.0810565999999999
Peru,2005,-0.4001666,-0.7258650999999999,-0.9144109,0.0032096,-0.4764555,0.1622345999999999
Peru,2006,-0.260941,-0.6681768,-0.7145526999999999,0.1525911999999999,-0.5145408,0.2212618999999999
Peru,2007,-0.3556671999999999,-0.6492559999999999,-0.5612623,0.2283845,-0.5442173,0.2290932
Peru,2008,-0.3026109999999999,-0.6119587,-0.688819,0.2285395999999999,-0.5790879999999999,0.293699
Peru,2009,-0.3848159,-0.400989,-0.9293423,0.2839239,-0.503791,0.2285461999999999
Peru,2010,-0.2613416,-0.1977807,-0.7755101,0.3099239,-0.4909174,0.2650259
Peru,2011,-0.2482217,-0.1629382,-0.6754146999999999,0.3419375,-0.4433205999999999,0.3102027
Peru,2012,-0.3605037,-0.1098429,-0.6985798999999999,0.2530527999999999,-0.4879551,0.3059787
Peru,2013,-0.3990421999999999,-0.1051565999999999,-0.7062488,0.2335480999999999,-0.555049,0.2041619999999999
Peru,2014,-0.5816106,-0.1988026,-0.4040664,0.2603805,-0.553702,0.2195209
Peru,2015,-0.5919962,-0.2487591999999999,-0.3213519999999999,0.3176036,-0.4520227,0.2727774
Peru,2016,-0.5112656,-0.1706908999999999,-0.1794896,0.3221781999999999,-0.3392422,0.2653854
Peru,2017,-0.5931875999999999,-0.0734623,-0.2242779,0.2708614,-0.3746051999999999,0.313525
Peru,2018,-0.5877892,-0.1608168999999999,-0.1689403,0.2978144,-0.4609214,0.3589581
Peru,2019,-0.490189,0.0476235,-0.0888854999999999,0.3449804999999999,-0.4564383999999999,0.3431757
Peru,2020,-0.4980887,-0.1062994999999999,-0.2963963,0.2250935,-0.4320888,0.364213
Peru,2021,-0.509709,-0.0563454,-0.3341680999999999,0.0848324999999999,-0.5208197,0.2154894
Peru,2022,-0.6415611999999999,-0.0885376,-0.6566212,0.0716412999999999,-0.4872516999999999,0.1421732
Peru,2023,-0.6654876,-0.1970540999999999,-0.7239502,0.1292945,-0.4787644,0.1478334
Peru,2024,-0.7203896,-0.2004128,-0.6544223,0.0828146,-0.5057749,0.0455746
Philippines,1996,-0.3548232,-0.1678317,-0.6124493999999999,-0.0122898,-0.0199003,0.0031887
Philippines,1998,-0.2641975,-0.0311481999999999,-0.5778416,0.1816514,0.0053638,0.1901129
Philippines,2000,-0.6204556,-0.3125616,-1.4413357999999998,-0.0383351,-0.4767982999999999,0.0590343
Philippines,2002,-0.7011590999999999,-0.3913156,-1.0320493,-0.1674842,-0.3912492999999999,0.0578604999999999
Philippines,2003,-0.6453601999999999,-0.4188308,-1.5732442,-0.1020846,-0.5644443,-0.0795290999999999
Philippines,2004,-0.6581410999999999,-0.2602502,-1.5795106,-0.0696963999999999,-0.5201484,-0.0560031
Philippines,2005,-0.7396311999999999,-0.1470565,-1.1762537,0.1743161,-0.3474568999999999,-0.0342663999999999
Philippines,2006,-0.6610347999999999,-0.0535938,-1.4720731,0.157936,-0.4146501999999999,-0.0995708999999999
Philippines,2007,-0.6865834,0.0343449,-1.4430777,0.1586479999999999,-0.4498061,-0.0878404
Philippines,2008,-0.6874488,-0.0220572,-1.6629672,0.075357,-0.5502355999999999,-0.1571072
Philippines,2009,-0.8274589,-0.0291995,-1.6270742,0.0167422,-0.6324434999999999,-0.1299899
Philippines,2010,-0.7820844,-0.0031122,-1.5826192,-0.0305694,-0.6511728999999999,-0.1658965
Philippines,2011,-0.5655338999999999,0.0797874,-1.3804409,0.0117513,-0.5225183,-0.1258736
Philippines,2012,-0.633583,0.2234507999999999,-1.1706826,0.1322558999999999,-0.4882631,-0.1182307
Philippines,2013,-0.4981708999999999,0.2427987999999999,-1.0944308,0.0316296,-0.4699791,-0.0599001
Philippines,2014,-0.5826913,0.4543872,-0.805762,0.0596485,-0.3610228,0.0760846999999999
Philippines,2015,-0.5904252999999999,0.4080209999999999,-0.9268186,0.0878094,-0.4299627,0.0294153999999999
Philippines,2016,-0.613111,0.2499538999999999,-1.4376683,0.1261455,-0.4729561,0.0246541999999999
Philippines,2017,-0.636865,0.1764345,-1.2792545,0.1368136,-0.5912855,-0.0946328999999999
Philippines,2018,-0.6388345,0.2184254,-1.0667774,-0.0051077,-0.6398018,-0.1655678
Philippines,2019,-0.6111557,0.1818096,-1.0094929,0.0586419,-0.647098,-0.1868756999999999
Philippines,2020,-0.5392618,0.1815124,-0.9415427,0.0141421,-0.6331335,-0.2661611
Philippines,2021,-0.5743865,0.1562797,-1.0935816,0.0148496,-0.6736731,-0.3746338999999999
Philippines,2022,-0.5774689,0.0357928999999999,-0.8990423999999999,0.0048008999999999,-0.6321996,-0.3442518
Philippines,2023,-0.5690313,0.1018162,-0.709066,0.0633741,-0.6011586999999999,-0.363659
Philippines,2024,-0.5766165,0.1445214,-0.7741477,0.0792961,-0.5739681,-0.3554363
Poland,1996,0.8425298,0.6954068,0.757524,0.3127336,0.6571317,1.1094023
Poland,1998,0.7501549,0.3937045999999999,0.7463989,0.5580809999999999,0.6778793,1.2118042
Poland,2000,0.4963040999999999,0.4025763,0.47751,0.5737875,0.6504934,1.2131671
Poland,2002,0.3442164,0.2937024,0.7259513999999999,0.636497,0.5469485,0.9755154
Poland,2003,0.3611585,0.4637907,0.594482,0.7142139,0.424154,0.9809925
Poland,2004,0.1126453999999999,0.2850646,0.2184787,0.6420823,0.2669522,0.8737767
Poland,2005,0.2504764,0.4613517,0.5169171,0.7800228,0.569705,1.0285355
Poland,2006,0.3249712999999999,0.3072556999999999,0.3771151,0.6906126,0.3491376,0.9360213
Poland,2007,0.3179194999999999,0.2285767,0.7795685,0.7734316999999999,0.4732406999999999,0.9393901
Poland,2008,0.4272963999999999,0.4094615,0.9992473,0.7867103,0.5518630999999999,1.0720367
Poland,2009,0.5739409,0.4671032,0.9970056,0.8694733,0.5364192999999999,1.064793
Poland,2010,0.6391266,0.5474146999999999,1.1015819,0.9204541,0.6458707,1.1169909
Poland,2011,0.7618910999999999,0.5785731,1.0564513,0.8434691999999999,0.8414341999999999,1.0662057
Poland,2012,0.8135218,0.6002449999999999,1.0636907,0.8536768,0.8705388,1.1085187
Poland,2013,0.8071492,0.654327,0.9461127,0.902271,0.8221107999999999,0.9472071
Poland,2014,0.773833,0.9088197,1.0543362,0.8657653,0.8809895,1.0672929
Poland,2015,0.8356935,0.8717908999999999,1.0637346,0.8123640999999999,0.8357983999999999,0.9924822
Poland,2016,0.8706558999999999,0.7500074999999999,0.5712286999999999,0.8111579999999999,0.7545596,0.8683932
Poland,2017,0.8294474,0.6233831,0.6020499,0.7219296,0.6191173999999999,0.6803648
Poland,2018,0.776821,0.6921258,0.630199,0.7623048,0.5473425,0.5419408
Poland,2019,0.7162582,0.6631417,0.6735951,0.8277445999999999,0.5263759,0.5057092
Poland,2020,0.7442004,0.6765763,0.5545247,0.6854992,0.4600729999999999,0.4872989
Poland,2021,0.6869719,0.5887761,0.5651963,0.6736094,0.4098572,0.369436
Poland,2022,0.6673922,0.515427,0.537484,0.6870197,0.3545463,0.375328
Poland,2023,0.7534837999999999,0.6341038,0.5055900999999999,0.7253164,0.3564347,0.4100224
Poland,2024,0.7940729999999999,0.6734027,0.4986549999999999,0.6858352999999999,0.5769112,0.7521675
Portugal,1996,1.5765051,0.7222584,1.3381336,0.9357112,1.2571558,1.4886917
Portugal,1998,1.3910335,0.6994226,1.4263366,1.146074,1.1350206,1.3776842
Portugal,2000,1.3034246,0.8553001,1.3809911,1.0185404,1.094653,1.3772308
Portugal,2002,1.2667351999999998,1.095738,1.4436178,1.2790921,1.2371067999999998,1.4118786
Portugal,2003,1.225262,0.873877,1.3478882,1.2183507999999998,1.2560475,1.4321462
Portugal,2004,1.1930716,0.6863332,0.9237518,1.1580703,1.1874611,1.3592069
Portugal,2005,1.1939157,0.7312814999999999,1.0744066,1.2535744,1.1461719,1.4005254
Portugal,2006,0.8841298999999999,0.830174,0.9679647,1.0892238,1.0368617,1.4847642
Portugal,2007,0.9121206,0.8094817999999999,0.8745649999999999,1.1711639,1.1553392,1.4835003999999998
Portugal,2008,0.92888,0.8929798999999999,0.992239,1.1807886,1.0970707,1.4450383999999998
Portugal,2009,0.8871941,1.0070755999999998,0.8872701,1.1725096,1.0277189,1.4285286
Portugal,2010,0.741273,0.7342202,0.773195,0.9446209,0.8810239999999999,1.3643414
Portugal,2011,0.7934673,0.8580472,0.7839001999999999,0.7471259,0.8670732999999999,1.3203477
Portugal,2012,0.7983905,0.9121335,0.8412014,0.7084467,0.8880918999999999,1.1939179
Portugal,2013,0.7363017,0.9144388,0.7633997,0.7338698,0.9006196,1.1676299
Portugal,2014,0.6840178,0.93359,0.9403714,0.5980540999999999,1.0181871999999998,1.2765908
Portugal,2015,0.7238454999999999,1.1121757,1.0004341,0.8500702,1.1272881,1.3008189
Portugal,2016,0.7134054,1.0935326,0.9588082,0.8398464,1.1156915,1.3088566
Portugal,2017,0.8191801,1.2300446,1.054818,0.924473,1.1722683,1.3116648
Portugal,2018,0.803067,1.0601732,1.0917404,0.9348161,1.13034,1.2376429
Portugal,2019,0.7971214999999999,1.0136875,0.9941251,0.9999205,1.1165505,1.2118026
Portugal,2020,0.7959109999999999,1.0987346999999998,0.9830461,0.8031995,1.1830529,1.3776424
Portugal,2021,0.8188181999999999,1.1677599,0.9584396,0.7505542,1.1690784,1.3627614
Portugal,2022,0.7860609,1.0219923,0.8869408999999999,0.8086011999999999,1.1256864,1.3064618
Portugal,2023,0.7848198,0.9658494,0.7890296,0.7804495,1.0824285,1.3110945
Portugal,2024,0.8241683,0.9474847,0.5369269999999999,0.7401574999999999,1.0721547,1.2651386
Puerto Rico (U.S.),1996,0.4265513999999999,1.2755211,0.1629634999999999,1.0620406,0.8071967,1.0497779
Puerto Rico (U.S.),1998,0.4220833,1.2663936,0.1638669999999999,1.0929291,0.7954489,1.0481976
Puerto Rico (U.S.),2000,0.8770547999999999,1.2695506,0.1617825,1.1013376,0.7877232,1.0490872
Puerto Rico (U.S.),2002,1.3358417,1.2698018,0.1639603,1.1139734,0.7974331,0.9017152
Puerto Rico (U.S.),2003,1.332687,1.2569496,0.1587829999999999,1.1140555,0.5381804,0.9030991
Puerto Rico (U.S.),2004,1.0419275,0.8116981999999999,0.3827224999999999,0.6428533,0.5039448,0.8072410999999999
Puerto Rico (U.S.),2005,1.3271197,1.2500658999999998,0.4116189999999999,1.1126306,0.8238905,0.9872344
Puerto Rico (U.S.),2006,0.6400965,0.5305816999999999,0.4145952,1.1088431,0.7876063999999999,0.9201353
Puerto Rico (U.S.),2007,0.4928520999999999,0.4813105,0.4890908,1.0181388999999998,0.7914513,0.8509517999999999
Puerto Rico (U.S.),2008,0.4780849,0.4957265999999999,0.3528229,1.0134546,0.7428691,0.8551632
Puerto Rico (U.S.),2009,0.5692707,0.2143314999999999,0.4099989,0.9378809,0.7953741999999999,0.7639728
Puerto Rico (U.S.),2010,0.5568988,0.2054335,0.4065467,0.9228597,0.7594521999999999,0.7659952
Puerto Rico (U.S.),2011,0.5095491,0.2062902999999999,0.5022146,0.9234158,0.6798955999999999,0.7625415
Puerto Rico (U.S.),2012,0.5734808,0.2495152,0.5744011,1.1179384,0.7748459,0.7968729
Puerto Rico (U.S.),2013,0.5242394,0.2097549,0.0987437999999999,1.0084959,0.6447267999999999,0.7771966
Puerto Rico (U.S.),2014,0.4739514999999999,0.3603437,0.6356965,0.9312895,0.6813743,0.7815730999999999
Puerto Rico (U.S.),2015,0.2515234,0.3197528,0.642722,1.0211949,0.7239439,0.7750990999999999
Puerto Rico (U.S.),2016,0.2525953999999999,0.3202011999999999,0.4983548,1.0222101,0.6713382,0.7744702
Puerto Rico (U.S.),2017,0.2407216999999999,-0.4882360999999999,0.4048917999999999,0.9672113,0.5862128,0.8397526
Puerto Rico (U.S.),2018,0.2420261,-0.3311987999999999,0.3034965,0.8747767,0.5339062,0.8595092
Puerto Rico (U.S.),2019,0.2828827,-0.2281626,0.1081481,0.7830977,0.5146832,0.6500146
Puerto Rico (U.S.),2020,0.2833466,-0.3930492,0.3722414,0.7810589,0.515317,0.6491802999999999
Puerto Rico (U.S.),2021,0.5017098999999999,-0.3916752,0.4249881,0.7802388,0.5130714,0.6433907
Puerto Rico (U.S.),2022,0.4768445999999999,-0.5483655,0.3070682,0.7775664,0.4254537,0.424423
Puerto Rico (U.S.),2023,0.3527223,-0.3079002,0.2902359,0.6204573,0.5366948,0.3482391999999999
Puerto Rico (U.S.),2024,0.3976985999999999,-0.2552121,0.4382506,0.6528081,0.546037,0.3782154
Qatar,1996,0.0474585,0.2349301,0.3064547999999999,-0.3748363999999999,-0.0123173,-1.3507952
Qatar,1998,0.0645652,0.2307281,1.067653,-0.0773016,0.1952599,-1.253826
Qatar,2000,0.4560716999999999,0.2321814999999999,1.0665358,-0.0745125,0.4550522999999999,-1.1370225
Qatar,2002,0.5957195,0.2768075,0.8904537,0.2244282,0.5489488,-0.994919
Qatar,2003,0.5949337,0.2719548,1.1757788999999998,0.2244525,0.5495620999999999,-1.0446076
Qatar,2004,0.5543045999999999,0.2416781999999999,0.9882156,0.1337505,0.4532057,-0.8823538999999999
Qatar,2005,0.666323,0.2088576,1.075569,0.1714164,0.3921128,-0.635002
Qatar,2006,0.8261586,0.3929575999999999,1.0296695,0.3030821999999999,0.5046423999999999,-0.6066975
Qatar,2007,0.9099992,0.6423548,1.0230325999999998,0.4319444,0.5476293999999999,-0.6651884
Qatar,2008,1.0956962,0.7154208999999999,1.0670583,0.7048314999999999,0.5133196,-0.7083142
Qatar,2009,1.3734502,1.0264191,1.3252517,0.8928752,0.7580663,-0.658055
Qatar,2010,1.3446901,0.964407,1.1765666,0.8609387,0.7067019,-0.7278157
Qatar,2011,1.1504795,1.0080412,1.0908808,0.8503316,0.641775,-0.7804255
Qatar,2012,1.1558661,0.9747888,1.1565419,0.9514299,0.7277942,-0.7568592
Qatar,2013,1.1766023,1.1397085,1.1121079,0.9455132,0.7628549,-0.7922619999999999
Qatar,2014,0.8617689,0.9830148,1.1056965,0.7014796,0.5935568999999999,-0.8082372999999999
Qatar,2015,0.8450167,1.0340695,0.9673463,0.7674283,0.5358301999999999,-0.8138989999999999
Qatar,2016,0.8601436,1.0292498,0.8292355,0.7654833,0.5818673,-0.8549110999999999
Qatar,2017,0.7457912,0.9701164,0.8357283999999999,0.560855,0.4701479999999999,-0.9534938
Qatar,2018,0.7493738999999999,0.8061950999999999,0.8707185,0.6770845,0.4639058,-1.1879488
Qatar,2019,0.8776183999999999,0.9423676,0.882266,0.7893471,0.4938622,-1.1913066
Qatar,2020,0.8746817,0.9642748,0.8905078999999999,0.8435123,0.4786324999999999,-1.1940237
Qatar,2021,0.8394432,1.1277682,0.9259515,0.8424347,0.5003341,-0.8836103999999999
Qatar,2022,0.8197673,1.189094,0.9163182,0.8839636999999999,0.5977458,-0.8587247
Qatar,2023,0.7757739,1.1464253,1.0147153,0.9412093,0.5728637,-0.9289507
Qatar,2024,0.7548292999999999,1.1342702,0.9511752,0.9663365,0.5895929999999999,-0.9543765
Romania,1996,-0.2570551,-0.8736817,0.4882801,-0.4220162,-0.0366000999999999,0.0927771999999999
Romania,1998,-0.4340627999999999,-0.8778836999999999,0.3440734,-0.0202141,-0.1588682,0.1237516999999999
Romania,2000,-0.5513979999999999,-0.6395683,-0.2809081,-0.3988021,-0.2924585,0.1507677999999999
Romania,2002,-0.565959,-0.4750728999999999,0.3557613,-0.1488103,-0.2544246,0.1994799
Romania,2003,-0.5530621,-0.5893425999999999,0.2297528999999999,-0.1683709,-0.2815822,0.1842020999999999
Romania,2004,-0.3281933999999999,-0.3220772,0.0299601,-0.1153000999999999,-0.1500688,0.3033074
Romania,2005,-0.3537714999999999,-0.5158349999999999,0.1428475,-0.0097726999999999,-0.0911467,0.4380227
Romania,2006,-0.2549146,-0.4530336,0.1502319,0.3232718,0.0199255,0.5347849
Romania,2007,-0.3353236,-0.4804628999999999,0.199074,0.393314,0.044931,0.4759089999999999
Romania,2008,-0.2941654999999999,-0.5057908999999999,0.2423664999999999,0.398715,0.0925730999999999,0.5145563
Romania,2009,-0.3246557,-0.4998864999999999,0.3904071,0.3389555999999999,0.1190069,0.4793166
Romania,2010,-0.2925809,-0.2261464,0.1933713,0.4222283,0.1036882,0.4435890999999999
Romania,2011,-0.1779463,-0.1785126,0.1207193999999999,0.3748876,0.1520925,0.3229235
Romania,2012,-0.3587285,-0.190389,0.0478105999999999,0.3076837,0.1468062,0.3276737
Romania,2013,-0.282036,-0.0458649,0.143861,0.3895279,0.2051222,0.2833418
Romania,2014,-0.2306942,-0.0498234,0.2061238,0.3877012999999999,0.3653419,0.4298763
Romania,2015,-0.0980376999999999,-0.0115775,0.3468550999999999,0.4527497,0.3856172,0.5325812999999999
Romania,2016,-0.0698652,-0.1192184999999999,0.3246758999999999,0.4475166,0.3702402999999999,0.5372857999999999
Romania,2017,-0.0489883999999999,-0.1200618,0.1382403999999999,0.4191611999999999,0.3958057,0.4982552999999999
Romania,2018,-0.168955,-0.1021069999999999,0.1435505,0.3852802999999999,0.3070465,0.4386646999999999
Romania,2019,-0.1199219,-0.1453557,0.64527,0.3572005,0.3667768999999999,0.491677
Romania,2020,-0.0497221,-0.2499800999999999,0.6180825999999999,0.3027167,0.4593734,0.5461748
Romania,2021,0.0096051,-0.0777119,0.6671952,0.3145915999999999,0.4615580999999999,0.5429149999999999
Romania,2022,0.0662149,0.1990309999999999,0.5499041,0.3937269,0.4352333,0.5210735
Romania,2023,0.0314923,0.1319311,0.4983587,0.34486,0.4118457,0.4976457999999999
Romania,2024,0.0259732,0.4181245999999999,0.1588848,0.3834547,0.3710994999999999,0.3873603
Russian Federation,1996,-0.9704328,-0.7345119,-1.4001909,-0.6383112,-0.8671886999999999,-0.4057691
Russian Federation,1998,-0.9161899,-0.8671569,-1.3067304,-0.8033636,-0.9352129,-0.5349587
Russian Federation,2000,-1.0851239,-1.0286026,-1.3108069,-0.7831363,-1.0370572,-0.5487162999999999
Russian Federation,2002,-1.1090206,-0.7825675999999999,-0.8530867999999999,-0.3705029999999999,-0.9367682,-0.3968971
Russian Federation,2003,-1.0015646,-0.7944964999999999,-1.0155684,-0.3141585,-0.9665693,-0.41467
Russian Federation,2004,-0.8915877,-0.6794490999999999,-1.2093351,-0.1538045999999999,-0.7916717,-0.4332329
Russian Federation,2005,-0.9104202,-0.8523204,-1.099717,-0.2338844,-0.9194052,-0.4140656
Russian Federation,2006,-0.9771356,-0.8221012,-0.6963636,-0.3143867999999999,-0.943649,-0.5586627
Russian Federation,2007,-1.0809178,-0.7227308,-0.6218038,-0.1586062,-0.9139767,-0.5325388
Russian Federation,2008,-1.1401949999999998,-0.7626088999999999,-0.4620681,-0.2972532,-0.9754543,-0.4631299
Russian Federation,2009,-1.1618478,-0.8040229,-0.6949206,-0.3406416,-0.9733256,-0.5727011
Russian Federation,2010,-1.0755486,-0.8080704,-0.7128890999999999,-0.3620188,-0.9300496,-0.575656
Russian Federation,2011,-0.9445528,-0.8085635999999999,-0.9405765,-0.3810158999999999,-0.6853724999999999,-0.6074539
Russian Federation,2012,-1.0688997999999998,-0.8315587999999999,-0.9015976,-0.4318993,-0.9650892,-0.8055648999999999
Russian Federation,2013,-1.002184,-0.7385077,-0.8279576,-0.4057335999999999,-0.9151441,-0.8380923
Russian Federation,2014,-0.8876288999999999,-0.1991364,-0.6996599,-0.4501625999999999,-0.8526414,-0.7954283999999999
Russian Federation,2015,-0.9134362,-0.3224346999999999,-0.7905888,-0.5155363,-0.9088341,-0.8091465999999999
Russian Federation,2016,-0.8264543,-0.3261886,-0.7684605,-0.4243033,-0.8670734999999999,-0.7853492
Russian Federation,2017,-0.9134357,-0.2168884999999999,-0.5386198,-0.3965476,-0.8371632,-0.7636404
Russian Federation,2018,-0.8887364999999999,-0.1630088999999999,-0.3681038,-0.357656,-0.8324587999999999,-0.7832809
Russian Federation,2019,-0.7696119,0.0414379,-0.3986491,-0.3542324,-0.8668178999999999,-0.9210517
Russian Federation,2020,-0.7746533,-0.0432286,-0.5068977,-0.4450265,-0.8254091,-0.9044002
Russian Federation,2021,-0.7788442,-0.1170517,-0.5061895,-0.3720054,-0.9027732,-0.9937267
Russian Federation,2022,-0.7728060999999999,-0.2086801999999999,-0.7409395999999999,-0.8919419,-1.0548583,-1.1649609
Russian Federation,2023,-0.8877345,-0.208478,-0.8184163,-0.8889252999999999,-1.0734047,-1.3110562
Russian Federation,2024,-0.8911386,-0.3215539,-0.9032847,-1.0682839,-1.1565185999999998,-1.4221754
Rwanda,1996,-0.80338,-1.3060162,-2.0921457,-1.5927597,-1.5234476,-1.729904
Rwanda,1998,-0.8061554999999999,-1.3151438,-2.2192166,-1.5704219,-1.5182289999999998,-1.6093474
Rwanda,2000,-0.7486237,-1.3119868,-2.0788583,-1.5643411,-1.376078,-1.7174684999999998
Rwanda,2002,-0.7155773,-1.4187474,-1.9562225,-0.8755592999999999,-1.0945646,-1.4986586
Rwanda,2003,-0.717537,-1.4279922,-1.2290479,-0.8033349,-1.01647,-1.2981664
Rwanda,2004,-0.3583417,-0.7008306,-1.258417,-0.7361673999999999,-0.870006,-1.2535307999999998
Rwanda,2005,-0.3597549,-0.7309658,-1.1195935,-0.7590182,-0.8413571,-1.0368334
Rwanda,2006,-0.2240571999999999,-0.3694329,-0.6255577999999999,-0.562473,-0.7562457,-0.939101
Rwanda,2007,-0.1290585,-0.3725433999999999,-0.371473,-0.5926043999999999,-0.6848339999999999,-0.996323
Rwanda,2008,0.0459088,-0.2446266,-0.2487036,-0.4219929,-0.5615977999999999,-0.9961742
Rwanda,2009,0.0325468,-0.2354249,-0.2193690999999999,-0.397351,-0.6241734999999999,-1.0240528
Rwanda,2010,0.2778291,-0.1329287999999999,-0.2188587,-0.2827636,-0.4603771,-1.0672279
Rwanda,2011,0.2939461,-0.1196507,-0.3008288,-0.1855541,-0.4166968,-1.0485036
Rwanda,2012,0.4271323999999999,-0.0899577999999999,-0.2583623,-0.1555961,-0.3228854,-0.8921912
Rwanda,2013,0.4277974,-0.0092550999999999,-0.3090064999999999,-0.0719828,-0.2889095,-0.8711293999999999
Rwanda,2014,0.4896226999999999,-0.0403257,-0.1267104,0.1192636,-0.2189234,-0.8046126
Rwanda,2015,0.5000821,-0.0496198,0.0986635999999999,0.1710905999999999,-0.1582498,-0.8067160999999999
Rwanda,2016,0.5807531,0.1202434,-0.0457773,0.1543532,-0.1233215,-0.8196129999999999
Rwanda,2017,0.5061897,0.316719,0.094453,0.1740956,-0.1386349999999999,-0.7978938
Rwanda,2018,0.4362084,0.2772379,0.1598446,0.1225588,-0.1434138999999999,-0.7281791
Rwanda,2019,0.4520132,0.2289517999999999,0.1216069999999999,0.1094639999999999,-0.14057,-0.7025827
Rwanda,2020,0.5134655,0.2606136,0.1600852999999999,0.1214715,-0.0314872999999999,-0.7112164
Rwanda,2021,0.4694992,0.2102833999999999,0.1152329999999999,0.1620438,0.0190329,-0.5382498
Rwanda,2022,0.5279543999999999,0.3684478,0.0294568999999999,0.1548275,0.0067627,-0.5424730999999999
Rwanda,2023,0.6808504,0.4086662,0.0380222999999999,0.2251969999999999,0.0714762,-0.5271148999999999
Rwanda,2024,0.6254936,0.3489076,-0.0436888999999999,0.2696045999999999,0.1002757,-0.5889127
Réunion,2004,0.8150012999999999,0.7699764,0.1459949999999999,0.9729308,0.7307195,0.8030271999999999
Réunion,2005,0.8590846999999999,0.2174509999999999,0.4394177999999999,1.4678229,1.0437479,1.2766849999999998
Réunion,2006,0.8672683,0.2145048,0.7157169999999999,1.4640353,1.0411164,1.2873805
Réunion,2007,0.8614064,0.2189602,0.723129,1.4706297,1.046304,1.2842835
Réunion,2008,0.8629646,0.2224353999999999,0.4504051,1.4677051,0.7863873,1.2817518
Réunion,2009,0.8629097,0.2345697,0.4611541999999999,1.4637871,0.7805983999999999,1.2822531
Réunion,2010,0.8638503,0.2368724999999999,0.4506688,1.4639385,0.7788885999999999,1.2793424
Réunion,2011,0.8614942,0.2355177,0.441133,1.4650118,0.7934275,1.2845797
Réunion,2012,0.8565980999999999,0.2358588999999999,0.4401265,1.4532839,0.7878883999999999,1.2802137999999998
Réunion,2013,0.8569702,0.2362399999999999,0.4370507999999999,1.4515456,0.7755074,1.2737837
Réunion,2014,0.5405831,1.1121628,0.2966689,1.0924802,1.0935737,1.2807051
Réunion,2015,0.5444724,1.1093212,0.2943098,1.1035494,1.0990879,1.2824591
Réunion,2016,0.5476065,1.110309,0.2884357999999999,1.1061377,1.0999968,1.2802743
Réunion,2017,0.5453642,1.1106297,0.2891555,1.1088764,1.0977725,1.2783749
Réunion,2018,0.5491779999999999,1.1123907,0.294218,1.1100024,1.0999657,
Réunion,2019,0.5544325,1.1141072,0.2957374,1.1130552,0.8729102999999999,
Réunion,2020,0.5557527999999999,1.109205,0.2949027999999999,0.6342679,0.6485582,
Réunion,2021,0.5531818,1.1121142,0.2916282,0.6321770999999999,0.6399760999999999,
Réunion,2022,0.5522988999999999,1.1116761,0.2972645,0.6266049,0.6346995999999999,
Réunion,2023,0.5492661999999999,0.7690129,0.0565709999999999,0.6271987,0.6332641,
Réunion,2024,0.552188,0.767382,0.0449793999999999,0.6285431,0.6330323,
Samoa,1996,-0.0414835999999999,-0.2734013,1.3209311,0.1128271999999999,0.7273105999999999,0.6935756
Samoa,1998,-0.0459515999999999,-0.2825287999999999,1.3216288,0.135165,0.7223267999999999,0.5737604
Samoa,2000,-0.0590150999999999,-0.2793718,1.1101278,0.1412458,0.7190493,0.7351459
Samoa,2002,-0.0682631,-0.2791206,0.901918,0.1503836999999999,0.7231685,0.6537417999999999
Samoa,2003,-0.0714178,-0.2919728,1.1078116,0.150443,0.7214157999999999,0.6599492
Samoa,2004,-0.1683445999999999,-0.2730692,0.8556429,-0.067075,0.5341589,0.6228672
Samoa,2005,0.2719079,0.0808821,1.0518826,0.2383088,1.0764724,0.752199
Samoa,2006,0.2775284,0.0080041,1.0543719,0.0642858999999999,0.9832823,0.6691401
Samoa,2007,0.2735024,-0.008701,0.9667139,0.067235,0.9851579,0.6200167999999999
Samoa,2008,0.2745725,-0.0062439999999999,1.0579764,-0.144098,0.8857569,0.5671839
Samoa,2009,0.206813,-0.0183815,0.9721693,-0.02129,0.7590348,0.5341254
Samoa,2010,0.1834923,-0.0602476,0.8057584999999999,-0.0255692,0.8244372,0.4667688
Samoa,2011,0.1821441,-0.0422035,0.9610651,-0.0962847999999999,0.8367738,0.4412143
Samoa,2012,0.1793426,-0.042004,0.9605068,-0.1001890999999999,0.8353596,0.4025356
Samoa,2013,0.1795554999999999,0.0167872,0.958801,0.004667,0.8321985,0.4150676
Samoa,2014,0.1770584999999999,0.6297671,1.0732123999999998,-0.0360375,0.9134044,0.4071674999999999
Samoa,2015,0.1792839,0.6281051,1.071904,0.0464778999999999,0.9148122,0.4252301
Samoa,2016,0.1887409,0.8251774,1.0686461,0.0804622,0.977166,0.4647569
Samoa,2017,0.6157976,0.8254041999999999,1.0690453,0.081508,0.9765832,0.4622821
Samoa,2018,0.618417,0.8266492,0.9953036,0.0819379,0.9212628,0.7779725
Samoa,2019,0.6220257,0.5845121,1.1468478,0.0037792999999999,1.1592019999999998,0.8423647
Samoa,2020,0.8109135,0.5102513,1.1753028,-0.07753,1.164435,0.8745934999999999
Samoa,2021,0.7667535999999999,0.512308,1.1396511,-0.1687488999999999,1.0545903,0.8153309
Samoa,2022,0.7661608999999999,0.2181468999999999,1.2343417,-0.1950638999999999,1.0470005,1.0897941
Samoa,2023,0.8188681999999999,0.4195589999999999,1.2435234,-0.1697431999999999,1.0530364,1.0723236
Samoa,2024,0.6881136999999999,0.4344899,1.2384522999999998,-0.1017378999999999,1.0529651,0.8878885
San Marino,1996,,,,,0.9038562,1.3607439
San Marino,1998,,,,,0.8818861,1.3586792
San Marino,2000,,,,,0.8674379,1.3598415
San Marino,2002,,,,,0.8855968,1.2878896
San Marino,2003,,,0.9514154,,0.8778703999999999,1.2438574999999998
San Marino,2004,,,0.9474922,,0.8716771999999999,1.2239932999999998
San Marino,2005,,,0.9705879,,1.3900983999999998,1.2620995
San Marino,2006,,,0.9803401,,1.3873735,1.2691044
San Marino,2007,,,0.9964451,,1.3927451,1.2670761
San Marino,2008,,,0.9944616,,1.3877796,1.2654179
San Marino,2009,,,1.5889495,,1.3817853,1.2657463
San Marino,2010,,,1.5781203,,1.3800148,1.2638399
San Marino,2011,,,1.5682717,,1.3950696,1.26727
San Marino,2012,,,1.5672321,,1.3893339999999998,1.2712867
San Marino,2013,,,1.5640556,,1.3765136,1.2670753
San Marino,2014,,,1.5750282,,1.3829867,1.2716085
San Marino,2015,1.1685187,1.4535264,1.3290711,0.8667549999999999,1.6705872,1.2727572
San Marino,2016,1.1716528,1.4545142,1.3245352,0.8693432999999999,1.6711104,1.1870952
San Marino,2017,1.1694105,1.454835,1.3250909,0.8720819,1.6698301,1.1858512
San Marino,2018,1.1732244,1.456596,1.3290002,0.8732078999999999,1.6178207999999998,1.1601839
San Marino,2019,1.1784788,1.4583123999999998,1.2066983999999998,0.8762608,1.6176246,1.1593688
San Marino,2020,1.1797991,1.4534103,1.2062355,0.8710627999999999,1.4570337,1.158219
San Marino,2021,1.1772281,1.4563194,1.2044193,0.868972,1.4510364999999998,1.1502395
San Marino,2022,1.1763452,1.1591046,1.3786309,0.8633997999999999,1.2429348,1.2498873
San Marino,2023,1.1733125,0.8988600999999999,1.3791391,0.8639935,1.4100336,1.2472938999999998
San Marino,2024,1.1762344,0.8976214,1.3727102,0.8653379999999999,1.1578037,1.2458759
Saudi Arabia,1996,-0.3817723999999999,-0.3029637,-0.3004147,-0.3620158,0.208554,-1.9615461
Saudi Arabia,1998,-0.3830383,-0.3071658,-0.0992155,-0.2693391,0.0290436,-1.9746164
Saudi Arabia,2000,-0.3867393999999999,-0.3057124,0.1175780999999999,-0.0587033999999999,-0.2357497999999999,-1.9607526
Saudi Arabia,2002,-0.0396103,-0.5506885,-0.0650862,-0.2456209999999999,-0.1461614,-1.8257112
Saudi Arabia,2003,-0.2735569,-0.5549181,0.0638615,-0.1704605,-0.1080763999999999,-1.8319071
Saudi Arabia,2004,-0.4781623,-0.5261233,-0.858023,-0.0935170999999999,-0.0826524999999999,-1.5758816
Saudi Arabia,2005,-0.4021855,-0.4659579,-0.4301624,-0.0157996,-0.2342861,-1.6005764
Saudi Arabia,2006,-0.3260850999999999,-0.1934411999999999,-0.6082641999999999,-0.0911401,-0.1296676,-1.569683
Saudi Arabia,2007,-0.3219808,-0.1403004,-0.5518748,0.0553877,-0.157464,-1.5254976
Saudi Arabia,2008,-0.2015153999999999,-0.0728211,-0.3527902,0.2717268,-0.1910939999999999,-1.5503509
Saudi Arabia,2009,-0.2616499,-0.0481148,-0.7085467,0.263414,-0.3044325,-1.6622034
Saudi Arabia,2010,-0.1216643999999999,0.0891481,-0.2951863999999999,0.3480315,-0.1795887,-1.6313921
Saudi Arabia,2011,-0.2131986,0.0088158,-0.5129412999999999,0.3943428,-0.1576511,-1.6870184
Saudi Arabia,2012,-0.1950621,-0.0069961999999999,-0.5972185,0.2391932,-0.1861432999999999,-1.7097939999999998
Saudi Arabia,2013,-0.1775677,-0.0761056,-0.660277,0.2721716,-0.2026797,-1.76049
Saudi Arabia,2014,-0.2508778,0.075289,-0.3086264999999999,0.1946553,-0.434598,-1.7568796999999998
Saudi Arabia,2015,-0.1409920999999999,0.0852228999999999,-0.4683535,0.2373093999999999,-0.267793,-1.585512
Saudi Arabia,2016,0.1203848999999999,0.2818788,-0.5059085,0.1880057,-0.1999815999999999,-1.5943518
Saudi Arabia,2017,0.1100010999999999,0.1769432,-0.6675063999999999,0.1004203999999999,-0.3327389,-1.6228484
Saudi Arabia,2018,0.1556309,0.2655112,-0.5983975,0.0805221,-0.2326451,-1.6111073
Saudi Arabia,2019,0.2130275999999999,0.2619249999999999,-0.5528727,0.1793191999999999,-0.1695694999999999,-1.5285316999999998
Saudi Arabia,2020,0.32153,0.1079226,-0.5528267,0.1732095,-0.1793363,-1.5444152999999998
Saudi Arabia,2021,0.2365231,0.3884751999999999,-0.4672131,0.3876301,-0.1658751,-1.5214302
Saudi Arabia,2022,0.2767396,0.5143289,-0.3617761,0.554186,0.0393234,-1.5108798
Saudi Arabia,2023,0.4769529999999999,0.725856,-0.2452065,0.6101082999999999,0.1165635,-1.562289
Saudi Arabia,2024,0.7528275,0.7833015999999999,-0.048171,0.7102575,0.2103548999999999,-1.5472609
Senegal,1996,-0.0413473,-0.3029637,-0.7900486999999999,-0.2374814999999999,-0.0853833,-0.1069992999999999
Senegal,1998,0.1549906,-0.5776808999999999,-0.9023783,-0.1448047999999999,-0.0474739999999999,-0.2139298
Senegal,2000,0.1512895,-0.5762275,-0.5885307,-0.1420157,-0.0454952,-0.0419962
Senegal,2002,0.3635809,-0.5402625,-0.4819276999999999,-0.0990321,0.0311347999999999,0.2043079
Senegal,2003,-0.1646497999999999,-0.7534934999999999,-0.4774697,-0.2573671,-0.1818951,0.1382624
Senegal,2004,-0.1539578999999999,-0.6247635,-0.1980260999999999,-0.3846815999999999,-0.1369852,0.1603201
Senegal,2005,-0.1842272999999999,-0.5398674,-0.2606176,-0.3173221,-0.0277204,0.1689727
Senegal,2006,-0.2938212,-0.5239389,-0.2918745,-0.4059009,-0.2240603,0.0745286
Senegal,2007,-0.3662596999999999,-0.4434195999999999,-0.2134309999999999,-0.4223972,-0.1772970999999999,-0.1565268
Senegal,2008,-0.3730448999999999,-0.268235,-0.1839308,-0.3152857,-0.2180774999999999,-0.2124075
Senegal,2009,-0.4445787,-0.3410829999999999,-0.0273215,-0.364481,-0.2903716,-0.2310781999999999
Senegal,2010,-0.5598176,-0.2855436,-0.4324971999999999,-0.3780439,-0.3419317,-0.2539060999999999
Senegal,2011,-0.3719629,-0.250523,-0.333963,-0.3260214999999999,-0.3452903,-0.2735803
Senegal,2012,-0.2609003,-0.2399599999999999,-0.1570391,-0.246143,-0.2019456,-0.062545
Senegal,2013,-0.2217898999999999,-0.1805346,-0.0972566,-0.2291162,-0.2085281,-0.0133834
Senegal,2014,0.0356099999999999,-0.1242113,-0.0890915999999999,-0.2657641,-0.1359198,0.0533403999999999
Senegal,2015,0.0806390999999999,-0.1627129,-0.0746024,-0.1568485,-0.1373394,0.1225947
Senegal,2016,0.0315258,-0.184756,-0.2221015999999999,-0.1640727,-0.0666168,0.1721576
Senegal,2017,-0.0177432,-0.029733,-0.1422197,-0.1871296999999999,-0.1295831999999999,0.0625102
Senegal,2018,0.0271111,-0.0860240999999999,-0.1420966,-0.2225558,-0.1376841,0.0870299
Senegal,2019,-0.0003286999999999,0.1244276999999999,0.0630715999999999,-0.2066424,-0.111789,0.0547521
Senegal,2020,-0.0155587,0.0852361,-0.0271012,-0.2418203,-0.0993883,0.0435201
Senegal,2021,0.0360917,0.1309277999999999,-0.1040585,-0.2406738,-0.1485159,0.0312057
Senegal,2022,0.0169424,0.1203621,-0.2028622,-0.2513172999999999,-0.1356248,0.0142738999999999
Senegal,2023,0.0381077,0.1516215,-0.1534325,-0.2661232,-0.1703347999999999,-0.0061603
Senegal,2024,0.1130413,0.2344127,-0.2285559999999999,-0.2416444999999999,-0.2046739,0.0160801
Serbia,1996,-1.0351882,-0.5406548,-1.3351476,-1.4288693,-1.1833661,-1.380423
Serbia,1998,-1.2904086,-0.8450595999999999,-1.949659,-1.7957881,-1.2795018,-1.193156
Serbia,2000,-1.1701307,-0.8473972999999999,-1.7933712,-1.8796329,-1.4088404,-0.9206528
Serbia,2002,-1.165171,-0.4634859,-0.6071111,-0.9154822,-0.8909288999999999,-0.2992384999999999
Serbia,2003,-0.749599,-0.615935,-0.6791377,-0.9178804,-0.877199,-0.3040542
Serbia,2004,-0.609888,-0.282202,-0.6087726999999999,-0.6598565,-0.7451272,-0.2299163
Serbia,2005,-0.6247596999999999,-0.4140273,-0.7386035999999999,-0.7171181999999999,-0.8771274,-0.1912697
Serbia,2006,-0.2366528,-0.3385076999999999,-0.5940373,-0.5817702,-0.4331321999999999,0.2517474
Serbia,2007,-0.3109326,-0.3493064999999999,-0.3876119,-0.4205512999999999,-0.2645811999999999,0.328277
Serbia,2008,-0.310971,-0.3257368,-0.2439040999999999,-0.4003176,-0.3819132999999999,0.280667
Serbia,2009,-0.3340540999999999,-0.2327864999999999,-0.2142355,-0.3494237,-0.4117213999999999,0.3129287
Serbia,2010,-0.3659137999999999,-0.2327325999999999,-0.2219433999999999,-0.2818969,-0.4156392,0.2638233
Serbia,2011,-0.3321697,-0.2899811,-0.1961186999999999,-0.2779936,-0.2316858,0.258274
Serbia,2012,-0.392706,-0.2926171999999999,-0.1119391,-0.2769224999999999,-0.2133225,0.0987383999999999
Serbia,2013,-0.3686590999999999,-0.2470451,-0.0234258,-0.2482646999999999,-0.203697,0.1433921
Serbia,2014,-0.2208569,0.1058442999999999,0.1732464,0.0017785,-0.0706309,0.125625
Serbia,2015,-0.3238735,-0.0428976,0.2787873999999999,0.0774729,-0.0388041,0.1127889
Serbia,2016,-0.3507415,0.0587501,0.1629002,-0.0089099,-0.0692373,0.1008580999999999
Serbia,2017,-0.4082155999999999,0.1137012999999999,0.1168497,0.0175700999999999,-0.100076,-0.0274908
Serbia,2018,-0.3869521999999999,0.1424118,0.1163728,0.0896661,-0.0999067999999999,-0.1790806999999999
Serbia,2019,-0.3635548,0.0665414,0.0620767,0.064278,-0.0652981,-0.1847773
Serbia,2020,-0.3682278,0.0476746,-0.0681568,0.0652905,-0.1348535,-0.1971568
Serbia,2021,-0.4707878,0.0628473,-0.0436914,0.0556174,-0.1926347,-0.2621982
Serbia,2022,-0.4849048999999999,0.1788278999999999,-0.0525867,0.0892565999999999,-0.1559554,-0.2834019
Serbia,2023,-0.501692,0.1035439,0.0879568999999999,0.0850626999999999,-0.1840377,-0.3760322
Serbia,2024,-0.5608287,0.1019486,-0.1686389999999999,0.07835,-0.2000778,-0.4658584
Seychelles,1996,0.640072,0.7592137,0.7706073,0.1740608,0.4589395,-0.0359962999999999
Seychelles,1998,0.6372964999999999,0.7500861,0.7672283,0.2049493,0.4515676999999999,-0.0291239999999999
Seychelles,2000,0.6291815,0.7532430999999999,1.0050037,0.2133576999999999,0.4654232,-0.0608774999999999
Seychelles,2002,0.6681958,0.7534943,0.7486297,0.4035897,0.4813133,0.1263661999999999
Seychelles,2003,0.7274069999999999,0.7406421999999999,0.4447376999999999,0.5812674999999999,0.5437377999999999,0.0488713999999999
Seychelles,2004,0.2196210999999999,0.2778055,0.4769821999999999,-0.4123128,0.4574303999999999,0.2586537
Seychelles,2005,0.1121234,0.3379987,0.7634168,-0.1793751999999999,0.4114195,0.2663674
Seychelles,2006,0.1146319,0.3364771,0.8025654999999999,-0.1808495,0.3031967,0.3340177
Seychelles,2007,0.1128349999999999,0.3387780999999999,0.7385402,-0.0292218,0.3921315999999999,0.2730565
Seychelles,2008,0.1133126999999999,0.3405729,0.7046564,-0.1183679,0.3259884,0.2340811
Seychelles,2009,0.4120841999999999,0.5982831,0.6419829,0.0987584,0.1962254,0.2364706999999999
Seychelles,2010,0.4410844,0.5994724,0.8564803999999999,0.2164882,0.1074652,0.2527833
Seychelles,2011,0.4403622,0.5987726999999999,0.7752840999999999,0.1472836,0.1120002,0.1595657
Seychelles,2012,0.4106607,0.710415,0.7257334,0.1804289,0.1387237999999999,0.1537598
Seychelles,2013,0.4170086,0.6404284,0.7331354,0.1191899,0.1582385,0.0914345
Seychelles,2014,0.4713108,0.5730461,0.4579185999999999,-0.0884944,0.140185,0.072685
Seychelles,2015,0.9238577,0.6575774999999999,0.7647495,0.2833423,0.2919363,0.2346279
Seychelles,2016,0.9114965,0.8131033999999999,0.7625993999999999,0.2523062,0.337312,0.3035302
Seychelles,2017,0.7220791,0.6187826,0.813523,0.1296569,0.2519102,0.2947311999999999
Seychelles,2018,0.8163729,0.6505108,0.7800693,0.2527705,0.4346563,0.3385322
Seychelles,2019,1.0734136,0.5618506999999999,0.6921847999999999,0.2743209,0.4330134,0.3516215
Seychelles,2020,1.1448063,0.4965413999999999,0.727409,0.2729044,0.532971,0.6013803
Seychelles,2021,1.1441374,0.5612214999999999,0.7262103999999999,0.2723347,0.5521391999999999,0.6802368
Seychelles,2022,1.1495314,0.4110746999999999,0.8411889,0.3267766,0.5983145999999999,0.6695352
Seychelles,2023,1.151735,0.5293894,0.9207856,0.4281496999999999,0.5546447,0.6358142999999999
Seychelles,2024,1.2307957,0.6267672,0.9164443,0.3896740999999999,0.5968987,0.6343652
Sierra Leone,1996,-0.6468024,-1.6444592999999998,-2.0497807999999997,-1.857937,-1.2382042,-0.7449655
Sierra Leone,1998,-0.6643678,-2.0341809,-2.3147306999999997,-1.9768125,-1.1025619,-1.0597729
Sierra Leone,2000,-0.6703916,-2.0321191,-2.1835343,-1.8364708,-1.0881172,-1.1841364
Sierra Leone,2002,-0.8043632,-2.0748084,-0.9877052,-1.3890848,-1.4871972,-0.5841054
Sierra Leone,2003,-0.8124904,-2.0814973,-1.0119464,-1.3890566,-1.1649922,-0.4790278999999999
Sierra Leone,2004,-0.8325731,-1.389721,-0.4071344999999999,-1.2129633,-1.0284067,-0.2130391999999999
Sierra Leone,2005,-1.0388939,-1.3399957999999998,-0.4322689999999999,-1.1531479,-0.9601967,-0.3148369
Sierra Leone,2006,-1.0120347,-1.1966279,-0.2419056,-1.1403425,-0.8718921,-0.2681743
Sierra Leone,2007,-0.9569309,-1.140469,-0.1552927,-1.1248515,-0.8570137999999999,-0.2574513
Sierra Leone,2008,-0.8908092999999999,-1.1735954,-0.2786600999999999,-1.1102816,-0.8640352,-0.2080869
Sierra Leone,2009,-0.7565101,-1.1859345,-0.2743475999999999,-0.9901454,-0.8375956,-0.2436421
Sierra Leone,2010,-0.6318848,-1.1431255,-0.237476,-0.9567519,-0.8366323,-0.1624999
Sierra Leone,2011,-0.6666656,-1.1333977,-0.2639912,-0.9394812,-0.783612,-0.1979562
Sierra Leone,2012,-0.7690941,-1.1025719,-0.2587444,-0.9477216,-0.741593,-0.2777739999999999
Sierra Leone,2013,-0.8015966999999999,-1.1086375,-0.10195,-0.9327458,-0.8619589,-0.3239801
Sierra Leone,2014,-0.8422333,-1.0481377,-0.1346918,-0.8893696999999999,-0.8944078999999999,-0.3024332
Sierra Leone,2015,-0.7988086,-1.1514848,-0.0242965,-0.9245604,-0.7893207999999999,-0.3719872999999999
Sierra Leone,2016,-0.8266361999999999,-1.0441405,-0.2703676,-0.9135743,-0.8024905,-0.3765799999999999
Sierra Leone,2017,-0.6651075,-1.0168171,-0.1470976,-0.918734,-0.7575713,-0.374755
Sierra Leone,2018,-0.5315771,-0.9745858,-0.2065515,-0.9175513,-0.7366847999999999,-0.272627
Sierra Leone,2019,-0.5128984999999999,-1.043917,-0.1611098,-0.8912399999999999,-0.7819421999999999,-0.3193403999999999
Sierra Leone,2020,-0.4611415,-0.9569812,-0.3669002999999999,-0.9046862,-0.6747383,-0.2710645
Sierra Leone,2021,-0.4780029999999999,-1.0121827,-0.2367225,-0.9134767,-0.7591209999999999,-0.2795539999999999
Sierra Leone,2022,-0.5533309,-0.9583479,-0.2654268999999999,-1.005435,-0.7806301,-0.306625
Sierra Leone,2023,-0.5686789999999999,-0.9544905,-0.5558929,-0.9992935,-0.8268953,-0.4656833999999999
Sierra Leone,2024,-0.7022841999999999,-0.9671017,-0.4501536,-1.0589263,-0.8385756,-0.5129398
Singapore,1996,1.9582214,2.2336614999999997,1.1704541,1.8639948,1.4214369,0.2958286
Singapore,1998,1.8735456,2.3094802,1.007567,1.883005,1.3643448,0.2887718999999999
Singapore,2000,1.9003615,2.3451858999999997,1.1045471999999998,2.1066061,1.4658514,0.2235622
Singapore,2002,2.1109511999999997,2.067514,1.1440472,2.0396337,1.4336101,0.21606
Singapore,2003,2.1045874,2.0823753,0.8806358,2.0697739,1.4774891,0.1296034
Singapore,2004,2.0039426,2.1566810999999997,1.0349931,1.8895436,1.5013678,-0.0982775999999999
Singapore,2005,2.0030373,2.1744068,1.1381609,1.9437505,1.5198855,0.0542111
Singapore,2006,2.1499328,2.1986117,1.2280811,1.9733365,1.4382899999999998,0.0142309
Singapore,2007,2.1699161,2.2797329,1.1413902,2.0657181,1.419882,0.0484647999999999
Singapore,2008,2.1684032,2.2929988999999997,1.2892238,2.0882662,1.4183268999999998,0.0889982
Singapore,2009,2.1408814,2.1610476999999997,1.2287248,1.9625852,1.3783538,0.1351534
Singapore,2010,2.07204,2.1773529,1.1901335,2.0047029,1.3929086,0.1189071999999999
Singapore,2011,2.0725464,2.1271599,1.1188701,1.9447456,1.4205904,0.2072892999999999
Singapore,2012,2.0881784,2.2446934,1.256811,2.1253998,1.5532142999999998,0.3394907
Singapore,2013,2.0543133,2.1745281,1.232658,2.0879315,1.4835114,0.3004291
Singapore,2014,2.0560463,2.1621771,1.0665318,2.1611903999999997,1.5393572,0.3198239
Singapore,2015,2.0799858,2.1874773,1.1123429,2.2303413,1.5460708,0.3248838
Singapore,2016,2.1044197,2.2456126999999997,1.2788614,2.1984368,1.5473758,0.3450853
Singapore,2017,2.1125051999999997,2.2158807,1.3859813,2.1489543,1.49284,0.2550721999999999
Singapore,2018,2.1254362,2.2170172,1.2994328,2.1367938,1.5337126,0.2449759
Singapore,2019,2.1188705,2.2442216,1.2580714,2.1809946,1.5263702,0.1894806
Singapore,2020,2.1272918,2.2154522,1.2855556,2.1222024,1.4703849,0.1525296
Singapore,2021,2.0800635,2.2180671,1.2816641,2.1352444,1.4327468,0.1598960999999999
Singapore,2022,2.0329943,2.2013027,1.164789,2.049181,1.4279068,0.1532995999999999
Singapore,2023,1.9240956,2.2622865,1.2040374,2.1295346,1.4244438,0.0695153999999999
Singapore,2024,1.9681221,2.2796267,1.2318778,2.1321197,1.4311756,0.0382995999999999
Slovak Republic,1996,0.3681125999999999,0.4972183,1.0671571,0.0805699,0.2522073999999999,0.6272182
Slovak Republic,1998,0.4457631999999999,0.3560651999999999,1.2521788,0.2451240999999999,0.2053052,0.7687615999999999
Slovak Republic,2000,0.3704864,0.5075292,0.8799863,0.3452865,0.2344934,0.8297605
Slovak Republic,2002,0.0410617999999999,0.3858459999999999,1.0121181,0.8125298999999999,0.2501826,0.7611654
Slovak Republic,2003,0.2910522,0.5256976999999999,0.9388736,1.0261829,0.3264894,0.8613242
Slovak Republic,2004,0.3615812,0.7232276999999999,0.5309545999999999,1.1272442,0.300885,0.8339641999999999
Slovak Republic,2005,0.4467467,0.8709154,0.9433959,1.2054326,0.4029232,0.927386
Slovak Republic,2006,0.4786728999999999,0.7019392999999999,0.8660439,1.1492357,0.4303149,0.974174
Slovak Republic,2007,0.3825594,0.5945746,1.1269348,1.061458,0.397177,0.972359
Slovak Republic,2008,0.3196222999999999,0.6389642,1.1240183,1.0827558,0.4701102,0.9733411
Slovak Republic,2009,0.1802110999999999,0.6598655,0.9286424,1.0313574,0.3774134999999999,0.9435077
Slovak Republic,2010,0.2279608,0.4626046,1.12655,0.9984709,0.2706597,0.9032082
Slovak Republic,2011,0.2279303,0.4763801,0.9502652,0.968592,0.3221474,0.9626315
Slovak Republic,2012,0.1773254,0.5189098999999999,1.0152253,0.9748175,0.3349535999999999,0.9373344
Slovak Republic,2013,0.1495037,0.4696274,1.0379263,0.8521622999999999,0.3144728,0.9414705
Slovak Republic,2014,0.1860971,0.7131474,1.1421663,0.7273531,0.2201051,0.9282831
Slovak Republic,2015,0.192681,0.6446273,0.944233,0.7078663,0.2446535,0.925632
Slovak Republic,2016,0.2841166,0.7302474999999999,0.7354497,0.8392119,0.2743489,0.9270088
Slovak Republic,2017,0.2266168999999999,0.5705986,0.8542516,0.7416212,0.2586648,0.8412265
Slovak Republic,2018,0.2640599999999999,0.5296453,0.7129563999999999,0.6851503,0.3056610999999999,0.7278694
Slovak Republic,2019,0.2499711999999999,0.4384096999999999,0.6744971,0.7272442,0.3671757,0.8762439
Slovak Republic,2020,0.4197316,0.6975922,0.6167176999999999,0.6096001999999999,0.5265879,0.9881907
Slovak Republic,2021,0.3575001,0.7366756999999999,0.5857562,0.7412158,0.7070856,0.9886718
Slovak Republic,2022,0.3774852999999999,0.7960113,0.5294743,0.7261799,0.5921835,0.9497804
Slovak Republic,2023,0.3846188,0.5846525,0.5856273,0.5372918,0.5534477999999999,0.972897
Slovak Republic,2024,0.1108200999999999,0.6575804,0.6343713,0.4047054,0.5609434999999999,0.9301839
Slovenia,1996,1.3623532,0.7741882999999999,1.2874689,0.6940476999999999,1.0563444,1.2643576
Slovenia,1998,1.2885431,0.5012432,1.3065823,0.8117076,1.2353201,1.1887638
Slovenia,2000,0.8333011,0.4727281,1.1189496,0.6194031,0.9624453,1.0713771
Slovenia,2002,0.7811224999999999,0.6521271,1.3176682,0.8165348,0.8225524,1.0255204
Slovenia,2003,0.7897525,0.8180105,1.1458901,0.8902951,0.8221717,1.0177976
Slovenia,2004,0.8698541999999999,0.7788662,0.9460107,0.7743764999999999,0.72852,0.9702813
Slovenia,2005,0.8361885,0.7518842,1.1193612,0.7821715,0.7667151999999999,1.0334785
Slovenia,2006,0.9608579,0.7848765,1.1268888,0.8533908,0.7885344,1.0892524
Slovenia,2007,0.9858268,0.7581241,1.1909245,0.9051826,0.8642422,1.0606952
Slovenia,2008,0.8826006,0.9823881,1.2184658,0.9187388,0.869983,1.0062458
Slovenia,2009,0.9078798,1.0084685,1.1668873,0.9919833,0.861806,1.0230593
Slovenia,2010,0.7280641999999999,0.7931020999999999,1.0753011,0.8166175999999999,0.8289310999999999,1.0182862
Slovenia,2011,0.6998632,0.8262377,1.1136359,0.7441692999999999,0.7793555999999999,1.0168339
Slovenia,2012,0.6842766,0.8612844,0.9825256,0.6434133,0.7982102999999999,0.9151135
Slovenia,2013,0.6001871999999999,0.8307888999999999,0.8890197,0.6176146,0.7389481,0.8805082999999999
Slovenia,2014,0.6036712,1.0300379,1.054531,0.5399771,0.8102132999999999,0.8383033999999999
Slovenia,2015,0.6575394,1.0221829,1.0294179,0.574156,0.8075466,0.8823261
Slovenia,2016,0.7620923,1.2000081,1.0204175,0.6430131,0.8161277,0.9044433
Slovenia,2017,0.7942102,1.2399184,0.9455099,0.6069226,0.7256836999999999,0.9164126
Slovenia,2018,0.8195819999999999,1.3001456999999998,0.9840178,0.6514111,0.7585508,0.873193
Slovenia,2019,0.848482,1.2721351,0.9481029,0.8847727999999999,0.9164028,1.0296094999999998
Slovenia,2020,0.7760206,1.3704336,0.7478672,0.8216028999999999,0.9364183,1.0295399
Slovenia,2021,0.6986582,1.3440925,0.7356372,0.8294744,0.9260486,0.9366208
Slovenia,2022,0.7480799,1.2580894,0.7749516,0.7372169,0.9211902,0.9757445
Slovenia,2023,0.6814998999999999,1.1624609,0.8589449,0.7953112999999999,0.9707915,1.0261192
Slovenia,2024,0.6743494999999999,1.0893351,0.7209146,0.798163,0.9786636,1.0571494
Solomon Islands,1996,0.4161940999999999,,0.7143105,,0.8129293,0.5555879
Solomon Islands,1998,0.4104456999999999,,0.5215457,,0.7761888,0.4893520999999999
Solomon Islands,2000,-0.0482311999999999,,-0.8014017999999999,,0.4058955999999999,0.0190157
Solomon Islands,2002,-0.0632192,,-0.523181,,0.7250730999999999,0.1886745
Solomon Islands,2003,-0.0672779,,-0.0035900999999999,,0.7597623,0.0953376
Solomon Islands,2004,-0.19366,-1.0657837,-0.2353602,-0.9931827,-0.3050986,-0.1774972
Solomon Islands,2005,-0.0437549,-0.7548241,-0.1584655999999999,-1.1680705,-0.5301842999999999,-0.0408478
Solomon Islands,2006,-0.2837935,-0.8277021999999999,-0.0672793,-1.2491892999999998,-0.5575441999999999,-0.0332484
Solomon Islands,2007,-0.4805075,-0.9444347,0.1237461,-1.1913659,-0.5856523,-0.0692069999999999
Solomon Islands,2008,-0.4231645,-0.9518203,0.1231216,-1.2278383,-0.4559442999999999,-0.0951569999999999
Solomon Islands,2009,-0.3177362999999999,-0.8732555,0.3268674,-1.2631926,-0.5710514999999999,-0.0144193999999999
Solomon Islands,2010,-0.4115359999999999,-0.9125086,0.3572344,-1.1934804,-0.4768434,-0.0392355999999999
Solomon Islands,2011,-0.4275878999999999,-0.8613809,0.3523932999999999,-1.0565406,-0.4165570999999999,-0.0706630999999999
Solomon Islands,2012,-0.4011688,-0.8057801,0.3518822,-1.0526396,-0.3937686999999999,-0.0181884
Solomon Islands,2013,-0.4050308999999999,-0.8641253999999999,0.3503208,-1.0482396,-0.3963761999999999,-0.0115585999999999
Solomon Islands,2014,-0.3998249,-0.8833666,0.5553271,-0.9866655,-0.2321864,0.0214165999999999
Solomon Islands,2015,-0.4012117,-0.8850285999999999,0.6020152999999999,-0.9138238,-0.2315499,0.0358826
Solomon Islands,2016,-0.4109498,-0.8844508999999999,0.3605959999999999,-0.9129622,-0.2050642999999999,0.0486341999999999
Solomon Islands,2017,-0.1494384,-1.0855854,0.1156377,-0.9120505,-0.2008667999999999,0.0611211
Solomon Islands,2018,-0.1478206,-1.1009813,0.3816525,-0.9116756,-0.1622764,0.1438423
Solomon Islands,2019,0.0004546,-0.9726212,0.4195676,-0.7506683,-0.0826312,0.279918
Solomon Islands,2020,-0.0256466,-0.976087,0.5368126,-0.9113021,0.2111307999999999,0.1689189999999999
Solomon Islands,2021,-0.1748432,-1.1196101,0.4456004999999999,-1.057786,0.0153529999999999,0.3280919
Solomon Islands,2022,-0.1752124,-0.9101515,0.7315157,-1.059641,0.1473971,0.2604925999999999
Solomon Islands,2023,-0.1764808,-0.9093907,0.7318958,-1.0594433,0.1522162,0.2523343
Solomon Islands,2024,-0.1401036,-0.8686191999999999,0.7499116,-0.888466,0.1533565,0.3267325
South Africa,1996,0.8660994999999999,0.6157009999999999,-0.5604914,0.1770942999999999,-0.0116072,0.5174968999999999
South Africa,1998,0.7117397999999999,0.3061487,-0.585965,0.4147874,-0.0081801,0.4613521
South Africa,2000,0.4726791999999999,0.4728977,-0.3188879,0.4823622999999999,-0.0123717,0.5127109
South Africa,2002,0.2011763999999999,0.4291216,-0.3584803,0.8125418999999999,0.0731619999999999,0.5125003
South Africa,2003,0.1374477999999999,0.4573858999999999,-0.2533249999999999,0.8420521999999999,0.0936661999999999,0.5898097
South Africa,2004,0.2207295,0.4701652999999999,-0.0156781,0.6369322,0.1326388,0.658616
South Africa,2005,0.3388716,0.4932407,-0.0157871999999999,0.6342862,0.1783305,0.679299
South Africa,2006,0.4594322999999999,0.382498,-0.0093215,0.7044307,0.3066237,0.7125463999999999
South Africa,2007,0.3081368,0.3321647,0.1867521,0.6390174,0.1587318,0.6564637999999999
South Africa,2008,0.1596049,0.3051167999999999,-0.0131431999999999,0.645614,0.0771777999999999,0.6061818
South Africa,2009,0.1056357,0.3762598,-0.0633762,0.6774741,0.0334806,0.6261158
South Africa,2010,0.093303,0.2719786,-0.0522329999999999,0.7034161,0.065012,0.6248859
South Africa,2011,0.1087564999999999,0.3051973,-0.0426331999999999,0.6548859,0.0107578999999999,0.5570984999999999
South Africa,2012,-0.0291711999999999,0.3162949,-0.1220725,0.6421404,0.0103319,0.5381291
South Africa,2013,-0.0335595,0.3334886999999999,-0.2582732,0.6247043999999999,0.0246889,0.5305200999999999
South Africa,2014,-0.0143828,0.331414,-0.2307109,0.4016639999999999,0.0704603,0.5570579999999999
South Africa,2015,0.0114253999999999,0.2444848,-0.3104761,0.2946623,0.0440534,0.5906812
South Africa,2016,0.0306383,0.2013163,-0.3379116,0.2611304,0.0701133,0.5713649
South Africa,2017,-0.0798663999999999,0.2227717,-0.3828321,0.2296786999999999,0.0143383,0.539157
South Africa,2018,-0.0473417999999999,0.148105,-0.2993831999999999,0.0685404999999999,-0.0683312,0.5306103999999999
South Africa,2019,0.0349803,0.1893814999999999,-0.3382564999999999,0.1187999999999999,-0.0749162,0.4911742999999999
South Africa,2020,0.0256676999999999,0.0953251,-0.2489513,0.0899066999999999,-0.0613794,0.5077726
South Africa,2021,0.0645613,0.0420935,-0.7738081,0.0177391,0.1210744999999999,0.6405126999999999
South Africa,2022,-0.1634734,-0.0015597,-0.6842882,-0.0622982,0.0341024,0.5646216
South Africa,2023,-0.2095917,-0.18467,-0.6397104,-0.06209,0.039525,0.5621695
South Africa,2024,-0.1917927999999999,-0.2259135,-0.6171348,-0.0601163,0.017703,0.6072795999999999
South Sudan,2010,-0.2141740999999999,,,,,
South Sudan,2011,-1.2275676,-1.5763106999999998,-1.5113698999999998,-1.5768821,-1.3454875,-1.2237753
South Sudan,2012,-1.3417825,-1.4942658,-1.4983578,-1.4227969,-1.1549676,-1.2686972
South Sudan,2013,-1.4236144,-1.6555038,-2.0671128,-1.5704737,-1.3517382,-1.4277138
South Sudan,2014,-1.7182797,-1.8301131,-2.5030889,-1.6687592999999998,-1.6791346,-1.517404
South Sudan,2015,-1.7707476999999998,-1.981766,-2.2792733,-1.6736197,-1.6930815,-1.573248
South Sudan,2016,-1.7919554,-2.0530041999999997,-2.33343,-1.7585046999999998,-1.7566012,-1.882177
South Sudan,2017,-1.7562035,-2.1382220999999997,-2.4455519999999997,-1.7947373999999998,-1.7533888,-1.8670114
South Sudan,2018,-1.8304337,-2.0765061,-2.3307387,-1.8857358,-1.8708086,-2.0437826
South Sudan,2019,-1.8861426,-2.0948219999999997,-2.3911458999999997,-1.8807648,-1.8722859,-2.035567
South Sudan,2020,-1.8068367,-2.1630865999999997,-2.1055063,-1.9522498,-1.9075678,-1.9356652
South Sudan,2021,-1.8234318,-2.2425859,-2.2194874,-1.9338545,-1.9778169,-1.942155
South Sudan,2022,-1.861122,-2.2168775,-1.6425543,-1.934717,-1.9298809,-1.9531527
South Sudan,2023,-1.8774177,-2.2060236,-1.5296708,-2.0014186,-2.0001705999999997,-1.855538
South Sudan,2024,-2.0647211,-2.1728459,-1.4896464,-1.9295182,-1.9725304,-1.8916509
Spain,1996,1.5109982,1.3661955,0.1915339999999999,0.8896796,1.3116732,1.2347382
Spain,1998,1.6066403,1.3047026,0.2096704999999999,1.2657651,1.1005825,1.2520308999999998
Spain,2000,1.4831976,1.5699109,0.3156820999999999,1.4144778,1.2249826,1.2723383
Spain,2002,1.5119264,1.7932971,0.2176146,1.4664469,1.1828193,1.2920064
Spain,2003,1.5377704,1.7833135999999998,0.0877584,1.4321992,1.1729301,1.1952362
Spain,2004,1.2365966,1.1933,0.0371024,1.3770323,1.0457913,1.2320466
Spain,2005,1.2563014,1.3037255,0.2617339999999999,1.4363043,1.0487054,1.2141119
Spain,2006,1.1783348,1.0174137,0.1286073999999999,1.2180994,1.1196709,1.247337
Spain,2007,1.0458322,1.1248022,0.0389643999999999,1.2435889999999998,1.1737574,1.3143608999999998
Spain,2008,1.1454928,1.0498806,0.0178462,1.2045792,1.1374418,1.3709445
Spain,2009,1.0216805,0.9351955,-0.0134364999999999,1.1092913,0.9810175,1.3248479
Spain,2010,1.0363797,0.7962866,0.0213026999999999,1.1014722,0.9563535,1.2668047999999998
Spain,2011,1.1180861,0.8760127,0.2026667999999999,0.960889,1.021769,1.1642575
Spain,2012,1.1056885,0.9026107,0.1447380999999999,0.8728117999999999,1.0835763,1.190985
Spain,2013,0.7866618999999999,1.0239507,0.0980042,0.8741688999999999,0.956418,1.0172787
Spain,2014,0.5991782,1.0206256,0.4826214,0.6968841,0.9030126,1.0560853
Spain,2015,0.5903482,1.0684401,0.4353382999999999,0.8044207999999999,0.9539353,1.0971352
Spain,2016,0.6246332,1.0540321,0.425985,0.9625695,1.0063989,1.0954166
Spain,2017,0.5939905,1.0199904,0.280621,0.8867509,1.0251392,1.0725269
Spain,2018,0.7455086999999999,1.0702333,0.3346558,0.8836957,0.992005,1.0560459
Spain,2019,0.8202611,1.118598,0.267048,0.9446573,1.0955949,1.0931769999999998
Spain,2020,0.8309019,1.0477979,0.2956928,0.8370928,0.9801536,1.1589433
Spain,2021,0.8120885999999999,1.1202722,0.3832299999999999,0.9211695,0.9207665,1.1384344
Spain,2022,0.7816744999999999,1.1419015,0.1569761999999999,0.8379078999999999,0.9606357,1.1455667
Spain,2023,0.7395223,1.0779914,0.1484474999999999,0.6947443999999999,0.9304606,1.1523041
Spain,2024,0.7145938,1.110811,-0.002992,0.6208378999999999,0.9317736,1.1484423
Sri Lanka,1996,0.0908216,-0.3029637,-1.8915437,-0.2804661,0.1203902999999999,-0.3413997
Sri Lanka,1998,0.0895557,-0.6073685,-1.6650455,-0.0910463,-0.0780435999999999,-0.3147682
Sri Lanka,2000,-0.0608854,-0.4898791999999999,-1.9678201,-0.1556278999999999,0.0901701999999999,-0.4213310999999999
Sri Lanka,2002,-0.1750525,-0.1141382,-1.0484749,0.1044782,0.2385499999999999,-0.2220561999999999
Sri Lanka,2003,-0.2136698,-0.3891401,-1.0793401,0.0019383999999999,0.1664561,-0.1955927999999999
Sri Lanka,2004,-0.0555028,-0.4611783,-1.1602654,-0.051586,0.1531296999999999,-0.2436627999999999
Sri Lanka,2005,-0.2423442999999999,-0.356012,-1.1869001,-0.1915531999999999,0.0958266,-0.2359775999999999
Sri Lanka,2006,-0.2264760999999999,-0.2889263999999999,-1.4554966,-0.1809646999999999,0.0668889999999999,-0.3091773
Sri Lanka,2007,-0.1378825,-0.2217118,-1.6920216,-0.1170914,0.0145896999999999,-0.420543
Sri Lanka,2008,-0.2673436999999999,-0.2277659,-1.6597233,-0.186027,-0.1853816999999999,-0.5534271
Sri Lanka,2009,-0.1917813,-0.0956118,-1.1197381,-0.147503,-0.1520232,-0.5220711
Sri Lanka,2010,-0.2614436,-0.185523,-0.7790239999999999,-0.0753803,-0.2305758,-0.6730638999999999
Sri Lanka,2011,-0.2480769,-0.1636119,-0.7674257,0.0210493,-0.2864777,-0.6857175
Sri Lanka,2012,-0.3066483,-0.1739743,-0.9606693,0.0071890999999999,-0.1436392,-0.6157646
Sri Lanka,2013,-0.3103438,-0.1437062,-0.8585581,-0.0763977,-0.3561281,-0.6563987
Sri Lanka,2014,-0.4501459,0.1397088,-0.5535979999999999,-0.0063463,-0.3605151,-0.6947438
Sri Lanka,2015,-0.3413605,0.0898368,-0.0885947,0.0306456999999999,-0.1105131999999999,-0.3869354
Sri Lanka,2016,-0.2510246,-0.0370534999999999,-0.1436337,-0.0445476,-0.1066651,-0.2523055999999999
Sri Lanka,2017,-0.3078327999999999,-0.0698946,-0.1791212999999999,-0.1170039,-0.1116598999999999,-0.2390228999999999
Sri Lanka,2018,-0.2047049,-0.0975670999999999,-0.2597255,-0.1897983,-0.0575940999999999,-0.1864964999999999
Sri Lanka,2019,-0.1639347,-0.0713311,-0.1737980999999999,-0.186002,-0.0781005999999999,-0.1819405
Sri Lanka,2020,-0.2760375,-0.1134357,-0.1154138,-0.1122765,-0.1909487,-0.1576417
Sri Lanka,2021,-0.3367364,-0.2353399,-0.510938,-0.1629445,-0.2315397,-0.2581614
Sri Lanka,2022,-0.3533578,-0.5037830999999999,-0.7621199,-0.456906,-0.3299184,-0.3638182
Sri Lanka,2023,-0.3868314,-0.2845545,-0.670013,-0.3799918,-0.31553,-0.3761779999999999
Sri Lanka,2024,-0.3847708999999999,-0.2745215,-0.3503023999999999,-0.2992134999999999,-0.2577461,-0.1260254999999999
St. Kitts and Nevis,1996,,,,,0.9038562,1.0429193
St. Kitts and Nevis,1998,,,,,0.8818861,1.0408547
St. Kitts and Nevis,2000,,,,,0.8674379,1.0420169
St. Kitts and Nevis,2002,,,,,0.8855968,0.9761772
St. Kitts and Nevis,2003,,,0.9514154,,0.8778703999999999,0.8441993999999999
St. Kitts and Nevis,2004,0.1506398,0.2202896999999999,1.1734496,0.0584403999999999,0.7232592999999999,0.4766650999999999
St. Kitts and Nevis,2005,1.0449279,0.9774621,1.2433007,1.1274352,0.9222272,1.1652614
St. Kitts and Nevis,2006,1.0512639,0.9751875,1.24579,1.1247005,0.920795,1.1741494
St. Kitts and Nevis,2007,1.0467254,0.9786272,0.7853715,1.0012364,0.9236183,1.18826
St. Kitts and Nevis,2008,1.0479318,0.9813102,0.9072236,0.9991248,0.9210085,1.0706622
St. Kitts and Nevis,2009,1.0478893,0.9906783,1.3307327,0.996296,0.917858,1.1247378
St. Kitts and Nevis,2010,1.3318853,1.2694874,1.0581227,1.2863424,0.9578966,1.1771606
St. Kitts and Nevis,2011,1.3295291,1.2681327,0.9304755,1.2874157,0.9662649,1.1196267
St. Kitts and Nevis,2012,1.3246331,1.2684739,0.9299172,1.2756878,0.9630767,1.1019368
St. Kitts and Nevis,2013,1.3250051,1.2688549999999998,0.9282114,1.2739494999999998,1.0227841,1.0641595
St. Kitts and Nevis,2014,-0.0834636,0.4237531,0.6712051,0.1453016,0.1616380999999999,1.0671377
St. Kitts and Nevis,2015,0.4291419999999999,0.7651163,0.663933,0.558492,0.8033891999999999,0.7188112999999999
St. Kitts and Nevis,2016,0.4304457,0.7661041,0.6608668999999999,0.5598126999999999,0.8055131,0.7220511
St. Kitts and Nevis,2017,0.4660327999999999,0.7664249,0.6612426,0.488087,0.8522822,0.7066057
St. Kitts and Nevis,2018,0.4031973,0.7681859,0.6638851,0.4842924999999999,0.7421991,0.4519236
St. Kitts and Nevis,2019,0.324202,0.7699022999999999,0.6646782,0.4780259999999999,0.633226,0.4247828999999999
St. Kitts and Nevis,2020,0.3247511999999999,0.7650002,0.9164728,0.4753738999999999,0.6337014,0.439648
St. Kitts and Nevis,2021,0.352033,0.4237045,0.9147636,0.489946,0.5899268,0.4311381999999999
St. Kitts and Nevis,2022,0.3109783,0.691453,0.9177056,0.5342169999999999,0.571593,0.4283376
St. Kitts and Nevis,2023,0.3519798,0.6926238,0.918184,0.4958574,0.5632841,0.431477
St. Kitts and Nevis,2024,0.3480989,0.6913851999999999,0.9121334,0.4799757,0.5904494,0.4598773
St. Lucia,1996,,,0.9604989,,0.9038562,1.0887595
St. Lucia,1998,,,0.2434229,,0.8818861,1.0866947999999998
St. Lucia,2000,,,0.9579328,,0.8674379,1.0878571
St. Lucia,2002,,,0.2436254,,0.8855968,1.0984173
St. Lucia,2003,,,0.9514154,,0.8778703999999999,1.0192414
St. Lucia,2004,0.2092037,0.1558686,1.0723427,0.1102485999999999,0.6792848,0.6671204
St. Lucia,2005,1.1326284,0.8143568999999999,1.0138788,0.6432433,0.8747752999999999,1.2677431
St. Lucia,2006,1.1373909,0.7522179,0.9245992,0.6417202,0.8738406,1.2793213
St. Lucia,2007,1.1339794,0.8152667,0.5865391,0.6564919,0.8756832,1.2877784
St. Lucia,2008,1.1348862,0.8173615999999999,0.5860328,0.4733172,0.9316258,1.2906889
St. Lucia,2009,1.1348543,0.8850395,0.9341655,0.6105651,0.9301284,1.290872
St. Lucia,2010,1.3516835,1.0666286,0.8287007,0.6675281,0.9489256,1.2882391
St. Lucia,2011,1.350032,1.0656351,0.8234119,0.7189487,0.8850425,1.2382862
St. Lucia,2012,1.1696019,0.8304307,0.8228536999999999,0.570824,0.8356167,1.2097217999999998
St. Lucia,2013,1.1698184,0.8306604,0.8211478,0.5702182,0.8324142,1.1834014
St. Lucia,2014,0.3501512,0.2608582,0.7556725,0.4244606999999999,0.6873869,1.18593
St. Lucia,2015,0.5702666,0.1384193,0.7434286999999999,0.3210997,0.7997065999999999,0.8530795
St. Lucia,2016,0.5712704,0.1993777,0.9130972,0.3217756,0.7954143,0.8427357
St. Lucia,2017,0.5017334,0.1995711,0.8668532999999999,0.2897439,0.7355229,0.7599752
St. Lucia,2018,0.4535507,0.2006326,0.8694957999999999,0.2940590999999999,0.6660385999999999,0.5668733
St. Lucia,2019,0.4745650999999999,0.3009664999999999,0.8702888999999999,0.3463362,0.6668234,0.5828907
St. Lucia,2020,0.37834,0.1183828,0.8698532,0.2845169999999999,0.5946847,0.5022546
St. Lucia,2021,0.3701319999999999,-0.1319064,0.8681439999999999,0.1996243999999999,0.6252576,0.5088919
St. Lucia,2022,0.3713679,0.1826231999999999,1.0438207,0.2002621,0.5318302,0.5054951
St. Lucia,2023,0.3771937999999999,0.3883874,1.044299,0.2145717,0.5120690999999999,0.5338659
St. Lucia,2024,0.4492828,0.2682296,1.0382485,0.1818488,0.5032686,0.611256
St. Vincent and the Grenadines,1996,,,0.9604989,,0.9038562,1.0612553999999998
St. Vincent and the Grenadines,1998,,,0.9624621,,0.8818861,1.0591908
St. Vincent and the Grenadines,2000,,,0.9579328,,0.8674379,1.060353
St. Vincent and the Grenadines,2002,,,0.2436254,,0.8855968,0.939505
St. Vincent and the Grenadines,2003,,,0.5918958,,0.8778703999999999,0.930617
St. Vincent and the Grenadines,2004,0.2092037,0.2202896999999999,0.9346896,0.0513514999999999,0.7232592999999999,0.6657048
St. Vincent and the Grenadines,2005,0.9733442,0.7539939,1.1502148,0.5660953,0.9160204,1.0687231
St. Vincent and the Grenadines,2006,0.9781067,0.7522179,1.1081368,0.4931566,0.9150857,1.1387324
St. Vincent and the Grenadines,2007,0.9746953,0.8152667,0.7700767,0.579344,0.7413339999999999,1.1471895
St. Vincent and the Grenadines,2008,0.9756021,0.8173615999999999,0.7695704,0.4064605,1.0276501,1.1462646
St. Vincent and the Grenadines,2009,0.9755701,0.8246762999999999,0.9800499,0.4713157999999999,1.0261527,1.0651211
St. Vincent and the Grenadines,2010,1.1598426,0.9931941,0.8287007,0.5584226,1.0475019,1.0671827
St. Vincent and the Grenadines,2011,1.1581912,0.9922006,0.8234119,0.5588546,1.0513625,0.9653202
St. Vincent and the Grenadines,2012,1.1547595,0.9924508,0.8687381,0.5541343,1.0498916,0.9636892
St. Vincent and the Grenadines,2013,1.1550203,0.9927303,0.8211478,0.5534346,1.0157714,0.9612869
St. Vincent and the Grenadines,2014,0.6052154,0.2995406,0.7556725,0.4360776999999999,0.7020185999999999,0.9638727
St. Vincent and the Grenadines,2015,0.6766032,0.2974566999999999,0.9161633,0.2175717999999999,0.6227862,0.6076881
St. Vincent and the Grenadines,2016,0.6777103999999999,0.5506037,0.9130972,0.2551022,0.6292069,0.5979297
St. Vincent and the Grenadines,2017,0.7018791,0.5508389,0.7873576,0.1936017,0.6186657999999999,0.5884863
St. Vincent and the Grenadines,2018,0.7531367,0.5521303,0.7900001,0.2393083,0.6131443999999999,0.5176746
St. Vincent and the Grenadines,2019,0.7602069,0.5533891,0.9169085,0.2337241,0.6834679,0.6248617
St. Vincent and the Grenadines,2020,0.7606733,0.2973715,1.0425879,0.1719049,0.6515481,0.6244985
St. Vincent and the Grenadines,2021,0.7401118999999999,0.2995048999999999,1.0408786,0.141278,0.6474473,0.6155269
St. Vincent and the Grenadines,2022,0.7243710999999999,0.5327234,1.0438207,0.0866513999999999,0.6160382,0.5755557
St. Vincent and the Grenadines,2023,0.7112575,0.3287937999999999,1.044299,0.0957701,0.5500992,0.5634281999999999
St. Vincent and the Grenadines,2024,0.7050204,0.2682296,1.0382485,0.1062005999999999,0.5017878,0.5028521
Sudan,1996,-1.3165375,-1.1113727,-2.6204544,-1.5185358999999998,-1.6598369,-2.0723115
Sudan,1998,-1.3178033999999998,-1.1155748,-2.4407525,-1.3434282,-1.6620042,-2.048046
Sudan,2000,-1.1657662,-1.1141214,-2.4804234999999997,-1.5290222999999998,-1.6215986999999998,-1.9748185
Sudan,2002,-1.1833566,-1.3417643,-2.2201424999999997,-1.3743504,-1.3020495,-1.7165813
Sudan,2003,-1.3168528,-1.5482743,-2.2084235999999997,-1.4704393999999998,-1.5683745999999998,-1.7165861
Sudan,2004,-1.3060193999999998,-1.2874759,-1.6820213,-1.1810323,-1.5359713,-1.81342
Sudan,2005,-1.4150092,-1.4477557,-2.1100103,-1.1657875,-1.6379732,-1.802992
Sudan,2006,-1.2022545,-1.1696408,-2.259785,-1.1506794,-1.3730517,-1.6250045
Sudan,2007,-1.3131024999999998,-1.1761874,-2.3622558,-1.2108619,-1.4038579,-1.6192115
Sudan,2008,-1.4268295,-1.3101006,-2.4098968,-1.2923713,-1.4263343,-1.5622557
Sudan,2009,-1.429129,-1.2261288,-2.4393372,-1.2320392,-1.3933906,-1.5665445999999998
Sudan,2010,-1.4777406,-1.3183855,-2.4305404,-1.3279497999999998,-1.383167,-1.6354934
Sudan,2011,-1.4660139,-1.3212982,-2.3438684,-1.3131857,-1.4311591,-1.7363712
Sudan,2012,-1.5721655,-1.3159644,-2.3155934,-1.3993306,-1.4239923,-1.8050086
Sudan,2013,-1.5693861,-1.3113659,-2.2572174,-1.4772031,-1.4727537,-1.8115431
Sudan,2014,-1.5461064,-1.3093428,-2.2236606,-1.431484,-1.4368402,-1.7761608
Sudan,2015,-1.4808042,-1.29343,-2.0365601,-1.4597243,-1.4901668,-1.777265
Sudan,2016,-1.4810828,-1.2725849,-2.1622543999999997,-1.4119321,-1.4810009,-1.8311887
Sudan,2017,-1.480461,-1.2418266999999998,-1.9473364,-1.4265577,-1.3822481,-1.8293207
Sudan,2018,-1.5184609,-1.4919118999999998,-1.7164501,-1.5053915999999998,-1.3679719,-1.8588596
Sudan,2019,-1.471089,-1.4191967,-1.6553321,-1.5295444,-1.4223111,-1.6898561
Sudan,2020,-1.3828975,-1.4293287,-1.3881394,-1.5008577,-1.344873,-1.5628619
Sudan,2021,-1.292527,-1.4426029,-1.7826483,-1.4884613999999998,-1.3405003,-1.4649309
Sudan,2022,-1.4462818,-1.5360265,-1.9257199,-1.5498089,-1.4230148,-1.6342678
Sudan,2023,-1.4513517,-1.7726125,-2.0604154,-1.6040918,-1.6555377999999998,-1.7457756
Sudan,2024,-1.557432,-1.7939362,-2.0243381,-1.6627093,-1.7733122,-1.8835388
Suriname,1996,0.3828912,-0.6328733999999999,0.3461373,-1.0626392,-0.0988458,0.0216089
Suriname,1998,0.3808308999999999,-0.2550739999999999,0.4173262,-0.9100175,-0.1025181,0.0932302
Suriname,2000,0.590627,0.0841831,0.1772732,-0.9441599,-0.1049331,0.4010973
Suriname,2002,0.3269480999999999,0.0843471,0.445148,-0.7832787999999999,-0.14129,0.3478443
Suriname,2003,0.3254934,0.0759535,0.4323712999999999,-0.7832338999999999,-0.1425815,0.3422116
Suriname,2004,0.2578046,-0.0139317,0.1921968,-0.8560529,-0.1413675,0.3440457999999999
Suriname,2005,0.2853308,-0.0194842,0.3688499999999999,-0.6536769,-0.0141555999999999,0.3407079
Suriname,2006,0.139396,-0.2680752999999999,0.0370164,-0.5428746,-0.2073508999999999,0.4509206999999999
Suriname,2007,0.0924045999999999,-0.2772383,0.0767371999999999,-0.4818642999999999,-0.1900989,0.4956352
Suriname,2008,0.1073481,-0.1531152999999999,0.2012169,-0.464786,-0.1688461,0.5678925
Suriname,2009,-0.1101563,-0.0691151,0.2538588,-0.4536055,-0.1328508,0.4580609
Suriname,2010,-0.1624579,-0.0683329,0.1307885,-0.4704013999999999,-0.0810578,0.3738756
Suriname,2011,-0.1481547,-0.1072418,0.079854,-0.4169159,-0.0758264999999999,0.3853071999999999
Suriname,2012,-0.1383846,-0.0014192999999999,0.0654961999999999,-0.3865734999999999,-0.0675487,0.3753234
Suriname,2013,-0.1615538,-0.0111246,0.0569666999999999,-0.3517802,-0.0681876,0.369062
Suriname,2014,-0.3215014,-0.0642884,0.2245947999999999,-0.648578,-0.1298785,0.3487912999999999
Suriname,2015,-0.202065,-0.0652263,0.2981115,-0.6175389,-0.1964371,0.1592597999999999
Suriname,2016,-0.1787366,-0.0344665,0.1759261,-0.6416001,-0.2097569,0.1627668
Suriname,2017,-0.1954151999999999,-0.1271798999999999,0.1667452999999999,-0.6673958,-0.2413876999999999,0.0483853999999999
Suriname,2018,-0.2886333,-0.126515,0.1496981,-0.7248716,-0.2606915999999999,0.1093601999999999
Suriname,2019,-0.281896,-0.1395824,0.1321528,-0.6022128,-0.2485919999999999,0.1343228
Suriname,2020,-0.3026185,-0.1418392,0.4628889,-0.6956302999999999,-0.1850815999999999,0.1599841
Suriname,2021,-0.3115972999999999,-0.2989604999999999,0.3607899,-0.6285837,-0.1971687,0.0873419
Suriname,2022,-0.3089430999999999,-0.3711426,0.2466594,-0.7183594999999999,-0.2196339,0.1083446
Suriname,2023,-0.3292402,-0.3705232,0.3004618,-0.7306638,-0.1875599,0.1081854999999999
Suriname,2024,-0.3768745,-0.4542916999999999,0.4782277,-0.9187439,-0.2085757,0.0554087999999999
Sweden,1996,2.4786918,1.7578832,1.5523114,1.1983605,1.7291339,1.6578642
Sweden,1998,2.4838595,1.7775736999999998,1.5294657,1.1449404,1.6777183999999998,1.6565086
Sweden,2000,2.3793713999999997,1.9550059,1.4774528,1.4580467,1.8856652,1.669505
Sweden,2002,2.3170466999999997,2.0265584,1.3874604,1.7785130999999998,1.9001268,1.7057573
Sweden,2003,2.1571808999999997,1.9819325,1.3494061,1.8290292,1.9192443,1.7167087
Sweden,2004,2.0262663,1.844262,1.1927792,1.7921399999999998,1.8635784,1.6917019
Sweden,2005,2.0329723,1.82866,1.2767716,1.7023499,1.7650146999999998,1.6653555
Sweden,2006,2.1381523,1.8190325,1.2225897,1.6759915,1.8573422,1.7030181
Sweden,2007,2.1579783,1.9768861,1.2872983,1.7696028,1.8995679,1.7485024
Sweden,2008,2.1588003,1.9772535,1.173552,1.7864323,1.9251595,1.7665251
Sweden,2009,2.1435016,2.0610008,1.1691057,1.760236,1.8763708,1.7421707
Sweden,2010,2.1306982,1.9458769,1.0865676,1.7481133,1.8755255,1.7253329
Sweden,2011,2.1230571,1.9837783,1.1573733,2.0657525999999997,1.9089859,1.8800915
Sweden,2012,2.1691496999999997,1.9998087,1.1548415,2.0214291,1.9386912,1.9104843
Sweden,2013,2.0753399999999997,1.9430235,1.0499372,1.9712278,1.9038352,1.825244
Sweden,2014,2.0070816,1.916558,1.0182733,1.7257536,1.880538,1.7547336999999998
Sweden,2015,2.0948719,1.8309837,0.9288589,1.7858201,1.9483702,1.7750119
Sweden,2016,2.1058509,1.8116503,0.9187513,1.8059922,1.9454234,1.7750567
Sweden,2017,2.1093078,1.8765903,0.8668924,1.7455157,1.874601,1.7375825
Sweden,2018,2.1157895,1.9184315,0.928959,1.7593835999999998,1.8388537,1.7414565
Sweden,2019,2.1292112999999997,1.8924006,0.9427192,1.7778064999999998,1.8669616,1.725429
Sweden,2020,2.1337232,1.980777,0.955794,1.715293,1.8204763,1.7982034999999998
Sweden,2021,2.0899139,1.9668155,0.9471541,1.6807618,1.7883137999999998,1.7654717999999998
Sweden,2022,2.0255278999999997,1.9149251,0.9419053,1.6240804,1.7381383,1.7517741999999998
Sweden,2023,1.9804259,1.6930218,0.7788029999999999,1.6722947,1.6947293,1.7304193
Sweden,2024,1.9676051,1.7746948,0.6035115,1.6717940999999998,1.7267013,1.7277943999999998
Switzerland,1996,2.1073252,1.8360871,1.5169838999999998,1.2576178999999998,1.9615909,1.5685327
Switzerland,1998,2.1016385,1.8844129,1.5430366,1.487359,1.9390267,1.5724977999999998
Switzerland,2000,2.0063342,2.0696735,1.5863519,1.8978127,2.0039306999999997,1.5602083999999998
Switzerland,2002,1.9920292,2.0721562,1.4788464,2.0422116,1.905749,1.6158317
Switzerland,2003,1.9749083,2.0303576999999997,1.2468777,1.9033237,1.9018111,1.6308801
Switzerland,2004,1.8671879,1.9871918,1.0757323,1.8725949,1.837629,1.6028935
Switzerland,2005,1.9821243,1.9793939,1.218829,1.7444381,1.8869634,1.6121744
Switzerland,2006,2.1927741,1.8501751,1.1903534999999998,1.7904301,1.7898994,1.6475483
Switzerland,2007,2.1803588,1.8757502,1.2052735,1.9041815,1.8270001,1.647309
Switzerland,2008,2.176294,1.8685125,1.2047806,1.7778554,1.8306438,1.6448935
Switzerland,2009,2.0499015,1.8264497,1.3143325,1.7374651,1.7845982,1.6603945999999998
Switzerland,2010,2.0649103,1.7959169,1.3107684,1.7404159,1.798446,1.6558672
Switzerland,2011,2.0892423,1.8422401,1.3512353,1.7457395,1.8068432,1.6609244
Switzerland,2012,2.1649502,1.9392653,1.3809599,1.8492676,1.8687984,1.6596375
Switzerland,2013,2.1291279,1.8855359,1.3427758,1.7970843,1.7969372,1.6481092
Switzerland,2014,2.2607465,2.0976109,1.422405,1.9141282,1.880784,1.6312582999999998
Switzerland,2015,2.2702247,2.0359711,1.2751929,1.7962762,1.8856813,1.6319543
Switzerland,2016,2.2830399,2.0910112,1.2064894,1.9192622,1.8970374,1.639262
Switzerland,2017,2.3027582,2.0953521,1.1641565,1.9074995,1.8895294,1.6652384
Switzerland,2018,2.2937762,2.1122704999999997,1.2552678,1.8048587,1.9134219,1.6741104999999998
Switzerland,2019,2.3009698999999997,2.0556232,1.2001317,1.767121,1.9141226,1.6494367
Switzerland,2020,2.2868790999999997,1.9595956,1.1126481,1.6431817,1.8077068,1.6390344
Switzerland,2021,2.1059546,2.0800555,1.0255347,1.7598954,1.7893994,1.6782979999999998
Switzerland,2022,2.0949429,2.0265432,1.0254452,1.7620014,1.7793511,1.6844928
Switzerland,2023,2.0972439,2.0409373,0.9907717,1.805449,1.7920906,1.625069
Switzerland,2024,2.0072183999999997,1.8402935,0.9806678,1.7710562,1.7636516,1.6422377
Syrian Arab Republic,1996,-0.7357131,-1.0785486,-0.4257440999999999,-1.0566331,-0.557519,-1.6105583
Syrian Arab Republic,1998,-0.7369789999999999,-1.3532658,-0.3033602999999999,-1.3331741,-0.5591627,-1.6989231
Syrian Arab Republic,2000,-1.0798691,-1.1141214,-0.4015513,-1.330385,-0.5495901,-1.7267111
Syrian Arab Republic,2002,-0.7522829999999999,-1.2580112,0.0696956,-0.942551,-0.7393128999999999,-1.66801
Syrian Arab Republic,2003,-0.9507806,-1.4645212,-0.0276145,-0.9493156,-0.7801104,-1.7255621
Syrian Arab Republic,2004,-0.9659962,-1.2334155,-0.3785497,-1.1142691,-0.7400359,-1.6386643
Syrian Arab Republic,2005,-0.9567733,-1.2776173,-0.4639644,-1.1161833,-0.7803922,-1.4895155
Syrian Arab Republic,2006,-0.9608346,-1.0222956,-0.5325263,-1.3072372,-0.9512464,-1.5577482
Syrian Arab Republic,2007,-1.0765041,-0.9596008,-0.5631634999999999,-1.1238074999999998,-0.9003300999999999,-1.6775784
Syrian Arab Republic,2008,-1.0982609,-0.7743568,-0.5948264,-0.9100977,-0.8032703999999999,-1.6280857
Syrian Arab Republic,2009,-1.0457825,-0.7147460999999999,-0.5265063,-0.8409517,-0.7981003,-1.5917949999999998
Syrian Arab Republic,2010,-1.0905246,-0.6941611,-1.1174939,-0.7452067,-0.7628841,-1.6395091
Syrian Arab Republic,2011,-1.106722,-0.6889793,-2.1337602,-0.8376562999999999,-0.981771,-1.7258778
Syrian Arab Republic,2012,-1.1901653,-0.9278318,-2.4554347,-1.4240012,-1.3261066,-1.9150146
Syrian Arab Republic,2013,-1.2083482,-1.1353579,-2.4659907999999997,-1.5261224,-1.5882155,-2.0066623999999997
Syrian Arab Republic,2014,-1.5306381,-1.0163507,-2.3497182999999997,-1.6369446,-1.6659053,-1.9253541
Syrian Arab Republic,2015,-1.5307718,-1.2458592,-2.4382136,-1.5498440999999998,-1.6477248,-1.9420051
Syrian Arab Republic,2016,-1.5915844,-1.4709651,-2.5955347,-1.6361409,-1.8462401,-1.9798097
Syrian Arab Republic,2017,-1.5920556,-1.4708561,-2.4453795,-1.639231,-1.807304,-1.9863949
Syrian Arab Republic,2018,-1.5912541,-1.4702578,-2.4238579,-1.547928,-1.7768535,-1.986877
Syrian Arab Republic,2019,-1.6558161,-1.5891645,-2.4527063,-1.5966464,-1.8308474,-1.9456788
Syrian Arab Republic,2020,-1.6873687,-1.4732889,-2.3536756999999997,-1.6481019,-1.8514471,-1.909584
Syrian Arab Republic,2021,-1.7907069999999998,-1.5265647,-2.3745236999999997,-1.75501,-1.8887237,-1.8941969
Syrian Arab Republic,2022,-1.7924350999999998,-1.6148920999999998,-2.4382474999999997,-1.8921267,-1.8753611,-1.8967024
Syrian Arab Republic,2023,-1.7817933,-1.6144064,-2.4379022,-1.8919941,-1.8617654,-1.9152968
Syrian Arab Republic,2024,-1.7016270999999998,-1.6726478,-2.3680716,-1.9974752,-1.813556,-1.8472918
São Tomé and Príncipe,1996,0.3420657,-0.7897088,0.8459080999999999,-0.7139190999999999,0.1603563999999999,0.3614554
São Tomé and Príncipe,1998,0.3392902,-0.7988362999999999,0.8462683999999999,-0.6830305999999999,0.1529846,0.4509789999999999
São Tomé and Príncipe,2000,0.2162935,-0.7956793,0.9031055,-0.6746221,0.132105,0.4461428
São Tomé and Príncipe,2002,0.2105486999999999,-0.7954281,0.4524201,-0.3067944999999999,-0.1775315999999999,0.4258946999999999
São Tomé and Príncipe,2003,-0.0821514,-0.8082803,0.1485281,-0.4843085,-0.1676551,0.2727232
São Tomé and Príncipe,2004,-0.322845,-0.8252022,0.3360332,-0.9648983,-0.4611845,0.2281907
São Tomé and Príncipe,2005,-0.4171686,-0.9139256,0.4933405999999999,-0.7909816,-0.4161621,0.187436
São Tomé and Príncipe,2006,-0.4591736999999999,-1.0189826,0.4054543,-0.7372019999999999,-0.4191259,0.2759358
São Tomé and Príncipe,2007,-0.3761365,-0.8843441,0.4716038999999999,-0.7857692,-0.3647061,0.1546886999999999
São Tomé and Príncipe,2008,-0.2913022,-0.7813194,0.3647144,-0.7542422999999999,-0.4049177,0.0966385
São Tomé and Príncipe,2009,-0.24061,-0.7775255999999999,0.4775703,-0.7767238,-0.559762,0.1304204
São Tomé and Príncipe,2010,-0.2249869,-0.816785,0.3709720999999999,-0.7935285999999999,-0.4874684999999999,0.146939
São Tomé and Príncipe,2011,-0.1580215999999999,-0.7454738999999999,0.288448,-0.7089091,-0.4882211999999999,0.2620556
São Tomé and Príncipe,2012,-0.1592074,-0.7847881999999999,0.2880402999999999,-0.7369156,-0.5782942999999999,0.2727971
São Tomé and Príncipe,2013,-0.1937576,-0.8437148,0.393194,-0.8527615,-0.666458,0.1651844999999999
São Tomé and Príncipe,2014,-0.0806894,-0.7347454999999999,0.4791964999999999,-0.7964507,-0.6367132999999999,0.2197117999999999
São Tomé and Príncipe,2015,-0.0797689999999999,-0.6582285999999999,0.3792165999999999,-0.7509954,-0.5832763,0.1862957999999999
São Tomé and Príncipe,2016,-0.1169146,-0.5965439,0.2641855999999999,-0.7306619999999999,-0.5057678999999999,0.1153477
São Tomé and Príncipe,2017,0.0961283999999999,-0.5457335999999999,0.2145007,-0.7689334,-0.4991696,0.1151681
São Tomé and Príncipe,2018,0.1565474,-0.3812300999999999,0.4666013,-0.8284372,-0.4949939,0.1570562999999999
São Tomé and Príncipe,2019,0.1759771,-0.4593399999999999,0.5232443,-0.8537092,-0.4874284,0.1673346
São Tomé and Príncipe,2020,0.0892524,-0.4887190999999999,0.4748720999999999,-0.8307876,-0.3568778999999999,0.1130391999999999
São Tomé and Príncipe,2021,0.1620477,-0.5922232,0.6052679,-0.8221936,-0.3937827,0.137464
São Tomé and Príncipe,2022,0.1448530999999999,-0.6505091,0.4930734,-0.818472,-0.2943814999999999,0.1308055
São Tomé and Príncipe,2023,0.1218553999999999,-0.6767276,0.6193031999999999,-0.8811260999999999,-0.3531339,0.1185495999999999
São Tomé and Príncipe,2024,0.1841643999999999,-0.7186737999999999,0.4890126999999999,-0.8908801,-0.3531666,0.1647037999999999
"Taiwan, China",1996,0.7674276999999999,0.9489256,1.1161069,0.6664188,0.843376,0.7465204
"Taiwan, China",1998,0.6533346999999999,0.8598905,1.0593805,0.96452,0.7420812,0.815477
"Taiwan, China",2000,0.60735,0.9482813,0.7647693999999999,1.0059398,0.8652424,0.8813525
"Taiwan, China",2002,0.8603626,0.9515099,0.9041644,1.0888488,0.8571909,0.9334014
"Taiwan, China",2003,0.8758503999999999,1.0403412,0.8211044,1.0748291,0.8890074,0.9305685
"Taiwan, China",2004,0.9644175,1.1109709,0.6718428,1.3629171999999998,0.997567,0.8351084
"Taiwan, China",2005,1.0169082,1.1757809,0.9363207,1.2855851,1.1036319,0.8836272
"Taiwan, China",2006,0.6504135,1.0725561,0.8039147999999999,1.1830501,0.9505525,0.8606248
"Taiwan, China",2007,0.5776909,1.0687537,0.7080719,1.1847067999999998,0.9641672,0.8449736999999999
"Taiwan, China",2008,0.5924918,1.0994634,0.9421712,1.1898767,0.973956,0.8504739
"Taiwan, China",2009,0.5902197,1.179101,0.8472601,1.0918127,0.9165014,0.8758895999999999
"Taiwan, China",2010,0.8031292999999999,1.2392717,1.0424399,1.1750219,1.000454,0.8909421999999999
"Taiwan, China",2011,0.83576,1.2663737,1.0207087,1.207774,1.0418482,0.9007549
"Taiwan, China",2012,0.7977316999999999,1.3078306,1.0422914,1.2319345,1.0576531999999998,0.8832192
"Taiwan, China",2013,0.7588965,1.2675352,0.9791364,1.1881193,1.0544327,0.9188813
"Taiwan, China",2014,0.9601462,1.3549918,0.936632,1.2541708,1.076423,0.9209317
"Taiwan, China",2015,0.9491229,1.3686773,1.0740405,1.3226419,1.1140009,0.9296856
"Taiwan, China",2016,1.0424792,1.3582826,1.0323174,1.2847006,1.1007042,0.9892904
"Taiwan, China",2017,1.1135089,1.2823288,1.0259424,1.2754467,1.0590433,1.033249
"Taiwan, China",2018,1.1111147,1.4392243999999998,1.0213324,1.2548778,1.133112,0.9879517
"Taiwan, China",2019,1.1520551,1.5089236,1.0164038,1.3021531,1.1921072,1.0226985
"Taiwan, China",2020,1.2220799,1.5585386,1.0701128,1.2702715,1.2880608,1.0704096
"Taiwan, China",2021,1.2312367,1.456217,1.056929,1.3411035999999998,1.2993008,1.0375292
"Taiwan, China",2022,1.1922974,1.4778316,1.0311975,1.2984029,1.2588774,1.0382404
"Taiwan, China",2023,1.191718,1.5218649,1.043399,1.2824286,1.27678,1.0270742
"Taiwan, China",2024,1.1829546,1.4952103,0.9166715,1.2954707,1.2880802,1.0228849
Tajikistan,1996,-1.3567072,-1.3060162,-2.4003509999999997,-1.8424559,-1.8166771,-1.8991851
Tajikistan,1998,-1.2584871,-1.3151438,-2.2865354,-1.7960949,-1.4184687,-1.7665459
Tajikistan,2000,-1.4233314,-1.3119868,-1.8578623,-1.3908882,-1.2999337,-1.5604102
Tajikistan,2002,-1.3167668,-1.4305919,-1.0721136,-1.5069346,-0.8953791999999999,-1.0934516
Tajikistan,2003,-1.3185785,-1.4397076,-1.1484127,-1.3181893999999998,-0.8949556,-1.0466461
Tajikistan,2004,-1.3298111,-1.1951378,-1.1567713,-1.0397763,-0.9231445,-1.0304457
Tajikistan,2005,-1.3079375,-1.2739975,-1.2068587,-0.9734616,-1.0588329,-1.1134363
Tajikistan,2006,-1.0710889,-1.3043531,-1.2222534,-1.0752426,-1.1514856,-1.0729185
Tajikistan,2007,-1.0629799,-1.2267863,-0.6060932,-1.0484344,-1.16434,-1.0021975
Tajikistan,2008,-1.2558509,-1.2325335,-0.7060293,-1.0590911,-1.1782507,-1.0767289
Tajikistan,2009,-1.2681926,-1.2017414,-0.7806278999999999,-1.0754814,-1.2189426,-1.0655163
Tajikistan,2010,-1.3765192,-1.0335009,-0.8701472,-0.9974173,-1.2142579999999998,-1.1665534
Tajikistan,2011,-1.2406842,-1.0684724,-0.9993314,-0.9933583,-1.2276567,-1.0667398
Tajikistan,2012,-1.3105533,-0.9961009,-1.0705181,-0.952059,-1.227744,-1.0595352999999998
Tajikistan,2013,-1.3323463,-1.005023,-1.0538059,-0.9620478,-1.2631732,-1.1764275
Tajikistan,2014,-1.2400034,-0.7049542,-0.6152413,-0.9410914,-1.1408174,-1.2113114
Tajikistan,2015,-1.2043521,-0.7357851,-0.7446022999999999,-0.9220853,-1.0908994,-1.2621458
Tajikistan,2016,-1.1861023,-0.7803612999999999,-0.7460947,-0.9547924,-1.1009345,-1.3522043
Tajikistan,2017,-1.2132801,-0.6988972,-0.6533475,-0.7906938,-1.1642486,-1.3192128
Tajikistan,2018,-1.3482752,-0.6890098,-0.6725190999999999,-0.7695478,-1.100135,-1.3688397
Tajikistan,2019,-1.2721994,-0.7757828999999999,-0.4236664,-0.8008822999999999,-1.2463947,-1.6188156
Tajikistan,2020,-1.083847,-0.7639754999999999,-0.3288928,-0.8081969999999999,-1.2395237,-1.5091031
Tajikistan,2021,-1.0874541,-0.8282832,-0.3984715,-0.8413027,-1.2591682,-1.5308227
Tajikistan,2022,-1.1230133,-0.7979088,-0.4282098,-0.8422923,-1.1993220999999998,-1.5625924999999998
Tajikistan,2023,-1.1236074,-0.7683569,-0.2876253,-0.8421868,-1.2086884,-1.5256279
Tajikistan,2024,-1.2177564,-0.6009336,-0.2756522,-0.7588053,-1.1837339999999998,-1.6425843999999998
Tanzania,1996,-0.5613152,-1.1113727,-0.9780131,-0.6774749,-0.2035512,-0.9717565
Tanzania,1998,-0.7219685,-0.815372,-0.8642019,-0.5023673,-0.2057186,-0.8516311
Tanzania,2000,-0.7256695999999999,-0.8139185999999999,-1.012628,-0.5087875,-0.384225,-0.8546929999999999
Tanzania,2002,-0.7577636999999999,-0.6803632,-0.6175252,-0.7951387,-0.4575934,-0.6656335
Tanzania,2003,-0.7197376,-0.7768611999999999,-1.0209242,-0.7034851,-0.4440572,-0.6418855
Tanzania,2004,-0.6049574999999999,-0.7137614,-0.6706073,-0.5263274,-0.5070091999999999,-0.4704294
Tanzania,2005,-0.6690655999999999,-0.5367346,-0.5750432999999999,-0.4477914,-0.3577649,-0.3132774
Tanzania,2006,-0.2154179,-0.4249642999999999,-0.383899,-0.3995912,-0.420657,-0.0625256
Tanzania,2007,-0.3125541,-0.4095029,-0.3502593,-0.3966297,-0.370776,0.0102162
Tanzania,2008,-0.3475882999999999,-0.5164704,-0.2456073,-0.4547772,-0.3937892,-0.0612763999999999
Tanzania,2009,-0.3744225,-0.4605749999999999,0.0190977,-0.4190298999999999,-0.3642540999999999,-0.0593649999999999
Tanzania,2010,-0.4933732999999999,-0.4529236,-0.05765,-0.4198204,-0.3820022999999999,-0.0955584
Tanzania,2011,-0.5267179,-0.4921374999999999,-0.159101,-0.4341536,-0.382105,-0.0643784999999999
Tanzania,2012,-0.6184419,-0.6013172999999999,-0.1246002,-0.4848855999999999,-0.4354758999999999,-0.1452958
Tanzania,2013,-0.6530961,-0.572305,-0.4223495,-0.4353965999999999,-0.4934870999999999,-0.1810193
Tanzania,2014,-0.6311616,-0.4823648,-0.5068917,-0.4227479999999999,-0.464479,-0.1672837999999999
Tanzania,2015,-0.5825641,-0.3870031,-0.4767834999999999,-0.4349890999999999,-0.4023419,-0.1943605
Tanzania,2016,-0.4354617,-0.3515643,-0.537573,-0.4133538,-0.4380446999999999,-0.2801714999999999
Tanzania,2017,-0.3504596,-0.357548,-0.6838297999999999,-0.5552419,-0.4868001999999999,-0.3177506
Tanzania,2018,-0.3396123,-0.4659659,-0.6641680999999999,-0.6465065999999999,-0.5520727,-0.4280458
Tanzania,2019,-0.2829332,-0.5098718,-0.5522151,-0.6926103,-0.5728339,-0.4837730999999999
Tanzania,2020,-0.2540505,-0.4883765,-0.6629379,-0.7243573,-0.5651902999999999,-0.5969078
Tanzania,2021,-0.351543,-0.4868408999999999,-0.5751002,-0.6753391999999999,-0.5650588,-0.709892
Tanzania,2022,-0.3590925,-0.4272501999999999,-0.4815853,-0.6111276999999999,-0.5495819,-0.685317
Tanzania,2023,-0.346236,-0.4051306999999999,-0.2367117,-0.5906321,-0.4944742,-0.6271363
Tanzania,2024,-0.2941052,-0.2924507,-0.3895961,-0.5353705,-0.5194228,-0.6449938
Thailand,1996,-0.1834153999999999,0.4056813999999999,0.4604454,-0.0575059,0.6088091999999999,0.0582383
Thailand,1998,-0.1171064,0.0924345999999999,0.4948166,-0.1241654,0.5182612,0.1853317
Thailand,2000,-0.1190676,0.2796884,0.5759091,0.3293765999999999,0.6190078999999999,0.2890332
Thailand,2002,-0.5285957,0.1054802,0.2841788,0.0998766,0.362596,0.3493832
Thailand,2003,-0.55629,0.1883012,-0.1650028999999999,0.1680067999999999,-0.0029901,0.1600234999999999
Thailand,2004,-0.4376627999999999,0.1673729,-0.5992561,0.3068536,-0.0437146999999999,0.0322799999999999
Thailand,2005,-0.3525114,0.2466565999999999,-0.8216996,0.3176707,-0.0533122,-0.0764132
Thailand,2006,-0.4581751,0.1709682,-1.0498077,0.2329060999999999,-0.1788782,-0.6296179
Thailand,2007,-0.2413121,0.1510563,-1.0329101,0.1040205,-0.2147514999999999,-0.5186765
Thailand,2008,-0.3005089999999999,0.1042203999999999,-1.1647166,0.1161174,-0.2254443,-0.464092
Thailand,2009,-0.1693309999999999,0.2394144,-1.1126951,0.2582862999999999,-0.2840722,-0.4569898
Thailand,2010,-0.2171947,0.1380751,-1.2331956,0.1736166999999999,-0.2578229999999999,-0.5764726
Thailand,2011,-0.1472188999999999,0.1220647,-1.1386768,0.1832601999999999,-0.127405,-0.4634779
Thailand,2012,-0.3712467,0.1802694,-1.2212913,0.0807324,-0.1154140999999999,-0.3357868
Thailand,2013,-0.2742545,0.1498463,-1.3578088,0.1317820999999999,-0.2233689999999999,-0.4401542
Thailand,2014,-0.4462935999999999,0.1288639,-1.1368246,0.159735,-0.3978899999999999,-0.8697855999999999
Thailand,2015,-0.5473428,0.0674039,-1.156024,0.2068740999999999,-0.3757008,-0.8491582999999999
Thailand,2016,-0.4087194999999999,0.0943555,-1.1263843999999998,0.1702951999999999,-0.3279698,-0.8553807999999999
Thailand,2017,-0.3709316,0.1567657999999999,-0.9846926,0.2103023,-0.3190283,-0.883774
Thailand,2018,-0.3729339,0.1754360999999999,-0.979869,0.1451222,-0.2986525,-0.9331302
Thailand,2019,-0.3854632,0.1402125,-0.5885313999999999,0.0906488,-0.2002532,-0.8092395
Thailand,2020,-0.3820186,0.1171648999999999,-0.7333386,0.0858661,-0.2036855,-0.8740355999999999
Thailand,2021,-0.3893452,0.2086191,-0.6963747,0.1032064999999999,-0.2575207,-0.8289886
Thailand,2022,-0.4039784999999999,0.2274923999999999,-0.5671596,0.1135856,-0.2682159,-0.7947755
Thailand,2023,-0.4393341999999999,0.3053878,-0.4398775,0.1189790999999999,-0.1956309,-0.654
Thailand,2024,-0.5273456,0.2536394999999999,-0.6833311,0.1064119999999999,-0.2155096,-0.5598404
Timor-Leste,1996,,,,,,-1.8076701
Timor-Leste,1998,,,,,,-1.668104
Timor-Leste,2000,,,0.2388935999999999,,-0.1661683,0.0839837
Timor-Leste,2002,-0.0548282,-0.2791206,-0.8262868,-1.3723705,-0.7023381,0.1791438
Timor-Leste,2003,-0.1590887,-0.8082803,-0.5145181999999999,-1.3722884,-0.0206018,0.1859699
Timor-Leste,2004,-0.1635481,-0.482983,-0.5084259999999999,-1.1172319,-0.285248,0.0157587
Timor-Leste,2005,-0.3228730999999999,-1.1596227,-0.8038797,-1.0910017,-0.3713046,-0.0347641999999999
Timor-Leste,2006,-0.4174028999999999,-1.2069448,-1.1527962,-1.379974,-1.1607921,0.0305890999999999
Timor-Leste,2007,-0.4973819,-1.2030344,-1.0834494,-1.4267207,-1.1174716,0.1981364
Timor-Leste,2008,-0.4884552,-1.1614397,-0.7837468999999999,-1.2582401,-0.9655011,0.2474220999999999
Timor-Leste,2009,-0.7398241999999999,-1.1899933,-0.6476333,-1.1156778,-1.0779088,0.077633
Timor-Leste,2010,-0.72329,-1.3207151,-0.5916760999999999,-1.05075,-1.0363374,0.0509535999999999
Timor-Leste,2011,-0.8197424,-1.2698351,-0.5916549,-1.0106925,-1.1152537,0.0665198999999999
Timor-Leste,2012,-0.8076595999999999,-1.2575330999999998,-0.4206058,-1.0402101,-1.1072365,0.0762033
Timor-Leste,2013,-0.7354721,-1.3311928,-0.5293114,-1.0152871,-1.1932422,0.0134842
Timor-Leste,2014,-0.6498965,-0.9889919,-0.3601212,-0.9125756,-1.0513072,0.0359692999999999
Timor-Leste,2015,-0.6466856999999999,-0.989997,-0.4272596999999999,-0.9621484,-1.0527445,0.0471520999999999
Timor-Leste,2016,-0.6402264,-0.9896476,-0.1166,-0.9476691,-1.0522110999999998,0.0296517
Timor-Leste,2017,-0.6807561,-0.9895342,0.0703179999999999,-0.9406859,-1.0513156,0.1179467999999999
Timor-Leste,2018,-0.5893993,-0.9782332,0.2487237,-0.9373986,-0.9247613,0.1950605
Timor-Leste,2019,-0.4385967999999999,-0.7176481,0.2676531,-0.7789421999999999,-0.7800298,0.2983421
Timor-Leste,2020,-0.4242786999999999,-0.7196526,0.2673204999999999,-0.8651416,-0.7488948999999999,0.2887546
Timor-Leste,2021,-0.3019067,-0.7316256999999999,0.2660157999999999,-0.86557,-0.6400916999999999,0.3299056999999999
Timor-Leste,2022,-0.4506594,-0.7602183,0.4239118,-0.8181904,-0.6633903999999999,0.3856814
Timor-Leste,2023,-0.4265439,-0.8550468,0.4358403999999999,-0.8065973999999999,-0.6431026,0.3383263999999999
Timor-Leste,2024,-0.3775174,-0.8985622999999999,0.5260108,-0.7342447,-0.6256762,0.3455435
Togo,1996,-0.7269447,-0.9700687,-0.4065352,-0.8618254999999999,-0.8890874,-1.2119458
Togo,1998,-0.805423,-1.3597903,-0.5853358,-0.9514084,-0.8444754,-1.4781978999999998
Togo,2000,-0.7671465,-1.3577285,-0.4345105999999999,-1.0852192,-0.8349112,-1.4013226
Togo,2002,-0.9011181,-1.6490728,-0.2375383999999999,-1.016575,-1.0546299,-1.5246394
Togo,2003,-0.9025728,-1.6557617999999998,-0.5357911,-1.0165468,-1.1911225,-1.4365333
Togo,2004,-0.9227871,-1.5516729,-0.6772941,-1.2220261,-1.0433959,-1.2361291
Togo,2005,-0.9351421,-1.7107333,-1.8551464,-1.1648758,-1.158022,-1.301957
Togo,2006,-1.0720376,-1.5805805,-0.9351677,-0.9589028,-0.98252,-1.1637743
Togo,2007,-1.0360718,-1.5533698,-0.5609805999999999,-1.0339419,-0.9921904,-1.0195676
Togo,2008,-1.0401869,-1.5008022,-0.3522146,-0.9804423,-0.8623225999999999,-0.9049135
Togo,2009,-1.0333147,-1.4472257,-0.4185216,-0.9125347,-0.8832441,-0.96821
Togo,2010,-0.7861701999999999,-1.3557662,-0.3792993,-0.863848,-0.838355,-0.8905617
Togo,2011,-0.8497363,-1.3539094,-0.3850113,-1.01272,-0.7898362,-0.8351675
Togo,2012,-0.8189183999999999,-1.2258191,-0.6511156,-0.8808248,-0.9141876,-0.9668627
Togo,2013,-0.8443157,-1.2580076999999998,-0.5059279,-1.0187994,-0.9870469,-0.9091344
Togo,2014,-0.7916327999999999,-1.0881788,-0.3001357,-0.82983,-0.9065907,-0.8838123999999999
Togo,2015,-0.6308001,-1.0884773,-0.4111269999999999,-0.8003889,-0.8151079,-0.8029900999999999
Togo,2016,-0.6534352,-0.9579705,-0.280199,-0.7851347,-0.7994144999999999,-0.7529205999999999
Togo,2017,-0.7306167,-0.9832841,-0.8358783999999999,-0.7773372,-0.8070668,-0.7509005
Togo,2018,-0.7549576,-0.940524,-0.8728328,-0.6826901999999999,-0.6948141999999999,-0.7700019
Togo,2019,-0.7066703,-0.8320044999999999,-0.8504632,-0.6211637,-0.7029591,-0.7303841
Togo,2020,-0.6448058999999999,-0.8829001999999999,-0.8075061,-0.4899887,-0.6160719,-0.7341118999999999
Togo,2021,-0.6519768,-0.8770125999999999,-0.6682329,-0.4817275,-0.6328001,-0.8905537
Togo,2022,-0.6309857999999999,-0.9684392,-0.7603953999999999,-0.4208338,-0.6753566999999999,-0.8529812
Togo,2023,-0.5879504,-0.9176855,-0.9186036,-0.4042671,-0.6302782,-0.8614839
Togo,2024,-0.6633762,-0.8014589,-0.8094466,-0.4081134999999999,-0.632861,-0.9717995
Tonga,1996,,,,,0.9038562,0.068054
Tonga,1998,,,,,0.8818861,0.0843255
Tonga,2000,,,,,0.8674379,0.1129917999999999
Tonga,2002,,,,,0.8855968,0.0473199
Tonga,2003,,,0.4720559,,-0.0466185999999999,0.0144941
Tonga,2004,0.0964022,-0.6902872999999999,0.5992818999999999,-0.5339446,-0.0889382,-0.1254417
Tonga,2005,-1.3317641,-0.6443190999999999,0.5996241,-0.8450519,0.6024158,-0.0792108
Tonga,2006,-1.3261436,-0.6464021,0.479755,-0.8467458,0.5594832,-0.0876333
Tonga,2007,-1.0586474,-0.4930368,0.3331131,-0.7076133,0.5029017,-0.1021753
Tonga,2008,-0.6398446,-0.3886998,0.3326067,-0.7872108999999999,0.0537532,0.2247991999999999
Tonga,2009,-0.6196342,-0.2923036,0.4609269,-0.4849553,0.0078023,0.2198418999999999
Tonga,2010,-0.232594,-0.2619455,0.7566170999999999,-0.3384571,0.2153932999999999,0.4041995
Tonga,2011,-0.2220126999999999,-0.3146581,0.9020811,-0.4223996,0.0949646,0.4545890999999999
Tonga,2012,-0.2248143,-0.3144585,0.9015228,-0.4263038999999999,0.0321962,0.3583071
Tonga,2013,-0.2246012999999999,-0.3142357,0.899817,-0.4057956,0.0290351999999999,0.3734262
Tonga,2014,-0.5841786,-0.1203259999999999,0.93921,-0.28746,-0.0562157999999999,0.3998663
Tonga,2015,-0.5938825999999999,-0.1242041,0.9379016,-0.2710013,-0.008633,0.3864664
Tonga,2016,-0.5920892999999999,-0.1236263,0.9346438,-0.2701397,-0.0084009,0.3281441
Tonga,2017,-0.2362920999999999,0.0778836,0.8010402999999999,-0.2692278999999999,0.0785746,0.3229509
Tonga,2018,-0.0849916,0.2057206999999999,0.8562318999999999,-0.2508922,0.1556392999999999,0.6395253
Tonga,2019,-0.4390652,0.2067245999999999,1.0102973,-0.2402021999999999,0.2370136,0.679044
Tonga,2020,-0.2816956,0.0702951,1.1156731,-0.3641377,0.7544797999999999,0.9677672
Tonga,2021,-0.3427691,0.0719966,1.111896,-0.2956770999999999,0.7498562999999999,0.9152911
Tonga,2022,-0.496913,-0.2444921,1.3674794,-0.2814238,0.7917887,0.8562088999999999
Tonga,2023,-0.4947162,-0.1438019999999999,1.2304624,-0.2324410999999999,0.7999012,0.8451468999999999
Tonga,2024,-0.3992192,-0.0372776,1.254781,-0.1944853,0.6942664,0.8207346
Trinidad and Tobago,1996,0.8480589,-0.002761,0.1548882,0.277914,0.7552135,0.7103385
Trinidad and Tobago,1998,0.6491892,0.2635522,0.2562051999999999,0.5354525,0.7097717,0.6739769
Trinidad and Tobago,2000,0.4326562,0.5944225,-0.052021,0.5663805,0.4359822,0.3749781
Trinidad and Tobago,2002,0.2514787,0.4776699,-0.2384917999999999,0.6994174,0.4586587,0.4312978999999999
Trinidad and Tobago,2003,0.1990393999999999,0.4264332999999999,-0.299185,0.7440268,0.2751232,0.5130587
Trinidad and Tobago,2004,0.1625579999999999,0.2994308,-0.0608168,0.6289755,0.1694897,0.4848777999999999
Trinidad and Tobago,2005,0.176292,0.0593739,-0.0605903,0.6578672999999999,0.1941699999999999,0.6273622
Trinidad and Tobago,2006,-0.0010414999999999,0.0759527,-0.1894815,0.5450022,-0.0399353999999999,0.6456967
Trinidad and Tobago,2007,-0.0413561999999999,0.1300036,-0.0722563,0.6166944,0.0428116,0.608901
Trinidad and Tobago,2008,-0.0630559,0.1078319,0.0274032,0.5899607,-0.0296308,0.5893069
Trinidad and Tobago,2009,-0.0252713,0.2485023999999999,0.0338379,0.5289539999999999,-0.0444168,0.6150785999999999
Trinidad and Tobago,2010,-0.1175861,0.24572,0.0412562,0.5390950999999999,-0.0729938,0.6284581
Trinidad and Tobago,2011,-0.0897853,0.2902226,0.1409464,0.5212437999999999,-0.1046704,0.6247640999999999
Trinidad and Tobago,2012,-0.1055709,0.3322106999999999,0.1326033999999999,0.4267824999999999,-0.0707812999999999,0.6136294
Trinidad and Tobago,2013,-0.1579496,0.2928125,0.0741233999999999,0.405446,-0.1457194,0.5845336999999999
Trinidad and Tobago,2014,-0.4187145,0.3320818,0.1740197,0.1342879,0.0193675,0.5721733
Trinidad and Tobago,2015,-0.2917364,0.3121511999999999,0.0718896,0.0459646,0.0080118,0.4703636
Trinidad and Tobago,2016,-0.2563575999999999,0.3139234999999999,0.0441046,0.0143626999999999,-0.0255922,0.4748117
Trinidad and Tobago,2017,-0.259017,0.3282247,0.0748617,0.0118333,-0.0060260999999999,0.4826796
Trinidad and Tobago,2018,-0.2775407,0.3688654999999999,0.1156045999999999,-0.0646447,-0.1219214,0.4436728
Trinidad and Tobago,2019,-0.2006209,0.2861217,0.0986674999999999,-0.1061981999999999,-0.1378676999999999,0.4398827999999999
Trinidad and Tobago,2020,-0.1941792,0.3455075999999999,0.059501,-0.1286426,-0.1617074,0.4631339
Trinidad and Tobago,2021,-0.2305843,0.332159,0.1561926,-0.0548088,-0.1513775,0.4704869
Trinidad and Tobago,2022,-0.2989622,0.1507374,0.3498483,-0.0783239,-0.2477989,0.4449205
Trinidad and Tobago,2023,-0.3161967,0.1511968,0.3397269,-0.1651109999999999,-0.3152034999999999,0.455102
Trinidad and Tobago,2024,-0.339819,0.1112932,0.3600136,-0.2065738999999999,-0.371533,0.4063023
Tunisia,1996,-0.3666101,0.5351329,0.1381462,-0.1467225999999999,-0.2537650999999999,-0.9874442
Tunisia,1998,-0.367876,0.5309307999999999,0.161138,0.1092033999999999,-0.2559324,-1.1269146
Tunisia,2000,-0.3715771,0.5323842,0.2330162999999999,0.1119925,-0.2573577999999999,-1.0718469
Tunisia,2002,-0.0488823,0.4587510999999999,0.0705368,-0.0626854999999999,-0.2485417999999999,-1.1327473
Tunisia,2003,-0.2307968,0.2272092,0.2633531,0.0056435,-0.3720485,-1.1181003
Tunisia,2004,-0.1547903,0.2763063,-0.0348107999999999,-0.0919895,-0.160185,-1.1589049
Tunisia,2005,-0.2831211,0.267202,-0.0900783,-0.1538909,-0.2641906,-1.1830123
Tunisia,2006,-0.0584308999999999,0.5228632,-0.0234038,0.2702596,-0.1243504999999999,-1.1313758
Tunisia,2007,-0.1142204999999999,0.5739597,0.0095281999999999,0.2365949,-0.1480114,-1.1760633
Tunisia,2008,-0.2982598999999999,0.5209222,-0.1120969999999999,0.2710289999999999,-0.1086208999999999,-1.145074
Tunisia,2009,-0.2882811,0.5437486,-0.1205591999999999,0.2524283,-0.1372617,-1.2131109
Tunisia,2010,-0.1941292,0.3519779999999999,-0.255652,0.0242836,-0.2174925999999999,-1.3079675
Tunisia,2011,0.0506999999999999,0.1431788,-0.3780941,-0.2172419,-0.4029909,-0.2588911
Tunisia,2012,0.0016466,0.1317565,-0.6736599999999999,-0.1699356,-0.175204,-0.1419583999999999
Tunisia,2013,-0.0117731,-0.0619573,-0.8919899,-0.2318848999999999,-0.2216627,-0.1185523
Tunisia,2014,0.012509,-0.0117935,-0.6013407,-0.3534173,-0.1522773999999999,0.1393126999999999
Tunisia,2015,-0.0143711,-0.0139338999999999,-0.681206,-0.3763478999999999,-0.1094928,0.1947392
Tunisia,2016,-0.0577612999999999,-0.0573078,-0.8275855,-0.4256004,-0.1019524,0.2143651
Tunisia,2017,-0.0490023999999999,0.0523774,-0.7432926,-0.1203534999999999,-0.0902866,0.1035864
Tunisia,2018,0.0013373999999999,0.1031301999999999,-0.5600278,-0.1170001,-0.0574128,0.0853087
Tunisia,2019,-0.0286669999999999,0.0551904,-0.5613583,-0.143639,-0.0268576999999999,0.1076116999999999
Tunisia,2020,-0.019263,-0.0327607,-0.4326193,-0.1095893,-0.0116452999999999,0.1060573
Tunisia,2021,-0.1415165,-0.0145066999999999,-0.6668946,-0.1994700999999999,-0.0151282999999999,-0.0624493999999999
Tunisia,2022,-0.1992466,-0.1524479,-0.7395623,-0.3336702,-0.2367932999999999,-0.4152501999999999
Tunisia,2023,-0.1923610999999999,-0.1684668,-0.776038,-0.4344534,-0.3148235,-0.5053628
Tunisia,2024,-0.2201545999999999,-0.2393469,-0.9248175,-0.3901173,-0.3644942,-0.6837111
Turkmenistan,1996,-0.9244235,-1.3060162,0.4014232,-2.1559153,-1.5768069999999998,-1.7827906
Turkmenistan,1998,-0.7981018,-1.3151438,0.2620918,-2.1179223,-1.3014198,-1.7938567
Turkmenistan,2000,-0.8321402999999999,-1.3119868,0.1474683,-2.1138268,-1.3300253,-2.017554
Turkmenistan,2002,-0.9945334,-1.7274889999999998,0.0762009,-1.8946704,-1.0062611,-1.8273268
Turkmenistan,2003,-0.9964425,-1.7367336999999998,-0.032937,-1.8192796,-1.0073946,-1.8321131
Turkmenistan,2004,-1.2851035,-1.4875047,-0.2678133,-1.8551528,-1.1886336,-1.640885
Turkmenistan,2005,-1.4850909,-1.7370739,0.0024487999999999,-2.0857075,-1.5506627,-1.7963884
Turkmenistan,2006,-1.4829774999999998,-1.4764131,-0.2928338,-2.0865853999999997,-1.5010556,-1.6575001
Turkmenistan,2007,-1.4844913,-1.4742196,0.1474449,-1.9615678,-1.4446066,-1.7359901
Turkmenistan,2008,-1.4890508,-1.4566604,0.3188316,-1.8806323,-1.4014499,-1.70454
Turkmenistan,2009,-1.4965077,-1.4506865,0.3231146,-1.9109031,-1.4036465,-1.6808194
Turkmenistan,2010,-1.4962647999999998,-1.711664,0.3024548999999999,-1.8094741,-1.4044219,-1.6483742
Turkmenistan,2011,-1.4968733,-1.7123309999999998,0.2327283,-1.8503884,-1.4017015,-1.8089973
Turkmenistan,2012,-1.4981376,-1.3204803,0.232102,-1.7992419,-1.4032708,-1.8089552
Turkmenistan,2013,-1.5017629,-1.3407027,0.2343308999999999,-1.7996447999999998,-1.4190144,-1.7834116
Turkmenistan,2014,-1.4626017,-0.6086526999999999,0.0147681,-1.7372842,-1.4532956,-1.751354
Turkmenistan,2015,-1.4615973,-0.6117733,-0.1263911999999999,-1.7347186,-1.4449123,-1.7648221
Turkmenistan,2016,-1.464505,-0.7981201,-0.2753346,-1.7890027,-1.4741195,-1.7719568
Turkmenistan,2017,-1.4526795,-0.8883327,-0.2289187,-1.788368,-1.480283,-1.7419977999999998
Turkmenistan,2018,-1.4516946,-0.9218369,-0.1316848,-1.7587442999999998,-1.4832624,-1.7481071
Turkmenistan,2019,-1.362369,-0.8217713,-0.2189823,-1.709228,-1.5949263,-2.0289129
Turkmenistan,2020,-1.3595471,-0.9866751,-0.1270103,-1.7106544,-1.5303932999999998,-1.8950527
Turkmenistan,2021,-1.3602109999999998,-0.9853009,-0.2245829999999999,-1.7112281,-1.5825855,-1.8800376
Turkmenistan,2022,-1.360439,-0.4858078999999999,0.2106842,-1.7127572,-1.4336464,-2.0346759
Turkmenistan,2023,-1.350058,-0.4851744999999999,0.2072195,-1.7125943,-1.4327839,-2.068122
Turkmenistan,2024,-1.297223,-1.0591384,0.2455891999999999,-1.6885626,-1.4131747,-2.0430083
Tuvalu,1996,,,,,0.9038562,1.3607439
Tuvalu,1998,,,,,0.8818861,1.3586792
Tuvalu,2000,,,,,0.8674379,1.3598415
Tuvalu,2002,,,,,0.8855968,1.0785533
Tuvalu,2003,,,0.9514154,,0.8778703999999999,0.9465755
Tuvalu,2004,0.6637174,-0.7320091,0.9262076,-0.3330276,0.668221,0.6073311
Tuvalu,2005,-0.0472444,-0.4029738,1.3245166,-0.2447789,1.3654035,0.7148953
Tuvalu,2006,-0.0392937,-0.4057774999999999,1.3279824,-0.5612666,1.2212543,0.6237524999999999
Tuvalu,2007,-0.1040768,-0.4282627,1.3337059,-0.6407714,1.1789439,0.5572851999999999
Tuvalu,2008,-0.102563,-0.4249557,1.333001,-0.9564984,1.1762621,0.5561963999999999
Tuvalu,2009,-0.1026163,-0.3866832,1.5568619,-0.8319746,1.1730246,0.556412
Tuvalu,2010,-0.1017024,-0.3577668,1.5510465,-0.8745005,1.1720684,0.5551600999999999
Tuvalu,2011,-0.1039915,-0.3590559,1.5457577,-0.8735542,1.1801993,0.5574125999999999
Tuvalu,2012,-0.2310738,-0.5803645,1.5451994,-1.0600286,0.8203309999999999,0.4270843
Tuvalu,2013,-0.2308182,-0.5800951,1.5434936,-1.0824456999999998,0.8158546,0.4207626
Tuvalu,2014,-0.0458344,-0.8125506,1.549386,-0.7135284,0.930851,0.5239317
Tuvalu,2015,-0.0431632,-0.9871153,1.3290711,-0.6156739,0.9328446,0.5245866
Tuvalu,2016,-0.0410107,-0.986417,1.3245352,-0.5928768,0.9331732,0.5237708
Tuvalu,2017,-0.0425507,-0.7428393999999999,1.1385207,-0.6975517,0.9323691,0.5230615
Tuvalu,2018,-0.0399314,-0.5690388,1.3290002,-0.5911484,0.8574609999999999,0.8922213
Tuvalu,2019,0.3922740999999999,-0.5678253,1.1436032,-0.5897831,0.8573468,1.142705
Tuvalu,2020,0.2051999,-0.5712910999999999,1.234863,-0.6850119,0.9463084,0.8830669
Tuvalu,2021,0.2034341999999999,-0.4276442,1.2851524,-0.5930428,0.9727856,0.9314732
Tuvalu,2022,0.2445984,-0.4080989,1.4735212,-0.5738951999999999,1.0040365,0.9360094
Tuvalu,2023,0.2425155,-0.5905787,1.4739295,-0.6665338,1.1957133,0.9345048
Tuvalu,2024,0.5787137,-0.6909856,1.4687654,-0.4022096,1.2213564,1.1885856
Türkiye,1996,-0.2888679,0.1434166999999999,-0.9542311,-0.1352065,-0.1278568,-0.3062373
Türkiye,1998,-0.5889955,-0.2913524,-0.9921065,0.1031402999999999,-0.1881788999999999,-0.7565145
Türkiye,2000,-0.3526635999999999,-0.2793402,-0.5271918999999999,0.2149671,-0.0436953999999999,-0.5259877
Türkiye,2002,-0.3621285999999999,-0.0763253,-0.4967605,0.0360877999999999,-0.1245323,-0.2871699
Türkiye,2003,-0.1638257,-0.1220871999999999,-0.6244676,0.0851509,-0.0124827999999999,-0.0679306
Türkiye,2004,-0.1644536,0.0811852,-0.6779818,-0.0314,0.1375742,0.0503854
Türkiye,2005,-0.0714981,0.0498399999999999,-0.3737719,0.1284345,0.16326,0.1100507
Türkiye,2006,0.0500441,0.0791776999999999,-0.3387985,0.2843555,0.1476259999999999,0.0920966999999999
Türkiye,2007,0.074927,0.1916776,-0.5833298,0.3245614,0.1250365,-0.0470796999999999
Türkiye,2008,0.0490014999999999,0.1301583,-0.6045113999999999,0.3175233,0.103572,0.0035253999999999
Türkiye,2009,0.0307792,0.2313188,-0.5522929999999999,0.3810079,0.0681247,0.0543002
Türkiye,2010,0.0487911,0.2639953,-0.5486911,0.3744714999999999,0.0494591,-0.0271714999999999
Türkiye,2011,0.0464783999999999,0.3221463,-0.6966163,0.3816131,-0.0879284999999999,-0.1932915
Türkiye,2012,0.1585192,0.3847741999999999,-0.9196869,0.4714134,-0.1061886,-0.1955663
Türkiye,2013,0.1399698,0.3007251999999999,-1.0321782,0.4789095,-0.1149216,-0.3049498
Türkiye,2014,-0.1089047,0.4793163,-0.7998074,0.368902,-0.3611001,-0.4843587
Türkiye,2015,-0.1063785,0.3331512,-1.1093489,0.2171826,-0.4773732,-0.5858025
Türkiye,2016,-0.0845918,0.2092275999999999,-1.7801696,0.1543102999999999,-0.5458731,-0.719495
Türkiye,2017,-0.0665516,0.2874577,-1.7062318,0.1437150999999999,-0.615377,-0.7843764999999999
Türkiye,2018,-0.2317166,0.0477840999999999,-1.1241116,0.0517730999999999,-0.7089454,-0.9511579
Türkiye,2019,-0.1801871,0.2099076,-1.1924541,-0.0157501,-0.5970473,-0.9058771
Türkiye,2020,-0.3242268,0.070917,-1.0396051,-0.1651388,-0.7099447999999999,-0.9536477
Türkiye,2021,-0.3992138,0.0250833,-0.9721057,-0.1231337999999999,-0.7753443999999999,-1.0031695
Türkiye,2022,-0.4324578,-0.0247938999999999,-0.9350336,-0.2291466999999999,-0.7798318,-1.0955858
Türkiye,2023,-0.4374572,-0.1140849999999999,-0.884477,-0.2108777,-0.7992334999999999,-1.0826785
Türkiye,2024,-0.5632153,-0.0707153,-0.9707105,-0.2112376,-0.8434149,-1.09467
Uganda,1996,-0.6802866,-0.81117,-1.6894061,-0.2385263,-0.3990359,-1.0283586999999998
Uganda,1998,-1.097174,-0.5448568,-1.5517647,0.0190123,-0.574301,-1.1486857
Uganda,2000,-1.1308156,-0.5434034,-1.6226250999999998,-0.3111471,-0.7520219,-1.2357637
Uganda,2002,-1.1472765,-0.4743997,-1.6418571,-0.2308824,-0.7549178999999999,-1.1428658
Uganda,2003,-1.0880722,-0.6535392999999999,-1.6969824999999998,-0.2482603,-0.7076237999999999,-0.8841800999999999
Uganda,2004,-0.8321843999999999,-0.5475574,-1.1567434,-0.1779055,-0.7109534,-0.7821075
Uganda,2005,-0.8971513,-0.610698,-1.306617,-0.1906927,-0.5342542,-0.6387746
Uganda,2006,-0.6436841999999999,-0.5128808,-0.9914777,-0.3562052,-0.2661431999999999,-0.4100709999999999
Uganda,2007,-0.7161406,-0.4501490999999999,-0.7286214999999999,-0.3227141,-0.3058733999999999,-0.4662971999999999
Uganda,2008,-0.7072999999999999,-0.5348748999999999,-0.6599792,-0.2909392,-0.2591785,-0.513529
Uganda,2009,-0.7593312,-0.485208,-0.6855047,-0.3237885,-0.3324573999999999,-0.5232458
Uganda,2010,-0.7605074,-0.4480976,-0.7511675,-0.2891386999999999,-0.3498236999999999,-0.5708198999999999
Uganda,2011,-0.7939237,-0.4773969999999999,-0.8769625,-0.3369277,-0.4625994,-0.6316759
Uganda,2012,-0.8567334,-0.5124134,-0.8604164999999999,-0.4242557999999999,-0.4996961,-0.6295199
Uganda,2013,-0.9342784,-0.4771163,-0.8925868,-0.4386375999999999,-0.5574549,-0.687385
Uganda,2014,-0.9884745,-0.3073649,-0.9764218,-0.4078453999999999,-0.5832969,-0.6566105999999999
Uganda,2015,-1.0129557,-0.3049149,-0.7914315,-0.3835765,-0.610189,-0.6660292
Uganda,2016,-0.9946961,-0.378526,-0.8144743,-0.3940038999999999,-0.6395096,-0.8428062
Uganda,2017,-1.0168329,-0.3645280999999999,-0.6855171,-0.3744284,-0.6572323,-0.8194545
Uganda,2018,-1.0296281,-0.4963721,-0.7395762,-0.4010959,-0.6935840999999999,-0.8565545999999999
Uganda,2019,-1.1024791,-0.5169667,-0.7746479,-0.4755833,-0.728266,-0.8769482
Uganda,2020,-0.9361422,-0.5765401,-0.8428144999999999,-0.4951406,-0.6902214999999999,-0.8633436
Uganda,2021,-0.9322359,-0.5687509,-0.9440307,-0.4789234,-0.7277087,-0.9574486
Uganda,2022,-0.9890036,-0.5149724,-1.0920608,-0.4763192,-0.7290247999999999,-0.9718922
Uganda,2023,-0.9966903,-0.4315787,-1.0298391,-0.5002080999999999,-0.7527929999999999,-0.9287886
Uganda,2024,-1.1161673,-0.3501362,-1.0222248,-0.5242817,-0.7385242999999999,-1.0129302
Ukraine,1996,-1.0248734,-1.1664349,-0.2121592,-0.7274754,-0.906503,-0.5180412999999999
Ukraine,1998,-1.219501,-1.1883009,-0.275414,-0.9726888,-1.0835454,-0.4728970999999999
Ukraine,2000,-1.2104628,-1.0286022,-0.4992464,-0.9020265,-1.1005422,-0.7593483
Ukraine,2002,-1.3131065,-1.0173133,-0.2407178999999999,-0.8356555,-0.8702072,-0.6836884999999999
Ukraine,2003,-1.3389776,-0.9148617,-0.3714753,-0.7460564,-0.8302183,-0.7233855
Ukraine,2004,-1.1123487,-0.7853926,-0.5577038,-0.4457248,-0.7663342999999999,-0.6836514
Ukraine,2005,-0.9260936,-0.8795063999999999,-0.3902796,-0.4233194999999999,-0.7815361,-0.2256755
Ukraine,2006,-0.9111879,-0.8759032999999999,-0.1849010999999999,-0.3384871,-0.7056486,0.0925574
Ukraine,2007,-0.954175,-0.7953471999999999,0.0450845999999999,-0.3296088,-0.6541274,0.1177616
Ukraine,2008,-0.9761621,-0.825253,-0.033573,-0.5991555,-0.6449052,0.1216802999999999
Ukraine,2009,-1.0904026,-0.8187084,-0.2283028,-0.6679509,-0.7076867,0.133882
Ukraine,2010,-1.1211122,-0.8109626,-0.0505126,-0.5820073,-0.8087033,-0.0569311999999999
Ukraine,2011,-1.1275052,-0.8250636,-0.1696208,-0.7940784,-0.7663803,-0.2705415
Ukraine,2012,-1.2152257,-0.6959141999999999,-0.2458009,-0.6915182999999999,-0.6740033,-0.2682283
Ukraine,2013,-1.209471,-0.7401477999999999,-0.9612412,-0.6663049,-0.720552,-0.3473772
Ukraine,2014,-1.0708377,-0.5207145,-1.9928368,-0.6229401999999999,-0.7255486999999999,-0.1882038
Ukraine,2015,-1.0636259,-0.5539736,-1.8064426,-0.6169589,-0.6999354999999999,-0.1573009
Ukraine,2016,-1.0150766,-0.5158451,-1.6309394,-0.522695,-0.6452955,-0.1297301
Ukraine,2017,-0.9532072,-0.4837223,-1.590004,-0.3684466999999999,-0.5761461,-0.1305496
Ukraine,2018,-0.9896988,-0.3631938999999999,-1.4461552,-0.3505756,-0.5163067,-0.0332900999999999
Ukraine,2019,-0.782195,-0.3729408999999999,-1.0320239,-0.2900464,-0.5855728,0.0813478
Ukraine,2020,-0.8309525999999999,-0.3827228,-0.9599236,-0.3496325999999999,-0.5670134,0.1275231
Ukraine,2021,-0.8040912,-0.4048590999999999,-0.9905631,-0.3585413,-0.5685603,0.0995611999999999
Ukraine,2022,-0.6837717999999999,-0.6371971,-1.0507565,-0.4122791999999999,-0.7423061999999999,-0.019284
Ukraine,2023,-0.7242773,-0.5803376,-0.545978,-0.3782819,-0.7454054,-0.0900654999999999
Ukraine,2024,-0.6723809,-0.5988431,-0.432315,-0.3008523999999999,-0.7201989999999999,-0.1110085
United Arab Emirates,1996,0.2413912999999999,0.4726211999999999,1.0535654,0.4733741999999999,0.6268910999999999,-0.8480306
United Arab Emirates,1998,0.2401255,0.7389342999999999,0.971102,0.48362,0.5335215,-0.8440648
United Arab Emirates,2000,0.2364243999999999,0.7403877,0.9921535,0.5704525,0.5320962,-0.8437477
United Arab Emirates,2002,0.7708579999999999,0.8507317999999999,1.0774647,1.1822947,0.5176634999999999,-0.8678207
United Arab Emirates,2003,0.8866525,0.8458791,0.9511885,1.1073628,0.5160344,-0.8681135999999999
United Arab Emirates,2004,0.7749326999999999,0.5800974999999999,0.5785838999999999,0.6760347999999999,0.1643897,-0.9696978
United Arab Emirates,2005,0.7573962,0.6201962,0.7985671999999999,0.5730067999999999,0.0848625,-0.8882070999999999
United Arab Emirates,2006,0.7816632,0.87732,0.9097486,0.7108515999999999,0.0492929,-0.651509
United Arab Emirates,2007,0.7779631,0.9034445,1.0198691,0.7403079,0.0361401,-0.616451
United Arab Emirates,2008,0.9123012,0.8286182999999999,0.7281536,0.8400373,0.0890333,-0.5499529
United Arab Emirates,2009,0.8451487999999999,0.8843205,1.0855231,0.8210812,0.1273933,-0.5201403
United Arab Emirates,2010,0.9100894,0.8322560999999999,0.8134966,0.7402639999999999,0.0791468,-0.5841706999999999
United Arab Emirates,2011,1.1319379,0.9928203,0.8143482,0.8903941999999999,0.4251627,-0.4408451
United Arab Emirates,2012,1.0894762999999998,1.1560960999999998,0.8029803,0.8455589,0.3671791,-0.5642037999999999
United Arab Emirates,2013,1.1513193,1.1923106,0.7738837,0.9903687,0.4141499999999999,-0.6460311999999999
United Arab Emirates,2014,0.9856797,1.4160016,0.8984846999999999,1.0740463999999998,0.3502594,-0.6378608
United Arab Emirates,2015,0.9199437,1.4040254,0.8382508999999999,1.1787876,0.3509974999999999,-0.6721912
United Arab Emirates,2016,1.1064348,1.4113666,0.6925969,1.0781755,0.4205050999999999,-0.651368
United Arab Emirates,2017,1.0762151,1.3782191,0.7192871,1.1113817,0.3834886999999999,-0.6844466
United Arab Emirates,2018,1.0948106,1.4114572,0.8336610999999999,1.079234,0.3893195,-0.8308639999999999
United Arab Emirates,2019,1.0878297,1.3982082999999998,0.8295526,1.1457173,0.4262682,-0.8093064
United Arab Emirates,2020,1.0614313,1.0036502,0.826942,1.0663205999999998,0.3974987,-0.814912
United Arab Emirates,2021,1.0349829,1.0744083,0.8395809999999999,1.0613347,0.3385039999999999,-0.8358884999999999
United Arab Emirates,2022,1.0223468,1.133184,0.883216,1.0576162,0.4099029999999999,-0.8265908
United Arab Emirates,2023,0.9918577,1.3100836,0.7829522999999999,1.105352,0.4492886,-0.9077037
United Arab Emirates,2024,1.1702182,1.2599659,0.7886704,1.1257177,0.4968448,-0.8537486999999999
United Kingdom,1996,2.0506202,1.6594734999999998,1.0516906,1.73324,1.6546899,1.3341585
United Kingdom,1998,2.0973941,1.6595597,1.0883512,1.8835992,1.7086388,1.308068
United Kingdom,2000,2.0302113,1.7413326,1.097531,1.9218926,1.7176608,1.3877258
United Kingdom,2002,1.9357319,1.7830545,0.548758,1.920474,1.6490953,1.4669329
United Kingdom,2003,1.9558108,1.6613601999999998,0.4196092999999999,1.8697018,1.6258036,1.4666017
United Kingdom,2004,1.8359316,1.5846989,0.3484335,1.9029927,1.5646582999999998,1.4384235
United Kingdom,2005,1.9020685,1.8367501,0.3958598,1.8447986,1.5576382,1.4461899
United Kingdom,2006,1.7309827999999998,1.7080687,0.6600600999999999,2.0036658,1.6182155,1.4565017999999998
United Kingdom,2007,1.6278157,1.6664793,0.6958934999999999,1.892217,1.5830601,1.4133656
United Kingdom,2008,1.573173,1.7054858,0.6464797999999999,1.7274858,1.4724907,1.3927903
United Kingdom,2009,1.3683606,1.4845712,0.4928366999999999,1.5391758,1.4804986999999998,1.4046596999999998
United Kingdom,2010,1.3760491,1.4807207999999998,0.5937485,1.5460857,1.6337557,1.372089
United Kingdom,2011,1.4486390999999998,1.4681563,0.4317992,1.5667449,1.4431892,1.4256415
United Kingdom,2012,1.4826832,1.5077865,0.4684142,1.6452124,1.4985203,1.4159606
United Kingdom,2013,1.504608,1.4464475,0.4599947,1.7276964,1.5089561,1.4097356
United Kingdom,2014,1.5201669,1.6582915,0.5436244,1.7334142,1.5934577,1.3804751
United Kingdom,2015,1.6542704,1.6362652,0.5371119999999999,1.8137278,1.6608813999999998,1.4627829
United Kingdom,2016,1.7599161,1.6528387999999998,0.4498582,1.6810284999999998,1.6131954,1.4683039999999998
United Kingdom,2017,1.8161165,1.5660676999999998,0.4406624999999999,1.6694232999999998,1.6084241,1.4237022
United Kingdom,2018,1.8043714,1.5248207,0.2825929,1.6748823,1.4854975,1.3755468
United Kingdom,2019,1.7674284999999998,1.3966716,0.5681497,1.7134916999999998,1.4384751999999998,1.3077601
United Kingdom,2020,1.7210257999999998,1.3728014,0.5102213,1.6013639,1.3554927,1.3173309
United Kingdom,2021,1.6641761,1.3289695,0.4363657999999999,1.600758,1.3061844,1.2930083
United Kingdom,2022,1.6352771,1.2932604,0.3676912,1.6491931,1.2994580999999998,1.3180973
United Kingdom,2023,1.4745753,1.1378943,0.3683426999999999,1.5889865,1.2703547,1.2519673999999998
United Kingdom,2024,1.5097547999999998,1.1849098999999998,0.2577085,1.5112377,1.269914,1.3006116
United States,1996,1.6795863,1.7415488,0.9479663,1.3576762999999998,1.5355907,1.3668945
United States,1998,1.6107755,1.7051915,0.9462781,1.5702074,1.596933,1.3792841999999998
United States,2000,1.566107,1.8902073,1.0044581,1.8346476,1.6861165,1.2795216
United States,2002,1.8239201,1.9329717,0.3794999,1.7368901,1.652525,1.4030872
United States,2003,1.5264422,1.6606417999999998,0.2636677,1.6802583999999998,1.5943195,1.3318887
United States,2004,1.6149113,1.631481,0.0797789,1.6757421,1.5033531,1.2442672
United States,2005,1.4877645,1.6184562999999998,0.1993465999999999,1.7387256999999998,1.576979,1.3300483
United States,2006,1.2941505,1.5496392,0.4194245,1.673324,1.5810589,1.2858301
United States,2007,1.2346553999999998,1.5470008,0.4595604,1.5170645,1.560144,1.292219
United States,2008,1.3233739,1.5125018,0.629976,1.5266593,1.5814023,1.3259506
United States,2009,1.1486487,1.426754,0.6411914,1.3091241999999998,1.4840388,1.3010715
United States,2010,1.1573890999999998,1.4295364,0.6163510999999999,1.3517357,1.5091907999999998,1.2938276
United States,2011,1.2705574,1.4578633,0.6245434,1.3974735,1.3632725,1.2317531
United States,2012,1.263101,1.5288502,0.6207484,1.4422743,1.3842726,1.2638759
United States,2013,1.180704,1.5525204,0.5795227,1.3908667,1.3016083,1.1662268
United States,2014,1.2391968,1.6003318,0.6681229,1.2856554999999998,1.3412574,1.2001675
United States,2015,1.2367604,1.5727519,0.6658794,1.2919442,1.3770167,1.2887597
United States,2016,1.2420312999999998,1.5920786,0.3279151999999999,1.4076516,1.3971578,1.2417637
United States,2017,1.3058193,1.5989168,0.1101293999999999,1.5090249999999998,1.3200336,1.1236482
United States,2018,1.2504255,1.6426557,0.2904961,1.484217,1.1721068,1.0530998
United States,2019,1.1719722,1.5492277,0.0546375,1.3675576,1.1235175,1.0249835
United States,2020,1.124297,1.4026997,-0.146807,1.2778639,1.0043814,0.9561038
United States,2021,1.1247591,1.4427774,-0.1263999999999999,1.4642419,1.0279752,0.8877303999999999
United States,2022,1.2023562,1.4713231999999998,-0.1626087,1.4588295,1.0518325,0.922751
United States,2023,1.1951066,1.3585237,-0.1931363999999999,1.4306863,0.9606912,0.8636176
United States,2024,1.0868913999999998,1.3599787,-0.0951125,1.3524886,0.9617896,0.8869557
Uruguay,1996,0.9918722,0.7382326,0.6380987,0.3941203,0.5417948,0.8076281
Uruguay,1998,0.9906064,0.4660373,0.8256736,0.7197775,0.5253211,0.8631764
Uruguay,2000,0.9103337,0.4115084,0.8244769,0.6882126,0.5142871,0.9213237
Uruguay,2002,1.0087146,0.5051998999999999,0.7788706,0.5083321,0.7154663,1.0075657999999998
Uruguay,2003,0.9941983,0.4907808999999999,0.6814346,0.2544708,0.670586,0.9820943
Uruguay,2004,0.7994106999999999,0.2761452,0.5115505,0.2591788,0.590963,0.9177831
Uruguay,2005,0.9349505,0.5531436,0.8238091,0.3255793999999999,0.6761607,0.9946959
Uruguay,2006,1.0023353,0.5439623,1.0267236,0.3849319,0.7584546,1.1101743
Uruguay,2007,1.0493699,0.5605234,1.0641961,0.3975364999999999,0.8025188,1.1244649
Uruguay,2008,1.1793592,0.629273,1.056881,0.4574726,0.8239641999999999,1.1383059
Uruguay,2009,1.196035,0.6581431999999999,1.0283689,0.3817668999999999,0.83241,1.1880175
Uruguay,2010,1.3461634,0.6600282,0.8893764,0.5530161,0.8721150999999999,1.2316568
Uruguay,2011,1.3457663,0.5985767,0.9289706,0.5344837,0.8008807,1.2041703
Uruguay,2012,1.3317592,0.4912679,0.8849499,0.673071,0.715336,1.1088877
Uruguay,2013,1.3468082,0.4841046,0.9211706,0.7567231999999999,0.7012586,1.1539198
Uruguay,2014,1.288067,0.6667986,1.1017263,0.7213547,0.8017721,1.150545
Uruguay,2015,1.2570517,0.6355429,1.0884414,0.6538176,0.8604208,1.2096941
Uruguay,2016,1.3854381999999998,0.5902569,1.1217056,0.7356691999999999,0.925682,1.2405464
Uruguay,2017,1.3464781,0.4897994,1.1129983,0.697186,0.8738129,1.2330619
Uruguay,2018,1.3627449,0.5413347,1.1130252,0.5998986,0.8658484999999999,1.2339937
Uruguay,2019,1.3889224999999998,0.6879853,1.1553614,0.6290701,0.880371,1.2429696
Uruguay,2020,1.5144744,0.7691696,1.1512208,0.6994509,0.8853538999999999,1.2549779
Uruguay,2021,1.6220519,0.8270962,1.1500797,0.7331802,0.9518641,1.2359324
Uruguay,2022,1.6139339,0.8993588,1.3035622,0.7251419,0.9765591,1.201455
Uruguay,2023,1.5493831,0.8539850999999999,1.181072,0.737625,0.9573597,1.2182526
Uruguay,2024,1.5279256,0.6904798999999999,1.2779376,0.6468484,0.9505638,1.2278086
Uzbekistan,1996,-1.2362291,-1.1224394,-0.6058852,-1.8243401,-1.3274610999999998,-1.6654422999999998
Uzbekistan,1998,-1.1608581,-1.1336066,-0.8840420999999999,-2.0351444,-1.19914,-1.8167757
Uzbekistan,2000,-1.2907622,-1.1563903,-1.2021976,-2.1315988999999997,-1.2010434,-1.8848805
Uzbekistan,2002,-1.0900414,-1.6080262,-0.9717514,-1.7245787,-1.2075551,-1.637322
Uzbekistan,2003,-1.1057682,-1.6142928,-1.3398114,-1.6968231,-1.1640736,-1.6668581
Uzbekistan,2004,-1.2435529,-1.3575754,-1.2856128,-1.6385296,-1.0754307,-1.5860919
Uzbekistan,2005,-1.4380121,-1.3893207,-1.8095801,-1.6128066,-1.3862948,-1.7419899
Uzbekistan,2006,-1.2178175,-1.3757921,-1.5779657,-1.5906725,-1.3984929,-1.6782818
Uzbekistan,2007,-1.2191216,-1.1645575,-1.1281489999999998,-1.4473985,-1.1632483,-1.6765853
Uzbekistan,2008,-1.221967,-1.0113214,-0.9950438,-1.4130371,-1.131023,-1.7076882
Uzbekistan,2009,-1.3731472,-0.9400214,-0.8629327999999999,-1.4821917,-1.2201693999999998,-1.6604597
Uzbekistan,2010,-1.3718693,-1.1490114,-0.650179,-1.5049808,-1.3247371,-1.6546771999999998
Uzbekistan,2011,-1.4422773,-1.1231157,-0.6116039999999999,-1.5808158,-1.3631468999999998,-1.6342207
Uzbekistan,2012,-1.3688011,-1.1456714,-0.5612427999999999,-1.4475479,-1.2021157999999998,-1.6817234
Uzbekistan,2013,-1.2602046,-1.1087144,-0.5624156,-1.4471998,-1.1417832,-1.5768097
Uzbekistan,2014,-1.2360262,-0.6758124,-0.2604881,-1.4667954,-1.0845673999999998,-1.5349076
Uzbekistan,2015,-1.2590618999999998,-0.6172445999999999,-0.3053458,-1.4349451,-1.0656479,-1.5932902
Uzbekistan,2016,-1.2283125,-0.5969381,-0.2080446,-1.4002382,-1.0431822,-1.5770056
Uzbekistan,2017,-1.2448456,-0.5185929,-0.2138791,-1.2927183,-0.9963473,-1.4691322999999998
Uzbekistan,2018,-1.2111454,-0.5399603,-0.2119487,-1.1476921,-0.8956067999999999,-1.2977614
Uzbekistan,2019,-1.1224344,-0.5008385,-0.2167593,-0.9215511,-0.9439475,-1.4249571
Uzbekistan,2020,-0.8356941999999999,-0.6566879999999999,-0.3614058,-1.0224974,-0.9125699,-1.2394383
Uzbekistan,2021,-0.7419446,-0.3035457,-0.221247,-0.6939061,-0.7001664999999999,-1.0392373
Uzbekistan,2022,-0.6991299999999999,-0.3830537,-0.2325524,-0.6482517999999999,-0.6719908,-1.0425553
Uzbekistan,2023,-0.7017458999999999,-0.2985743999999999,-0.2504784,-0.6716791,-0.6742999,-1.0006156
Uzbekistan,2024,-0.7543162999999999,-0.1435922,-0.0267335,-0.5267442999999999,-0.6562072,-1.0401976
Vanuatu,1996,0.165904,,0.9154308,,0.3686461,0.3962329
Vanuatu,1998,0.1601555999999999,,0.9060494,,0.3543536,0.3960828999999999
Vanuatu,2000,0.1433489,,0.9027244,,0.9429198,0.4225758
Vanuatu,2002,0.1314508999999999,,0.9101063,,0.954733,0.5287459
Vanuatu,2003,0.1273921999999999,,0.6379237,,0.9497066,0.4935922
Vanuatu,2004,-0.0880899,-0.314791,0.4063828,-0.1464623,0.5360746,0.278269
Vanuatu,2005,0.311482,0.2782634,1.2631573,-0.3642103,0.4879462,0.2013351
Vanuatu,2006,0.3154434,0.2761804,1.2662279,-0.4588083,0.4606056,0.2068259999999999
Vanuatu,2007,0.4118688,-0.0658407,1.1581012,-0.4640193999999999,0.4416735,0.2720843
Vanuatu,2008,0.4125895,0.0272666,1.0843736,-0.6286493,0.4048785,0.3961037
Vanuatu,2009,0.4125641,-0.0038645,1.3114121,-0.580719,0.4215608999999999,0.3962151
Vanuatu,2010,0.4030639,0.1082685999999999,1.34809,-0.611611,0.3657362999999999,0.3414690999999999
Vanuatu,2011,0.4019909,0.1073108,1.3432489,-0.5318767,0.3689678999999999,0.3094445999999999
Vanuatu,2012,0.4102543999999999,0.087697,1.4555456,-0.5548316,0.3759683,0.4216871
Vanuatu,2013,0.4393991,0.0879664,1.4539841,-0.3918952,0.3729515,0.4232604
Vanuatu,2014,0.4750183999999999,-0.48966,1.1753946,-0.2618719,0.4504539999999999,0.3552713999999999
Vanuatu,2015,-0.0938241,-0.7359427,0.6849314999999999,-0.2892261,0.390377,0.3453973999999999
Vanuatu,2016,-0.1179481999999999,-0.7353649999999999,0.6867152,-0.3461078999999999,0.4182131,0.3885373
Vanuatu,2017,-0.0663812,-0.7351774,0.8525003999999999,-0.3451962,0.4723015,0.4095903999999999
Vanuatu,2018,-0.1863588,-0.4375039,1.021257,-0.447011,0.3348434999999999,0.580569
Vanuatu,2019,-0.1851487,-0.6963905,1.0281545,-0.3671642,0.3754776999999999,0.5766690999999999
Vanuatu,2020,-0.0267151,-0.757826,0.9435444,-0.4219429999999999,0.5488282999999999,0.7070652
Vanuatu,2021,-0.0360087,-0.8022922,0.9586235,-0.4321259,0.6224841,0.7174918
Vanuatu,2022,-0.1357759999999999,-0.8025483999999999,0.9784231,-0.4178727,0.4948511,0.4867778
Vanuatu,2023,-0.1852979,-0.8432371,0.9649424,-0.4100147999999999,0.4196731999999999,0.4996160999999999
Vanuatu,2024,-0.1506043,-0.8168523,0.960216,-0.3247514999999999,0.4215614,0.4864055
"Venezuela, RB",1996,-0.7791338,-0.7295317,-0.5542176999999999,-0.6861939,-0.7866599,-0.1611068
"Venezuela, RB",1998,-0.8017367,-0.921342,-0.5012683,-0.7605649,-0.7601157,-0.1254727
"Venezuela, RB",2000,-0.6589923,-1.0116408,-0.7443814,-0.6514355,-0.8792011999999999,-0.3009656
"Venezuela, RB",2002,-1.0638596,-1.3457593,-1.3442093,-0.7253855,-1.2652081,-0.6723018
"Venezuela, RB",2003,-1.072741,-1.1702922,-1.2032513,-1.1397629,-1.3475777,-0.5955782
"Venezuela, RB",2004,-0.9992689,-1.1337191,-1.2731843,-1.1051905,-1.2472630999999998,-0.6812809999999999
"Venezuela, RB",2005,-1.0800689,-0.9904699,-1.1780576,-1.102026,-1.2796105,-0.6518202
"Venezuela, RB",2006,-1.086031,-0.9983667,-1.2628817,-1.2117558,-1.4481394,-0.7183531999999999
"Venezuela, RB",2007,-1.2819329,-0.9001330999999999,-1.2199871,-1.4169013,-1.6452384999999998,-0.7962579999999999
"Venezuela, RB",2008,-1.3074351,-0.9298126,-1.2866765,-1.4656249,-1.7408213,-0.86136
"Venezuela, RB",2009,-1.26445,-0.8357298999999999,-1.2678968,-1.4445751,-1.7151679,-0.8954291999999999
"Venezuela, RB",2010,-1.2608652,-1.0472523,-1.3612278,-1.5468556999999998,-1.7596634999999998,-0.8893276
"Venezuela, RB",2011,-1.1254851,-1.0964067,-1.2600190999999998,-1.3475102,-1.7894853,-0.9963473
"Venezuela, RB",2012,-1.2642649,-0.9258987,-1.2182009,-1.4702376,-1.8320627,-1.026747
"Venezuela, RB",2013,-1.3024871999999998,-0.9532104,-1.3240347,-1.5140943,-1.9898326,-1.2049828
"Venezuela, RB",2014,-1.4287488,-1.0075778,-1.1741498,-1.7057535,-2.090584,-1.251376
"Venezuela, RB",2015,-1.4246938,-1.0199503,-1.1927697,-1.699118,-2.3022492,-1.3294104
"Venezuela, RB",2016,-1.4158486,-1.0747796,-1.2150045,-1.7645909,-2.2785297,-1.3494951
"Venezuela, RB",2017,-1.4525617,-1.1922781999999998,-1.3800646,-1.8304438,-2.2148942,-1.4766975999999998
"Venezuela, RB",2018,-1.5949164999999998,-1.5959536,-1.4649999,-2.1462308,-2.3064689,-1.6549242
"Venezuela, RB",2019,-1.5948486,-1.5974655999999998,-1.5120562,-2.1726804,-2.3309796,-1.6869045
"Venezuela, RB",2020,-1.5783233,-1.562144,-1.4257071,-2.1686654,-2.3520631,-1.6883576
"Venezuela, RB",2021,-1.5843708,-1.5198422,-1.2895082,-2.0857455,-2.3086878,-1.7943114999999998
"Venezuela, RB",2022,-1.603038,-1.5015522,-1.1268117,-1.924741,-2.2378914,-1.7782262
"Venezuela, RB",2023,-1.5592697,-1.4324209,-1.1035948,-1.88792,-2.2007889,-1.7578417
"Venezuela, RB",2024,-1.5871400999999998,-1.4662497,-1.7404242,-1.9030732,-2.2042740999999997,-1.8174487
Viet Nam,1996,-0.6981691,-0.5650656,0.4426812,-0.811365,-0.6793928,-1.1744364
Viet Nam,1998,-0.7910718999999999,-0.4542163999999999,0.2626312,-0.7799921,-0.5864448999999999,-1.3747009
Viet Nam,2000,-0.7574343,-0.6960312,0.2924713,-0.6739274,-0.6148348,-1.2763399
Viet Nam,2002,-0.8009421999999999,-0.7143552999999999,0.385333,-0.834225,-0.8494064,-1.4942054
Viet Nam,2003,-0.6741923,-0.6782287,0.1353139,-0.7384175,-0.8325906,-1.4248827
Viet Nam,2004,-0.8049470999999999,-0.6498714999999999,-0.0062905,-0.5742238,-0.7403814,-1.3415136
Viet Nam,2005,-0.7912064999999999,-0.4528703,0.3438984,-0.5216355,-0.5650883,-1.2709354
Viet Nam,2006,-0.5812801,-0.4177643,0.3001579,-0.4928586,-0.5716664,-1.2156144
Viet Nam,2007,-0.4258129,-0.4295851,0.1530737999999999,-0.4322833,-0.5454405999999999,-1.2005715
Viet Nam,2008,-0.3559755,-0.3687546,0.0487952,-0.4332135,-0.5598863,-1.2173914
Viet Nam,2009,-0.3164173999999999,-0.3193011,0.1922119,-0.493849,-0.6059304999999999,-1.2169231
Viet Nam,2010,-0.4115989,-0.3572817,0.1198679,-0.5429733999999999,-0.6396959999999999,-1.2627777
Viet Nam,2011,-0.3588097999999999,-0.3408008999999999,0.125534,-0.4919809,-0.5275764,-1.1632924999999998
Viet Nam,2012,-0.4625662,-0.3349164,0.1055642,-0.6336769999999999,-0.5760225999999999,-1.2561585
Viet Nam,2013,-0.4169478,-0.3212996999999999,0.1154208999999999,-0.6002685999999999,-0.6167336,-1.2124165
Viet Nam,2014,-0.3619413999999999,0.0813257999999999,-0.0126942,-0.4870771,-0.4910245,-1.1673414
Viet Nam,2015,-0.3774131,0.0996825,0.0681785999999999,-0.3289673999999999,-0.372697,-1.006907
Viet Nam,2016,-0.3566884999999999,0.0543506,0.1824971,-0.3117465,-0.2605867,-1.0215639
Viet Nam,2017,-0.4238211,0.070354,0.1500178999999999,-0.2736109,-0.309361,-1.1220053
Viet Nam,2018,-0.3951053,0.018463,-0.0542592999999999,-0.2920712,-0.2854719,-1.0842098
Viet Nam,2019,-0.3621433,0.0409358,0.0916744999999999,-0.2780442999999999,-0.2953357,-1.0411752
Viet Nam,2020,-0.3131812,0.0679668,0.1302346,-0.2358530999999999,-0.3016754,-1.0910721
Viet Nam,2021,-0.310677,0.0482402,0.1345844,-0.3447202,-0.3106415999999999,-1.0661124
Viet Nam,2022,-0.2459866,-0.1033176,0.1227944,-0.3472024999999999,-0.3368491,-1.0863991
Viet Nam,2023,-0.3083958,-0.1794045,0.0907515,-0.2794316,-0.3401988999999999,-1.1049188
Viet Nam,2024,-0.2516989,-0.0922968,0.0056736,-0.2668063,-0.3139343,-1.0983092
Virgin Islands (U.S.),2004,0.5502545,0.6448107,0.4974274999999999,0.7576630999999999,0.8337987,0.4612352999999999
Virgin Islands (U.S.),2005,0.8590846999999999,1.2500658999999998,0.4602394999999999,1.2902266999999998,1.0437479,1.0540705
Virgin Islands (U.S.),2006,0.8672683,1.2471197,0.6434598,0.9312473,1.0411164,0.8421516
Virgin Islands (U.S.),2007,0.8614064,1.2515751,0.6483749,0.9378417,0.7911827,0.8390546999999999
Virgin Islands (U.S.),2008,0.8629646,1.2550503,0.6477695,0.9349171,0.7863873,0.8365229
Virgin Islands (U.S.),2009,0.8629097,1.2671846,0.6548975,0.9309992,0.7805983999999999,0.8370242
Virgin Islands (U.S.),2010,0.8638503,1.2694874,0.6479444,0.9311505,0.7788885999999999,0.8341135
Virgin Islands (U.S.),2011,0.8614942,1.2681327,0.8218651,0.9322238,0.7934275,0.8393508
Virgin Islands (U.S.),2012,0.8565980999999999,1.2684739,0.8211976,0.9204959,0.7878883999999999,0.8349848999999999
Virgin Islands (U.S.),2013,0.8569702,1.2688549999999998,0.8191579999999999,0.9187576,0.7755074,0.8285549
Virgin Islands (U.S.),2014,0.5405831,1.4563681,1.2267455,0.6188909,-0.0402989,0.8354763
Virgin Islands (U.S.),2015,0.5444724,1.4535264,1.2251811,0.6299601,0.8723133,0.8372301999999999
Virgin Islands (U.S.),2016,0.5476065,1.4545142,0.8121773,0.8693432999999999,0.6464479,0.8350453999999999
Virgin Islands (U.S.),2017,0.5453642,0.7664249,0.8126545,0.8720819,0.6442236,0.8331459999999999
Virgin Islands (U.S.),2018,0.5491779999999999,0.7681859,0.8160116,0.8732078999999999,1.0999657,
Virgin Islands (U.S.),2019,0.5544325,0.7699022999999999,0.977236,1.1130552,1.099685,
Virgin Islands (U.S.),2020,-0.0682938999999999,0.4207953,0.9766825,1.1078572,0.8753325,
Virgin Islands (U.S.),2021,-0.0708649,0.4237045,0.5654024,1.1057664,0.8667503999999999,
Virgin Islands (U.S.),2022,-0.0717478,0.3748592,0.9782486,1.1001942,0.580531,
Virgin Islands (U.S.),2023,-0.0747806,0.37603,0.9788563,1.100788,0.5794817,
Virgin Islands (U.S.),2024,-0.0718587,0.3747914,0.9711697,1.1021324,0.5793123,
West Bank and Gaza,1996,-0.3498209,-1.3060162,-1.7769035,-1.2467070999999998,-0.2712559,-0.8088055
West Bank and Gaza,1998,-0.3525964,-1.3151438,-1.7762854,-1.2158186,-0.2770745,-0.8066428999999999
West Bank and Gaza,2000,-0.3607112999999999,-1.3119868,-1.890909,-1.2074101,-0.3139494,-0.8224644999999999
West Bank and Gaza,2002,-0.3664561,-1.3117356,-1.8894191,-1.0171786,-0.506804,-0.7740846
West Bank and Gaza,2003,-0.3684157999999999,-1.3245877,-1.4078541999999998,-1.1946922,-0.3007948,-0.7183765999999999
West Bank and Gaza,2004,0.023597,-0.4663709,-1.2175,-0.5491338,-0.4111852,-0.6031225
West Bank and Gaza,2005,-0.2615283,-0.9673051,-1.4705309,-0.6192369,-0.7187378,-0.4889172
West Bank and Gaza,2006,-0.3012835,-0.8674602,-1.6581857,-0.6219716,-0.7776635,-0.2329323999999999
West Bank and Gaza,2007,-0.2175811,-0.7853422999999999,-1.7258722,-0.8736607,-1.0285457999999998,-0.4570987999999999
West Bank and Gaza,2008,-0.453152,-0.8470599999999999,-1.8396941,-0.747547,-0.9940609,-0.5362859999999999
West Bank and Gaza,2009,-0.0190615,-0.389052,-1.7595267,-0.1580724,-0.6702161,-0.7542671
West Bank and Gaza,2010,-0.0181378,-0.1372251,-1.7694196999999998,0.0225555,-0.5365615,-0.69879
West Bank and Gaza,2011,-0.4653574,-0.4514793,-1.8788223,-0.0709781999999999,-0.734252,-0.8821454
West Bank and Gaza,2012,-0.4289721999999999,-0.4729661,-1.9475989,-0.3584232,-0.7355210999999999,-0.8068358
West Bank and Gaza,2013,-0.3344603,-0.4666827999999999,-1.8005748,-0.3592190999999999,-0.7696506999999999,-0.8841024
West Bank and Gaza,2014,-0.4330927,-0.2718704,-1.673337,-0.1441563,-0.7588315,-0.7997219999999999
West Bank and Gaza,2015,-0.4552156,-0.2500245,-1.7310474,-0.1390882,-0.8691901999999999,-0.8640125999999999
West Bank and Gaza,2016,-0.2822615,-0.3087974,-1.6936289999999998,-0.1522958999999999,-0.7975253999999999,-0.8871726999999999
West Bank and Gaza,2017,-0.3074945,-0.1394848,-1.3682541,-0.0426241,-0.8102739,-0.9093434
West Bank and Gaza,2018,-0.3037652999999999,-0.4655951,-1.4649194,-0.1505264999999999,-0.8780785999999999,-0.8250548
West Bank and Gaza,2019,-0.3181336999999999,-0.4472111,-1.523121,-0.1491287,-0.8515925999999999,-0.8673772999999999
West Bank and Gaza,2020,-0.5368921,-0.4497852,-1.7401966,-0.1515086,-0.8841821999999999,-0.8400719
West Bank and Gaza,2021,-0.5922462,-0.6289954,-1.6333144,-0.1524659,-0.8929068,-0.9995573
West Bank and Gaza,2022,-0.5708588,-0.7155811,-1.5318512,-0.1550172,-0.8475185,-1.0420817
West Bank and Gaza,2023,-0.5990356,-1.0419917,-1.619148,-0.3605976999999999,-0.8857153999999999,-1.1578125
West Bank and Gaza,2024,-0.5708422,-1.0985907,-1.8763518,-0.4676244,-0.9893971,-1.3459759
"Yemen, Rep.",1996,-0.6961358999999999,-0.8408576,-1.8686985,-0.6631627999999999,-1.1998794,-0.9228208
"Yemen, Rep.",1998,-0.8950056,-1.1155748,-1.6829439,-0.6418294999999999,-1.3495399,-1.0644375
"Yemen, Rep.",2000,-0.9082332,-1.1141214,-1.6559503,-0.8039022,-1.4554456999999998,-1.0896011
"Yemen, Rep.",2002,-1.0702408,-1.2300935,-1.7068902,-1.1761534,-1.4833827,-1.2576163
"Yemen, Rep.",2003,-1.1136511999999998,-1.2351090999999998,-1.65484,-1.2195338999999998,-1.3457781,-1.0130758
"Yemen, Rep.",2004,-1.1650891,-1.2062033,-1.6316202,-0.8346829,-1.209029,-1.002657
"Yemen, Rep.",2005,-1.076701,-1.0249781,-1.5396415,-0.7156292,-1.2214232,-0.9835631
"Yemen, Rep.",2006,-0.8073545999999999,-0.8222087,-1.3547567,-0.5518717,-0.9639333,-0.9697879
"Yemen, Rep.",2007,-0.8370202,-0.8121396,-1.6075967,-0.5323671999999999,-0.9587278,-0.9547187
"Yemen, Rep.",2008,-0.7667813,-0.8114389,-2.1003894,-0.4953484999999999,-1.0157336,-1.1296161999999998
"Yemen, Rep.",2009,-0.9427824,-1.0025363,-2.0874785,-0.4588199,-1.0874827,-1.1578632
"Yemen, Rep.",2010,-1.0527598,-1.0335936,-2.4140045999999997,-0.4133849,-1.1088712,-1.2898269
"Yemen, Rep.",2011,-1.1246744,-1.1690203,-2.4714962,-0.698998,-1.3069999,-1.3235491
"Yemen, Rep.",2012,-1.2532021,-1.1932888,-2.3677555999999997,-0.8370000999999999,-1.3492223,-1.2540065
"Yemen, Rep.",2013,-1.2149396,-1.1173743,-2.4198006999999997,-0.8665183,-1.3187001,-1.2067843
"Yemen, Rep.",2014,-1.501667,-1.4175217,-2.5224762999999997,-0.9495107,-1.3926145,-1.2026847
"Yemen, Rep.",2015,-1.4855019,-1.5567828,-2.5251460999999997,-1.1367041,-1.5231762,-1.39806
"Yemen, Rep.",2016,-1.6101168,-1.647243,-2.6405037,-1.3065688,-1.5674962,-1.6857535
"Yemen, Rep.",2017,-1.5909747,-1.7355866,-2.7305026,-1.2894532,-1.6596129,-1.6996718
"Yemen, Rep.",2018,-1.7530313,-1.9357427,-2.7242925,-1.4878274,-1.6852587,-1.7530252
"Yemen, Rep.",2019,-1.7416979,-1.9649799,-2.6172209,-1.5549794,-1.6661221,-1.7135156
"Yemen, Rep.",2020,-1.5997173999999998,-2.0039308,-2.6563589999999997,-1.6085384,-1.8223293,-1.6790319
"Yemen, Rep.",2021,-1.5920705,-1.9786346,-2.6676713,-1.6070255,-1.8471399,-1.72651
"Yemen, Rep.",2022,-1.6662798,-1.7992929999999998,-2.6124577,-1.5789729,-1.9100257,-1.7097586
"Yemen, Rep.",2023,-1.6020865,-1.8878464,-2.6264387,-1.5404918,-1.9069106,-1.6474592
"Yemen, Rep.",2024,-1.6358785999999998,-1.8727982,-2.7505641,-1.5841279,-1.9015896,-1.6971817
Zambia,1996,-0.8256045999999999,-1.3490638,-0.1186795,-0.6272072,-0.4599043,-0.6581791
Zambia,1998,-0.8234682,-1.3532658,0.0332176,-0.3553563999999999,-0.4620717,-0.7308047
Zambia,2000,-0.9273562,-1.3518124,0.0286968999999999,-0.4366105999999999,-0.416429,-0.7084391
Zambia,2002,-0.8018168,-1.0635366,-0.3705858999999999,-0.8378325,-0.3450802,-0.4898445999999999
Zambia,2003,-0.8093897999999999,-1.2111566,-0.1153273,-0.8198232,-0.4106307999999999,-0.469278
Zambia,2004,-0.6055574,-1.0241145,-0.1571999,-0.7052006,-0.4700626,-0.4143132
Zambia,2005,-0.6039344999999999,-0.9222126,-0.0427972,-0.6028530999999999,-0.3854022,-0.2671045999999999
Zambia,2006,-0.392071,-0.9621106,0.2636446,-0.6561883,-0.4591177999999999,-0.1297308
Zambia,2007,-0.3472209,-0.8891344999999999,0.2841868999999999,-0.5029355999999999,-0.4112994,-0.1302971
Zambia,2008,-0.3459068999999999,-0.8077746,0.2479510999999999,-0.434088,-0.33141,-0.0959493999999999
Zambia,2009,-0.3090289,-0.7010666999999999,0.3834136999999999,-0.4296641,-0.3426566,-0.1238199
Zambia,2010,-0.369043,-0.7193465,0.3740582,-0.507259,-0.3793404999999999,-0.130017
Zambia,2011,-0.2736369999999999,-0.5109032,0.3931832999999999,-0.4914638999999999,-0.3239675999999999,-0.0852077
Zambia,2012,-0.2693225999999999,-0.5002823,0.4568964,-0.5087396,-0.4889225,-0.2007846999999999
Zambia,2013,-0.305174,-0.5312298999999999,0.3124934,-0.5262063,-0.4100551,-0.1595829
Zambia,2014,-0.3904034999999999,-0.4462427,-0.0580544,-0.4418594999999999,-0.4213975,-0.1726245
Zambia,2015,-0.3951758999999999,-0.529713,0.0822748,-0.3822742,-0.3560318,-0.1935444999999999
Zambia,2016,-0.4238309999999999,-0.5286172,-0.2072561,-0.4540807,-0.4033579,-0.3155544999999999
Zambia,2017,-0.4640611999999999,-0.4632758999999999,-0.2111019999999999,-0.4527959,-0.4504641,-0.3690594
Zambia,2018,-0.6165275,-0.5019925,-0.2916638,-0.4373501999999999,-0.4817744,-0.4726786
Zambia,2019,-0.6455711,-0.6197185,-0.3690652,-0.5087837,-0.5911550999999999,-0.482359
Zambia,2020,-0.6050749,-0.7343493,-0.3679359,-0.6127925,-0.6567755,-0.4695453
Zambia,2021,-0.6928953,-0.7266708,-0.1582771999999999,-0.5122202,-0.6026535,-0.5563406
Zambia,2022,-0.4180775,-0.5899419,0.0456325999999999,-0.45732,-0.6313823,-0.3860043999999999
Zambia,2023,-0.39812,-0.5628206,-0.0111463999999999,-0.4654920999999999,-0.6089819,-0.3736237
Zambia,2024,-0.4568294,-0.5330555,-0.1007849,-0.4206611999999999,-0.5611771,-0.4075688999999999
Zimbabwe,1996,-0.3966139999999999,-0.0112993,-0.6022424,-1.4160259,-0.6513025,-0.9056709
Zimbabwe,1998,-0.6806342999999999,-0.2953075,-0.8364041,-1.2681702,-0.9281334,-1.1211458
Zimbabwe,2000,-1.2771243,-0.7777132999999999,-1.3514121,-1.9391755,-1.5596949999999998,-1.4677657
Zimbabwe,2002,-1.3673206999999998,-0.8515796999999999,-1.6078263,-2.0822282,-1.8803319,-1.6191885
Zimbabwe,2003,-1.4178284,-0.9477376,-1.4557018,-2.2770629,-1.8192363,-1.4727454
Zimbabwe,2004,-1.4067889999999998,-0.9672447,-1.5430146,-1.8029221,-1.7402590999999998,-1.6412099999999998
Zimbabwe,2005,-1.498948,-1.2871277,-1.551972,-1.9804131,-1.8711473,-1.6781298999999998
Zimbabwe,2006,-1.3723553,-1.4271357,-1.3010141,-1.9029327,-1.8936098,-1.5728046
Zimbabwe,2007,-1.402998,-1.3401672,-1.4174911,-1.9323331,-1.8830102,-1.6147653
Zimbabwe,2008,-1.5353415,-1.5872219,-1.6376435,-1.973331,-1.8928218,-1.6548902
Zimbabwe,2009,-1.5461452,-1.5538378,-1.5633737,-1.8659844,-1.8548257,-1.5972762
Zimbabwe,2010,-1.4687145,-1.4654938,-1.4606594,-1.766916,-1.7974643,-1.5138998
Zimbabwe,2011,-1.4551794,-1.3735719,-1.2521569,-1.7195857,-1.7843494999999998,-1.4703559
Zimbabwe,2012,-1.3288997,-1.3576116,-1.2758713,-1.6789486,-1.6450049999999998,-1.5400292
Zimbabwe,2013,-1.3977252,-1.2974962,-1.0050314,-1.6869983,-1.6961368,-1.4436829999999998
Zimbabwe,2014,-1.4973623,-1.2009532,-0.9765519,-1.7076045,-1.6496871,-1.4046383
Zimbabwe,2015,-1.3029239,-0.9412802,-0.8565187999999999,-1.4073894,-1.4077801,-1.3281193999999998
Zimbabwe,2016,-1.3004061,-0.9135411,-0.9112005,-1.4728001,-1.4315883,-1.3946976
Zimbabwe,2017,-1.2922875,-0.9584327,-0.8348774,-1.3925184,-1.380811,-1.3803793
Zimbabwe,2018,-1.3111277,-1.0473123,-0.824492,-1.3672585,-1.2942012,-1.2034485
Zimbabwe,2019,-1.2833802,-1.1049584,-0.984582,-1.3000713,-1.2815856,-1.2476642
Zimbabwe,2020,-1.1729479,-1.1252829,-1.0459616,-1.3302143,-1.2423385999999998,-1.1693628
Zimbabwe,2021,-1.1867823,-1.0994958,-1.0184197,-1.3253501,-1.263628,-1.176409
Zimbabwe,2022,-1.1984753,-1.0997627,-0.8261001,-1.3307719,-1.3005258,-1.192092
Zimbabwe,2023,-1.1914608,-0.9884796,-0.998214,-1.2277201,-1.2681513,-1.2023997
Zimbabwe,2024,-1.2516542,-0.9876299,-1.0172382,-1.1780738,-1.2109412,-1.2595646
